Time Box WAE YPH GZS RDG DRE CHI DIA GRN CAL ROT PB BB DL DR DC
0.000000e+00 0 0.000000e+00 0.000000e+00 0.000000e+00 0.000000e+00 0.000000e+00 0.000000e+00 0.000000e+00 0.000000e+00 0.000000e+00 0.000000e+00 0.000000e+00 0.000000e+00 0.000000e+00 0.000000e+00 0.000000e+00
0.000000e+00 1 1.940377e+02 2.280520e+02 6.049566e+02 3.428326e+00 0.000000e+00 0.000000e+00 4.860000e+03 3.900000e+03 3.489797e+04 3.350371e+03 3.420000e+01 0.000000e+00 0.000000e+00 0.000000e+00 3.420000e+01
0.000000e+00 2 1.940377e+02 2.280520e+02 6.049566e+02 3.428326e+00 0.000000e+00 0.000000e+00 4.860000e+03 3.900000e+03 3.489797e+04 3.350371e+03 3.420000e+01 0.000000e+00 0.000000e+00 0.000000e+00 3.420000e+01
0.000000e+00 3 1.940377e+02 2.280520e+02 6.049566e+02 3.428326e+00 0.000000e+00 0.000000e+00 4.860000e+03 3.900000e+03 3.489797e+04 3.350371e+03 3.420000e+01 0.000000e+00 0.000000e+00 0.000000e+00 3.420000e+01
0.000000e+00 4 1.940377e+02 2.280520e+02 6.049566e+02 3.428326e+00 0.000000e+00 0.000000e+00 4.860000e+03 3.900000e+03 3.489797e+04 3.350371e+03 3.420000e+01 0.000000e+00 0.000000e+00 0.000000e+00 3.420000e+01
0.000000e+00 5 1.940377e+02 2.280520e+02 6.049566e+02 3.428326e+00 0.000000e+00 0.000000e+00 4.860000e+03 3.900000e+03 3.489797e+04 3.350371e+03 3.420000e+01 0.000000e+00 0.000000e+00 0.000000e+00 3.420000e+01
0.000000e+00 6 1.940377e+02 2.280520e+02 6.049566e+02 3.428326e+00 0.000000e+00 0.000000e+00 4.860000e+03 3.900000e+03 3.489797e+04 3.350371e+03 3.420000e+01 0.000000e+00 0.000000e+00 0.000000e+00 3.420000e+01
0.000000e+00 7 1.940377e+02 2.280520e+02 6.049566e+02 3.428326e+00 0.000000e+00 0.000000e+00 4.860000e+03 3.900000e+03 3.489797e+04 3.350371e+03 3.420000e+01 0.000000e+00 0.000000e+00 0.000000e+00 3.420000e+01
0.000000e+00 8 1.940377e+02 2.280520e+02 6.049566e+02 3.428326e+00 0.000000e+00 0.000000e+00 4.860000e+03 3.900000e+03 3.489797e+04 3.350371e+03 3.420000e+01 0.000000e+00 0.000000e+00 0.000000e+00 3.420000e+01
0.000000e+00 9 1.940377e+02 2.280520e+02 6.049566e+02 3.428326e+00 0.000000e+00 0.000000e+00 4.860000e+03 3.900000e+03 3.489797e+04 3.350371e+03 3.420000e+01 0.000000e+00 0.000000e+00 0.000000e+00 3.420000e+01
0.000000e+00 10 1.940377e+02 2.280520e+02 6.049566e+02 3.428326e+00 0.000000e+00 0.000000e+00 4.860000e+03 3.900000e+03 3.489797e+04 3.350371e+03 3.420000e+01 0.000000e+00 0.000000e+00 0.000000e+00 3.420000e+01
5.000000e+00 0 0.000000e+00 0.000000e+00 0.000000e+00 0.000000e+00 0.000000e+00 0.000000e+00 0.000000e+00 0.000000e+00 0.000000e+00 0.000000e+00 0.000000e+00 0.000000e+00 0.000000e+00 0.000000e+00 0.000000e+00
5.000000e+00 1 1.958002e+02 2.302546e+02 6.137740e+02 3.519121e+00 0.000000e+00 0.000000e+00 4.541948e+00 3.686512e+00 4.191190e+04 4.070064e+03 1.488362e+00 0.000000e+00 0.000000e+00 0.000000e+00 8.122774e-09
5.000000e+00 2 1.958002e+02 2.302546e+02 6.137740e+02 3.519121e+00 0.000000e+00 0.000000e+00 4.541948e+00 3.686512e+00 4.191190e+04 4.070064e+03 1.488362e+00 0.000000e+00 0.000000e+00 0.000000e+00 8.122774e-09
5.000000e+00 3 1.958002e+02 2.302546e+02 6.137740e+02 3.519121e+00 0.000000e+00 0.000000e+00 4.541948e+00 3.686512e+00 4.191190e+04 4.070064e+03 1.488362e+00 0.000000e+00 0.000000e+00 0.000000e+00 8.122774e-09
5.000000e+00 4 1.958002e+02 2.302546e+02 6.137740e+02 3.519121e+00 0.000000e+00 0.000000e+00 4.541948e+00 3.686512e+00 4.191190e+04 4.070064e+03 1.488362e+00 0.000000e+00 0.000000e+00 0.000000e+00 8.122774e-09
5.000000e+00 5 1.958002e+02 2.302546e+02 6.137740e+02 3.519121e+00 0.000000e+00 0.000000e+00 4.541948e+00 3.686512e+00 4.191190e+04 4.070064e+03 1.488362e+00 0.000000e+00 0.000000e+00 0.000000e+00 8.122774e-09
5.000000e+00 6 1.958002e+02 2.302546e+02 6.137740e+02 3.519121e+00 0.000000e+00 0.000000e+00 4.541948e+00 3.686512e+00 4.191190e+04 4.070064e+03 1.488362e+00 0.000000e+00 0.000000e+00 0.000000e+00 8.122774e-09
5.000000e+00 7 1.958002e+02 2.302546e+02 6.137740e+02 3.519121e+00 0.000000e+00 0.000000e+00 4.541948e+00 3.686512e+00 4.191190e+04 4.070064e+03 1.488362e+00 0.000000e+00 0.000000e+00 0.000000e+00 8.122774e-09
5.000000e+00 8 1.958002e+02 2.302546e+02 6.137740e+02 3.519121e+00 0.000000e+00 0.000000e+00 4.541948e+00 3.686512e+00 4.191190e+04 4.070064e+03 1.488362e+00 0.000000e+00 0.000000e+00 0.000000e+00 8.122774e-09
5.000000e+00 9 1.958002e+02 2.302546e+02 6.137740e+02 3.519121e+00 0.000000e+00 0.000000e+00 4.541948e+00 3.686512e+00 4.191190e+04 4.070064e+03 1.488362e+00 0.000000e+00 0.000000e+00 0.000000e+00 8.122774e-09
5.000000e+00 10 1.958002e+02 2.302546e+02 6.137740e+02 3.519121e+00 0.000000e+00 0.000000e+00 4.541948e+00 3.686512e+00 4.191190e+04 4.070064e+03 1.488362e+00 0.000000e+00 0.000000e+00 0.000000e+00 8.122774e-09
1.000000e+01 0 0.000000e+00 0.000000e+00 0.000000e+00 0.000000e+00 0.000000e+00 0.000000e+00 0.000000e+00 0.000000e+00 0.000000e+00 0.000000e+00 0.000000e+00 0.000000e+00 0.000000e+00 0.000000e+00 0.000000e+00
1.000000e+01 1 1.976025e+02 2.325012e+02 6.230304e+02 3.609435e+00 0.000000e+00 0.000000e+00 8.550000e-01 8.550000e-01 4.192872e+04 4.074388e+03 8.550000e-01 0.000000e+00 0.000000e+00 0.000000e+00 8.122774e-09
1.000000e+01 2 1.976025e+02 2.325012e+02 6.230304e+02 3.609435e+00 0.000000e+00 0.000000e+00 8.550000e-01 8.550000e-01 4.192872e+04 4.074388e+03 8.550000e-01 0.000000e+00 0.000000e+00 0.000000e+00 8.122774e-09
1.000000e+01 3 1.976025e+02 2.325012e+02 6.230304e+02 3.609435e+00 0.000000e+00 0.000000e+00 8.550000e-01 8.550000e-01 4.192872e+04 4.074388e+03 8.550000e-01 0.000000e+00 0.000000e+00 0.000000e+00 8.122774e-09
1.000000e+01 4 1.976025e+02 2.325012e+02 6.230304e+02 3.609435e+00 0.000000e+00 0.000000e+00 8.550000e-01 8.550000e-01 4.192872e+04 4.074388e+03 8.550000e-01 0.000000e+00 0.000000e+00 0.000000e+00 8.122774e-09
1.000000e+01 5 1.976025e+02 2.325012e+02 6.230304e+02 3.609435e+00 0.000000e+00 0.000000e+00 8.550000e-01 8.550000e-01 4.192872e+04 4.074388e+03 8.550000e-01 0.000000e+00 0.000000e+00 0.000000e+00 8.122774e-09
1.000000e+01 6 1.976025e+02 2.325012e+02 6.230304e+02 3.609435e+00 0.000000e+00 0.000000e+00 8.550000e-01 8.550000e-01 4.192872e+04 4.074388e+03 8.550000e-01 0.000000e+00 0.000000e+00 0.000000e+00 8.122774e-09
1.000000e+01 7 1.976025e+02 2.325012e+02 6.230304e+02 3.609435e+00 0.000000e+00 0.000000e+00 8.550000e-01 8.550000e-01 4.192872e+04 4.074388e+03 8.550000e-01 0.000000e+00 0.000000e+00 0.000000e+00 8.122774e-09
1.000000e+01 8 1.976025e+02 2.325012e+02 6.230304e+02 3.609435e+00 0.000000e+00 0.000000e+00 8.550000e-01 8.550000e-01 4.192872e+04 4.074388e+03 8.550000e-01 0.000000e+00 0.000000e+00 0.000000e+00 8.122774e-09
1.000000e+01 9 1.976025e+02 2.325012e+02 6.230304e+02 3.609435e+00 0.000000e+00 0.000000e+00 8.550000e-01 8.550000e-01 4.192872e+04 4.074388e+03 8.550000e-01 0.000000e+00 0.000000e+00 0.000000e+00 8.122774e-09
1.000000e+01 10 1.976025e+02 2.325012e+02 6.230304e+02 3.609435e+00 0.000000e+00 0.000000e+00 8.550000e-01 8.550000e-01 4.192872e+04 4.074388e+03 8.550000e-01 0.000000e+00 0.000000e+00 0.000000e+00 8.122774e-09
1.500000e+01 0 0.000000e+00 0.000000e+00 0.000000e+00 0.000000e+00 0.000000e+00 0.000000e+00 0.000000e+00 0.000000e+00 0.000000e+00 0.000000e+00 0.000000e+00 0.000000e+00 0.000000e+00 0.000000e+00 0.000000e+00
1.500000e+01 1 1.994448e+02 2.347916e+02 6.331479e+02 3.703508e+00 0.000000e+00 0.000000e+00 8.550000e-01 8.550000e-01 4.188319e+04 4.071879e+03 8.550000e-01 0.000000e+00 0.000000e+00 0.000000e+00 8.122774e-09
1.500000e+01 2 1.994448e+02 2.347916e+02 6.331479e+02 3.703508e+00 0.000000e+00 0.000000e+00 8.550000e-01 8.550000e-01 4.188319e+04 4.071879e+03 8.550000e-01 0.000000e+00 0.000000e+00 0.000000e+00 8.122774e-09
1.500000e+01 3 1.994448e+02 2.347916e+02 6.331479e+02 3.703508e+00 0.000000e+00 0.000000e+00 8.550000e-01 8.550000e-01 4.188319e+04 4.071879e+03 8.550000e-01 0.000000e+00 0.000000e+00 0.000000e+00 8.122774e-09
1.500000e+01 4 1.994448e+02 2.347916e+02 6.331479e+02 3.703508e+00 0.000000e+00 0.000000e+00 8.550000e-01 8.550000e-01 4.188319e+04 4.071879e+03 8.550000e-01 0.000000e+00 0.000000e+00 0.000000e+00 8.122774e-09
1.500000e+01 5 1.994448e+02 2.347916e+02 6.331479e+02 3.703508e+00 0.000000e+00 0.000000e+00 8.550000e-01 8.550000e-01 4.188319e+04 4.071879e+03 8.550000e-01 0.000000e+00 0.000000e+00 0.000000e+00 8.122774e-09
1.500000e+01 6 1.994448e+02 2.347916e+02 6.331479e+02 3.703508e+00 0.000000e+00 0.000000e+00 8.550000e-01 8.550000e-01 4.188319e+04 4.071879e+03 8.550000e-01 0.000000e+00 0.000000e+00 0.000000e+00 8.122774e-09
1.500000e+01 7 1.994448e+02 2.347916e+02 6.331479e+02 3.703508e+00 0.000000e+00 0.000000e+00 8.550000e-01 8.550000e-01 4.188319e+04 4.071879e+03 8.550000e-01 0.000000e+00 0.000000e+00 0.000000e+00 8.122774e-09
1.500000e+01 8 1.994448e+02 2.347916e+02 6.331479e+02 3.703508e+00 0.000000e+00 0.000000e+00 8.550000e-01 8.550000e-01 4.188319e+04 4.071879e+03 8.550000e-01 0.000000e+00 0.000000e+00 0.000000e+00 8.122774e-09
1.500000e+01 9 1.994448e+02 2.347916e+02 6.331479e+02 3.703508e+00 0.000000e+00 0.000000e+00 8.550000e-01 8.550000e-01 4.188319e+04 4.071879e+03 8.550000e-01 0.000000e+00 0.000000e+00 0.000000e+00 8.122774e-09
1.500000e+01 10 1.994448e+02 2.347916e+02 6.331479e+02 3.703508e+00 0.000000e+00 0.000000e+00 8.550000e-01 8.550000e-01 4.188319e+04 4.071879e+03 8.550000e-01 0.000000e+00 0.000000e+00 0.000000e+00 8.122774e-09
2.000000e+01 0 0.000000e+00 0.000000e+00 0.000000e+00 0.000000e+00 0.000000e+00 0.000000e+00 0.000000e+00 0.000000e+00 0.000000e+00 0.000000e+00 0.000000e+00 0.000000e+00 0.000000e+00 0.000000e+00 0.000000e+00
2.000000e+01 1 2.013278e+02 2.371276e+02 6.442516e+02 3.802035e+00 0.000000e+00 0.000000e+00 8.550000e-01 8.550000e-01 4.183431e+04 4.069028e+03 8.550000e-01 0.000000e+00 0.000000e+00 0.000000e+00 8.122774e-09
2.000000e+01 2 2.013278e+02 2.371276e+02 6.442516e+02 3.802035e+00 0.000000e+00 0.000000e+00 8.550000e-01 8.550000e-01 4.183431e+04 4.069028e+03 8.550000e-01 0.000000e+00 0.000000e+00 0.000000e+00 8.122774e-09
2.000000e+01 3 2.013278e+02 2.371276e+02 6.442516e+02 3.802035e+00 0.000000e+00 0.000000e+00 8.550000e-01 8.550000e-01 4.183431e+04 4.069028e+03 8.550000e-01 0.000000e+00 0.000000e+00 0.000000e+00 8.122774e-09
2.000000e+01 4 2.013278e+02 2.371276e+02 6.442516e+02 3.802035e+00 0.000000e+00 0.000000e+00 8.550000e-01 8.550000e-01 4.183431e+04 4.069028e+03 8.550000e-01 0.000000e+00 0.000000e+00 0.000000e+00 8.122774e-09
2.000000e+01 5 2.013278e+02 2.371276e+02 6.442516e+02 3.802035e+00 0.000000e+00 0.000000e+00 8.550000e-01 8.550000e-01 4.183431e+04 4.069028e+03 8.550000e-01 0.000000e+00 0.000000e+00 0.000000e+00 8.122774e-09
2.000000e+01 6 2.013278e+02 2.371276e+02 6.442516e+02 3.802035e+00 0.000000e+00 0.000000e+00 8.550000e-01 8.550000e-01 4.183431e+04 4.069028e+03 8.550000e-01 0.000000e+00 0.000000e+00 0.000000e+00 8.122774e-09
2.000000e+01 7 2.013278e+02 2.371276e+02 6.442516e+02 3.802035e+00 0.000000e+00 0.000000e+00 8.550000e-01 8.550000e-01 4.183431e+04 4.069028e+03 8.550000e-01 0.000000e+00 0.000000e+00 0.000000e+00 8.122774e-09
2.000000e+01 8 2.013278e+02 2.371276e+02 6.442516e+02 3.802035e+00 0.000000e+00 0.000000e+00 8.550000e-01 8.550000e-01 4.183431e+04 4.069028e+03 8.550000e-01 0.000000e+00 0.000000e+00 0.000000e+00 8.122774e-09
2.000000e+01 9 2.013278e+02 2.371276e+02 6.442516e+02 3.802035e+00 0.000000e+00 0.000000e+00 8.550000e-01 8.550000e-01 4.183431e+04 4.069028e+03 8.550000e-01 0.000000e+00 0.000000e+00 0.000000e+00 8.122774e-09
2.000000e+01 10 2.013278e+02 2.371276e+02 6.442516e+02 3.802035e+00 0.000000e+00 0.000000e+00 8.550000e-01 8.550000e-01 4.183431e+04 4.069028e+03 8.550000e-01 0.000000e+00 0.000000e+00 0.000000e+00 8.122774e-09
2.500000e+01 0 0.000000e+00 0.000000e+00 0.000000e+00 0.000000e+00 0.000000e+00 0.000000e+00 0.000000e+00 0.000000e+00 0.000000e+00 0.000000e+00 0.000000e+00 0.000000e+00 0.000000e+00 0.000000e+00 0.000000e+00
2.500000e+01 1 2.032471e+02 2.395055e+02 6.565169e+02 3.904996e+00 0.000000e+00 0.000000e+00 8.550000e-01 8.550000e-01 4.178333e+04 4.065975e+03 8.550000e-01 0.000000e+00 0.000000e+00 0.000000e+00 8.122774e-09
2.500000e+01 2 2.032471e+02 2.395055e+02 6.565169e+02 3.904996e+00 0.000000e+00 0.000000e+00 8.550000e-01 8.550000e-01 4.178333e+04 4.065975e+03 8.550000e-01 0.000000e+00 0.000000e+00 0.000000e+00 8.122774e-09
2.500000e+01 3 2.032471e+02 2.395055e+02 6.565169e+02 3.904996e+00 0.000000e+00 0.000000e+00 8.550000e-01 8.550000e-01 4.178333e+04 4.065975e+03 8.550000e-01 0.000000e+00 0.000000e+00 0.000000e+00 8.122774e-09
2.500000e+01 4 2.032471e+02 2.395055e+02 6.565169e+02 3.904996e+00 0.000000e+00 0.000000e+00 8.550000e-01 8.550000e-01 4.178333e+04 4.065975e+03 8.550000e-01 0.000000e+00 0.000000e+00 0.000000e+00 8.122774e-09
2.500000e+01 5 2.032471e+02 2.395055e+02 6.565169e+02 3.904996e+00 0.000000e+00 0.000000e+00 8.550000e-01 8.550000e-01 4.178333e+04 4.065975e+03 8.550000e-01 0.000000e+00 0.000000e+00 0.000000e+00 8.122774e-09
2.500000e+01 6 2.032471e+02 2.395055e+02 6.565169e+02 3.904996e+00 0.000000e+00 0.000000e+00 8.550000e-01 8.550000e-01 4.178333e+04 4.065975e+03 8.550000e-01 0.000000e+00 0.000000e+00 0.000000e+00 8.122774e-09
2.500000e+01 7 2.032471e+02 2.395055e+02 6.565169e+02 3.904996e+00 0.000000e+00 0.000000e+00 8.550000e-01 8.550000e-01 4.178333e+04 4.065975e+03 8.550000e-01 0.000000e+00 0.000000e+00 0.000000e+00 8.122774e-09
2.500000e+01 8 2.032471e+02 2.395055e+02 6.565169e+02 3.904996e+00 0.000000e+00 0.000000e+00 8.550000e-01 8.550000e-01 4.178333e+04 4.065975e+03 8.550000e-01 0.000000e+00 0.000000e+00 0.000000e+00 8.122774e-09
2.500000e+01 9 2.032471e+02 2.395055e+02 6.565169e+02 3.904996e+00 0.000000e+00 0.000000e+00 8.550000e-01 8.550000e-01 4.178333e+04 4.065975e+03 8.550000e-01 0.000000e+00 0.000000e+00 0.000000e+00 8.122774e-09
2.500000e+01 10 2.032471e+02 2.395055e+02 6.565169e+02 3.904996e+00 0.000000e+00 0.000000e+00 8.550000e-01 8.550000e-01 4.178333e+04 4.065975e+03 8.550000e-01 0.000000e+00 0.000000e+00 0.000000e+00 8.122774e-09
3.000000e+01 0 0.000000e+00 0.000000e+00 0.000000e+00 0.000000e+00 0.000000e+00 0.000000e+00 0.000000e+00 0.000000e+00 0.000000e+00 0.000000e+00 0.000000e+00 0.000000e+00 0.000000e+00 0.000000e+00 0.000000e+00
3.000000e+01 1 2.051975e+02 2.419206e+02 6.701236e+02 4.012297e+00 0.000000e+00 0.000000e+00 8.550000e-01 8.550000e-01 4.172998e+04 4.062697e+03 8.550000e-01 0.000000e+00 0.000000e+00 0.000000e+00 8.122774e-09
3.000000e+01 2 2.051975e+02 2.419206e+02 6.701236e+02 4.012297e+00 0.000000e+00 0.000000e+00 8.550000e-01 8.550000e-01 4.172998e+04 4.062697e+03 8.550000e-01 0.000000e+00 0.000000e+00 0.000000e+00 8.122774e-09
3.000000e+01 3 2.051975e+02 2.419206e+02 6.701236e+02 4.012297e+00 0.000000e+00 0.000000e+00 8.550000e-01 8.550000e-01 4.172998e+04 4.062697e+03 8.550000e-01 0.000000e+00 0.000000e+00 0.000000e+00 8.122774e-09
3.000000e+01 4 2.051975e+02 2.419206e+02 6.701236e+02 4.012297e+00 0.000000e+00 0.000000e+00 8.550000e-01 8.550000e-01 4.172998e+04 4.062697e+03 8.550000e-01 0.000000e+00 0.000000e+00 0.000000e+00 8.122774e-09
3.000000e+01 5 2.051975e+02 2.419206e+02 6.701236e+02 4.012297e+00 0.000000e+00 0.000000e+00 8.550000e-01 8.550000e-01 4.172998e+04 4.062697e+03 8.550000e-01 0.000000e+00 0.000000e+00 0.000000e+00 8.122774e-09
3.000000e+01 6 2.051975e+02 2.419206e+02 6.701236e+02 4.012297e+00 0.000000e+00 0.000000e+00 8.550000e-01 8.550000e-01 4.172998e+04 4.062697e+03 8.550000e-01 0.000000e+00 0.000000e+00 0.000000e+00 8.122774e-09
3.000000e+01 7 2.051975e+02 2.419206e+02 6.701236e+02 4.012297e+00 0.000000e+00 0.000000e+00 8.550000e-01 8.550000e-01 4.172998e+04 4.062697e+03 8.550000e-01 0.000000e+00 0.000000e+00 0.000000e+00 8.122774e-09
3.000000e+01 8 2.051975e+02 2.419206e+02 6.701236e+02 4.012297e+00 0.000000e+00 0.000000e+00 8.550000e-01 8.550000e-01 4.172998e+04 4.062697e+03 8.550000e-01 0.000000e+00 0.000000e+00 0.000000e+00 8.122774e-09
3.000000e+01 9 2.051975e+02 2.419206e+02 6.701236e+02 4.012297e+00 0.000000e+00 0.000000e+00 8.550000e-01 8.550000e-01 4.172998e+04 4.062697e+03 8.550000e-01 0.000000e+00 0.000000e+00 0.000000e+00 8.122774e-09
3.000000e+01 10 2.051975e+02 2.419206e+02 6.701236e+02 4.012297e+00 0.000000e+00 0.000000e+00 8.550000e-01 8.550000e-01 4.172998e+04 4.062697e+03 8.550000e-01 0.000000e+00 0.000000e+00 0.000000e+00 8.122774e-09
3.500000e+01 0 0.000000e+00 0.000000e+00 0.000000e+00 0.000000e+00 0.000000e+00 0.000000e+00 0.000000e+00 0.000000e+00 0.000000e+00 0.000000e+00 0.000000e+00 0.000000e+00 0.000000e+00 0.000000e+00 0.000000e+00
3.500000e+01 1 2.071927e+02 2.443871e+02 6.852194e+02 4.124776e+00 0.000000e+00 0.000000e+00 8.550000e-01 8.550000e-01 4.167392e+04 4.059159e+03 8.550000e-01 0.000000e+00 0.000000e+00 0.000000e+00 8.122774e-09
3.500000e+01 2 2.071927e+02 2.443871e+02 6.852194e+02 4.124776e+00 0.000000e+00 0.000000e+00 8.550000e-01 8.550000e-01 4.167392e+04 4.059159e+03 8.550000e-01 0.000000e+00 0.000000e+00 0.000000e+00 8.122774e-09
3.500000e+01 3 2.071927e+02 2.443871e+02 6.852194e+02 4.124776e+00 0.000000e+00 0.000000e+00 8.550000e-01 8.550000e-01 4.167392e+04 4.059159e+03 8.550000e-01 0.000000e+00 0.000000e+00 0.000000e+00 8.122774e-09
3.500000e+01 4 2.071927e+02 2.443871e+02 6.852194e+02 4.124776e+00 0.000000e+00 0.000000e+00 8.550000e-01 8.550000e-01 4.167392e+04 4.059159e+03 8.550000e-01 0.000000e+00 0.000000e+00 0.000000e+00 8.122774e-09
3.500000e+01 5 2.071927e+02 2.443871e+02 6.852194e+02 4.124776e+00 0.000000e+00 0.000000e+00 8.550000e-01 8.550000e-01 4.167392e+04 4.059159e+03 8.550000e-01 0.000000e+00 0.000000e+00 0.000000e+00 8.122774e-09
3.500000e+01 6 2.071927e+02 2.443871e+02 6.852194e+02 4.124776e+00 0.000000e+00 0.000000e+00 8.550000e-01 8.550000e-01 4.167392e+04 4.059159e+03 8.550000e-01 0.000000e+00 0.000000e+00 0.000000e+00 8.122774e-09
3.500000e+01 7 2.071927e+02 2.443871e+02 6.852194e+02 4.124776e+00 0.000000e+00 0.000000e+00 8.550000e-01 8.550000e-01 4.167392e+04 4.059159e+03 8.550000e-01 0.000000e+00 0.000000e+00 0.000000e+00 8.122774e-09
3.500000e+01 8 2.071927e+02 2.443871e+02 6.852194e+02 4.124776e+00 0.000000e+00 0.000000e+00 8.550000e-01 8.550000e-01 4.167392e+04 4.059159e+03 8.550000e-01 0.000000e+00 0.000000e+00 0.000000e+00 8.122774e-09
3.500000e+01 9 2.071927e+02 2.443871e+02 6.852194e+02 4.124776e+00 0.000000e+00 0.000000e+00 8.550000e-01 8.550000e-01 4.167392e+04 4.059159e+03 8.550000e-01 0.000000e+00 0.000000e+00 0.000000e+00 8.122774e-09
3.500000e+01 10 2.071927e+02 2.443871e+02 6.852194e+02 4.124776e+00 0.000000e+00 0.000000e+00 8.550000e-01 8.550000e-01 4.167392e+04 4.059159e+03 8.550000e-01 0.000000e+00 0.000000e+00 0.000000e+00 8.122774e-09
4.000000e+01 0 0.000000e+00 0.000000e+00 0.000000e+00 0.000000e+00 0.000000e+00 0.000000e+00 0.000000e+00 0.000000e+00 0.000000e+00 0.000000e+00 0.000000e+00 0.000000e+00 0.000000e+00 0.000000e+00 0.000000e+00
4.000000e+01 1 2.092389e+02 2.469055e+02 7.020219e+02 4.242626e+00 0.000000e+00 0.000000e+00 8.550000e-01 8.550000e-01 4.161478e+04 4.055326e+03 8.550000e-01 0.000000e+00 0.000000e+00 0.000000e+00 8.122774e-09
4.000000e+01 2 2.092389e+02 2.469055e+02 7.020219e+02 4.242626e+00 0.000000e+00 0.000000e+00 8.550000e-01 8.550000e-01 4.161478e+04 4.055326e+03 8.550000e-01 0.000000e+00 0.000000e+00 0.000000e+00 8.122774e-09
4.000000e+01 3 2.092389e+02 2.469055e+02 7.020219e+02 4.242626e+00 0.000000e+00 0.000000e+00 8.550000e-01 8.550000e-01 4.161478e+04 4.055326e+03 8.550000e-01 0.000000e+00 0.000000e+00 0.000000e+00 8.122774e-09
4.000000e+01 4 2.092389e+02 2.469055e+02 7.020219e+02 4.242626e+00 0.000000e+00 0.000000e+00 8.550000e-01 8.550000e-01 4.161478e+04 4.055326e+03 8.550000e-01 0.000000e+00 0.000000e+00 0.000000e+00 8.122774e-09
4.000000e+01 5 2.092389e+02 2.469055e+02 7.020219e+02 4.242626e+00 0.000000e+00 0.000000e+00 8.550000e-01 8.550000e-01 4.161478e+04 4.055326e+03 8.550000e-01 0.000000e+00 0.000000e+00 0.000000e+00 8.122774e-09
4.000000e+01 6 2.092389e+02 2.469055e+02 7.020219e+02 4.242626e+00 0.000000e+00 0.000000e+00 8.550000e-01 8.550000e-01 4.161478e+04 4.055326e+03 8.550000e-01 0.000000e+00 0.000000e+00 0.000000e+00 8.122774e-09
4.000000e+01 7 2.092389e+02 2.469055e+02 7.020219e+02 4.242626e+00 0.000000e+00 0.000000e+00 8.550000e-01 8.550000e-01 4.161478e+04 4.055326e+03 8.550000e-01 0.000000e+00 0.000000e+00 0.000000e+00 8.122774e-09
4.000000e+01 8 2.092389e+02 2.469055e+02 7.020219e+02 4.242626e+00 0.000000e+00 0.000000e+00 8.550000e-01 8.550000e-01 4.161478e+04 4.055326e+03 8.550000e-01 0.000000e+00 0.000000e+00 0.000000e+00 8.122774e-09
4.000000e+01 9 2.092389e+02 2.469055e+02 7.020219e+02 4.242626e+00 0.000000e+00 0.000000e+00 8.550000e-01 8.550000e-01 4.161478e+04 4.055326e+03 8.550000e-01 0.000000e+00 0.000000e+00 0.000000e+00 8.122774e-09
4.000000e+01 10 2.092389e+02 2.469055e+02 7.020219e+02 4.242626e+00 0.000000e+00 0.000000e+00 8.550000e-01 8.550000e-01 4.161478e+04 4.055326e+03 8.550000e-01 0.000000e+00 0.000000e+00 0.000000e+00 8.122774e-09
4.500000e+01 0 0.000000e+00 0.000000e+00 0.000000e+00 0.000000e+00 0.000000e+00 0.000000e+00 0.000000e+00 0.000000e+00 0.000000e+00 0.000000e+00 0.000000e+00 0.000000e+00 0.000000e+00 0.000000e+00 0.000000e+00
4.500000e+01 1 2.113398e+02 2.494772e+02 7.207820e+02 4.366083e+00 0.000000e+00 0.000000e+00 8.550000e-01 8.550000e-01 4.155211e+04 4.051151e+03 8.550000e-01 0.000000e+00 0.000000e+00 0.000000e+00 8.122774e-09
4.500000e+01 2 2.113398e+02 2.494772e+02 7.207820e+02 4.366083e+00 0.000000e+00 0.000000e+00 8.550000e-01 8.550000e-01 4.155211e+04 4.051151e+03 8.550000e-01 0.000000e+00 0.000000e+00 0.000000e+00 8.122774e-09
4.500000e+01 3 2.113398e+02 2.494772e+02 7.207820e+02 4.366083e+00 0.000000e+00 0.000000e+00 8.550000e-01 8.550000e-01 4.155211e+04 4.051151e+03 8.550000e-01 0.000000e+00 0.000000e+00 0.000000e+00 8.122774e-09
4.500000e+01 4 2.113398e+02 2.494772e+02 7.207820e+02 4.366083e+00 0.000000e+00 0.000000e+00 8.550000e-01 8.550000e-01 4.155211e+04 4.051151e+03 8.550000e-01 0.000000e+00 0.000000e+00 0.000000e+00 8.122774e-09
4.500000e+01 5 2.113398e+02 2.494772e+02 7.207820e+02 4.366083e+00 0.000000e+00 0.000000e+00 8.550000e-01 8.550000e-01 4.155211e+04 4.051151e+03 8.550000e-01 0.000000e+00 0.000000e+00 0.000000e+00 8.122774e-09
4.500000e+01 6 2.113398e+02 2.494772e+02 7.207820e+02 4.366083e+00 0.000000e+00 0.000000e+00 8.550000e-01 8.550000e-01 4.155211e+04 4.051151e+03 8.550000e-01 0.000000e+00 0.000000e+00 0.000000e+00 8.122774e-09
4.500000e+01 7 2.113398e+02 2.494772e+02 7.207820e+02 4.366083e+00 0.000000e+00 0.000000e+00 8.550000e-01 8.550000e-01 4.155211e+04 4.051151e+03 8.550000e-01 0.000000e+00 0.000000e+00 0.000000e+00 8.122774e-09
4.500000e+01 8 2.113398e+02 2.494772e+02 7.207820e+02 4.366083e+00 0.000000e+00 0.000000e+00 8.550000e-01 8.550000e-01 4.155211e+04 4.051151e+03 8.550000e-01 0.000000e+00 0.000000e+00 0.000000e+00 8.122774e-09
4.500000e+01 9 2.113398e+02 2.494772e+02 7.207820e+02 4.366083e+00 0.000000e+00 0.000000e+00 8.550000e-01 8.550000e-01 4.155211e+04 4.051151e+03 8.550000e-01 0.000000e+00 0.000000e+00 0.000000e+00 8.122774e-09
4.500000e+01 10 2.113398e+02 2.494772e+02 7.207820e+02 4.366083e+00 0.000000e+00 0.000000e+00 8.550000e-01 8.550000e-01 4.155211e+04 4.051151e+03 8.550000e-01 0.000000e+00 0.000000e+00 0.000000e+00 8.122774e-09
5.000000e+01 0 0.000000e+00 0.000000e+00 0.000000e+00 0.000000e+00 0.000000e+00 0.000000e+00 0.000000e+00 0.000000e+00 0.000000e+00 0.000000e+00 0.000000e+00 0.000000e+00 0.000000e+00 0.000000e+00 0.000000e+00
5.000000e+01 1 2.134900e+02 2.521064e+02 7.418023e+02 4.495542e+00 0.000000e+00 0.000000e+00 8.550000e-01 8.550000e-01 4.148538e+04 4.046586e+03 8.550000e-01 0.000000e+00 0.000000e+00 0.000000e+00 8.122774e-09
5.000000e+01 2 2.134900e+02 2.521064e+02 7.418023e+02 4.495542e+00 0.000000e+00 0.000000e+00 8.550000e-01 8.550000e-01 4.148538e+04 4.046586e+03 8.550000e-01 0.000000e+00 0.000000e+00 0.000000e+00 8.122774e-09
5.000000e+01 3 2.134900e+02 2.521064e+02 7.418023e+02 4.495542e+00 0.000000e+00 0.000000e+00 8.550000e-01 8.550000e-01 4.148538e+04 4.046586e+03 8.550000e-01 0.000000e+00 0.000000e+00 0.000000e+00 8.122774e-09
5.000000e+01 4 2.134900e+02 2.521064e+02 7.418023e+02 4.495542e+00 0.000000e+00 0.000000e+00 8.550000e-01 8.550000e-01 4.148538e+04 4.046586e+03 8.550000e-01 0.000000e+00 0.000000e+00 0.000000e+00 8.122774e-09
5.000000e+01 5 2.134900e+02 2.521064e+02 7.418023e+02 4.495542e+00 0.000000e+00 0.000000e+00 8.550000e-01 8.550000e-01 4.148538e+04 4.046586e+03 8.550000e-01 0.000000e+00 0.000000e+00 0.000000e+00 8.122774e-09
5.000000e+01 6 2.134900e+02 2.521064e+02 7.418023e+02 4.495542e+00 0.000000e+00 0.000000e+00 8.550000e-01 8.550000e-01 4.148538e+04 4.046586e+03 8.550000e-01 0.000000e+00 0.000000e+00 0.000000e+00 8.122774e-09
5.000000e+01 7 2.134900e+02 2.521064e+02 7.418023e+02 4.495542e+00 0.000000e+00 0.000000e+00 8.550000e-01 8.550000e-01 4.148538e+04 4.046586e+03 8.550000e-01 0.000000e+00 0.000000e+00 0.000000e+00 8.122774e-09
5.000000e+01 8 2.134900e+02 2.521064e+02 7.418023e+02 4.495542e+00 0.000000e+00 0.000000e+00 8.550000e-01 8.550000e-01 4.148538e+04 4.046586e+03 8.550000e-01 0.000000e+00 0.000000e+00 0.000000e+00 8.122774e-09
5.000000e+01 9 2.134900e+02 2.521064e+02 7.418023e+02 4.495542e+00 0.000000e+00 0.000000e+00 8.550000e-01 8.550000e-01 4.148538e+04 4.046586e+03 8.550000e-01 0.000000e+00 0.000000e+00 0.000000e+00 8.122774e-09
5.000000e+01 10 2.134900e+02 2.521064e+02 7.418023e+02 4.495542e+00 0.000000e+00 0.000000e+00 8.550000e-01 8.550000e-01 4.148538e+04 4.046586e+03 8.550000e-01 0.000000e+00 0.000000e+00 0.000000e+00 8.122774e-09
5.500000e+01 0 0.000000e+00 0.000000e+00 0.000000e+00 0.000000e+00 0.000000e+00 0.000000e+00 0.000000e+00 0.000000e+00 0.000000e+00 0.000000e+00 0.000000e+00 0.000000e+00 0.000000e+00 0.000000e+00 0.000000e+00
5.500000e+01 1 2.156907e+02 2.547949e+02 7.654377e+02 4.631291e+00 0.000000e+00 0.000000e+00 8.550000e-01 8.550000e-01 4.141400e+04 4.041571e+03 8.550000e-01 0.000000e+00 0.000000e+00 0.000000e+00 8.122774e-09
5.500000e+01 2 2.156907e+02 2.547949e+02 7.654377e+02 4.631291e+00 0.000000e+00 0.000000e+00 8.550000e-01 8.550000e-01 4.141400e+04 4.041571e+03 8.550000e-01 0.000000e+00 0.000000e+00 0.000000e+00 8.122774e-09
5.500000e+01 3 2.156907e+02 2.547949e+02 7.654377e+02 4.631291e+00 0.000000e+00 0.000000e+00 8.550000e-01 8.550000e-01 4.141400e+04 4.041571e+03 8.550000e-01 0.000000e+00 0.000000e+00 0.000000e+00 8.122774e-09
5.500000e+01 4 2.156907e+02 2.547949e+02 7.654377e+02 4.631291e+00 0.000000e+00 0.000000e+00 8.550000e-01 8.550000e-01 4.141400e+04 4.041571e+03 8.550000e-01 0.000000e+00 0.000000e+00 0.000000e+00 8.122774e-09
5.500000e+01 5 2.156907e+02 2.547949e+02 7.654377e+02 4.631291e+00 0.000000e+00 0.000000e+00 8.550000e-01 8.550000e-01 4.141400e+04 4.041571e+03 8.550000e-01 0.000000e+00 0.000000e+00 0.000000e+00 8.122774e-09
5.500000e+01 6 2.156907e+02 2.547949e+02 7.654377e+02 4.631291e+00 0.000000e+00 0.000000e+00 8.550000e-01 8.550000e-01 4.141400e+04 4.041571e+03 8.550000e-01 0.000000e+00 0.000000e+00 0.000000e+00 8.122774e-09
5.500000e+01 7 2.156907e+02 2.547949e+02 7.654377e+02 4.631291e+00 0.000000e+00 0.000000e+00 8.550000e-01 8.550000e-01 4.141400e+04 4.041571e+03 8.550000e-01 0.000000e+00 0.000000e+00 0.000000e+00 8.122774e-09
5.500000e+01 8 2.156907e+02 2.547949e+02 7.654377e+02 4.631291e+00 0.000000e+00 0.000000e+00 8.550000e-01 8.550000e-01 4.141400e+04 4.041571e+03 8.550000e-01 0.000000e+00 0.000000e+00 0.000000e+00 8.122774e-09
5.500000e+01 9 2.156907e+02 2.547949e+02 7.654377e+02 4.631291e+00 0.000000e+00 0.000000e+00 8.550000e-01 8.550000e-01 4.141400e+04 4.041571e+03 8.550000e-01 0.000000e+00 0.000000e+00 0.000000e+00 8.122774e-09
5.500000e+01 10 2.156907e+02 2.547949e+02 7.654377e+02 4.631291e+00 0.000000e+00 0.000000e+00 8.550000e-01 8.550000e-01 4.141400e+04 4.041571e+03 8.550000e-01 0.000000e+00 0.000000e+00 0.000000e+00 8.122774e-09
6.000000e+01 0 0.000000e+00 0.000000e+00 0.000000e+00 0.000000e+00 0.000000e+00 0.000000e+00 0.000000e+00 0.000000e+00 0.000000e+00 0.000000e+00 0.000000e+00 0.000000e+00 0.000000e+00 0.000000e+00 0.000000e+00
6.000000e+01 1 2.179435e+02 2.575453e+02 7.920541e+02 4.773655e+00 0.000000e+00 0.000000e+00 8.550000e-01 8.550000e-01 4.133731e+04 4.036042e+03 8.550000e-01 0.000000e+00 0.000000e+00 0.000000e+00 8.122774e-09
6.000000e+01 2 2.179435e+02 2.575453e+02 7.920541e+02 4.773655e+00 0.000000e+00 0.000000e+00 8.550000e-01 8.550000e-01 4.133731e+04 4.036042e+03 8.550000e-01 0.000000e+00 0.000000e+00 0.000000e+00 8.122774e-09
6.000000e+01 3 2.179435e+02 2.575453e+02 7.920541e+02 4.773655e+00 0.000000e+00 0.000000e+00 8.550000e-01 8.550000e-01 4.133731e+04 4.036042e+03 8.550000e-01 0.000000e+00 0.000000e+00 0.000000e+00 8.122774e-09
6.000000e+01 4 2.179435e+02 2.575453e+02 7.920541e+02 4.773655e+00 0.000000e+00 0.000000e+00 8.550000e-01 8.550000e-01 4.133731e+04 4.036042e+03 8.550000e-01 0.000000e+00 0.000000e+00 0.000000e+00 8.122774e-09
6.000000e+01 5 2.179435e+02 2.575453e+02 7.920541e+02 4.773655e+00 0.000000e+00 0.000000e+00 8.550000e-01 8.550000e-01 4.133731e+04 4.036042e+03 8.550000e-01 0.000000e+00 0.000000e+00 0.000000e+00 8.122774e-09
6.000000e+01 6 2.179435e+02 2.575453e+02 7.920541e+02 4.773655e+00 0.000000e+00 0.000000e+00 8.550000e-01 8.550000e-01 4.133731e+04 4.036042e+03 8.550000e-01 0.000000e+00 0.000000e+00 0.000000e+00 8.122774e-09
6.000000e+01 7 2.179435e+02 2.575453e+02 7.920541e+02 4.773655e+00 0.000000e+00 0.000000e+00 8.550000e-01 8.550000e-01 4.133731e+04 4.036042e+03 8.550000e-01 0.000000e+00 0.000000e+00 0.000000e+00 8.122774e-09
6.000000e+01 8 2.179435e+02 2.575453e+02 7.920541e+02 4.773655e+00 0.000000e+00 0.000000e+00 8.550000e-01 8.550000e-01 4.133731e+04 4.036042e+03 8.550000e-01 0.000000e+00 0.000000e+00 0.000000e+00 8.122774e-09
6.000000e+01 9 2.179435e+02 2.575453e+02 7.920541e+02 4.773655e+00 0.000000e+00 0.000000e+00 8.550000e-01 8.550000e-01 4.133731e+04 4.036042e+03 8.550000e-01 0.000000e+00 0.000000e+00 0.000000e+00 8.122774e-09
6.000000e+01 10 2.179435e+02 2.575453e+02 7.920541e+02 4.773655e+00 0.000000e+00 0.000000e+00 8.550000e-01 8.550000e-01 4.133731e+04 4.036042e+03 8.550000e-01 0.000000e+00 0.000000e+00 0.000000e+00 8.122774e-09
6.500000e+01 0 0.000000e+00 0.000000e+00 0.000000e+00 0.000000e+00 0.000000e+00 0.000000e+00 0.000000e+00 0.000000e+00 0.000000e+00 0.000000e+00 0.000000e+00 0.000000e+00 0.000000e+00 0.000000e+00 0.000000e+00
6.500000e+01 1 2.202132e+02 2.602858e+02 8.222576e+02 4.919114e+00 0.000000e+00 0.000000e+00 8.550000e-01 8.550000e-01 4.125451e+04 4.029921e+03 8.550000e-01 0.000000e+00 0.000000e+00 0.000000e+00 8.122774e-09
6.500000e+01 2 2.202132e+02 2.602858e+02 8.222576e+02 4.919114e+00 0.000000e+00 0.000000e+00 8.550000e-01 8.550000e-01 4.125451e+04 4.029921e+03 8.550000e-01 0.000000e+00 0.000000e+00 0.000000e+00 8.122774e-09
6.500000e+01 3 2.202132e+02 2.602858e+02 8.222576e+02 4.919114e+00 0.000000e+00 0.000000e+00 8.550000e-01 8.550000e-01 4.125451e+04 4.029921e+03 8.550000e-01 0.000000e+00 0.000000e+00 0.000000e+00 8.122774e-09
6.500000e+01 4 2.202132e+02 2.602858e+02 8.222576e+02 4.919114e+00 0.000000e+00 0.000000e+00 8.550000e-01 8.550000e-01 4.125451e+04 4.029921e+03 8.550000e-01 0.000000e+00 0.000000e+00 0.000000e+00 8.122774e-09
6.500000e+01 5 2.202132e+02 2.602858e+02 8.222576e+02 4.919114e+00 0.000000e+00 0.000000e+00 8.550000e-01 8.550000e-01 4.125451e+04 4.029921e+03 8.550000e-01 0.000000e+00 0.000000e+00 0.000000e+00 8.122774e-09
6.500000e+01 6 2.202132e+02 2.602858e+02 8.222576e+02 4.919114e+00 0.000000e+00 0.000000e+00 8.550000e-01 8.550000e-01 4.125451e+04 4.029921e+03 8.550000e-01 0.000000e+00 0.000000e+00 0.000000e+00 8.122774e-09
6.500000e+01 7 2.202132e+02 2.602858e+02 8.222576e+02 4.919114e+00 0.000000e+00 0.000000e+00 8.550000e-01 8.550000e-01 4.125451e+04 4.029921e+03 8.550000e-01 0.000000e+00 0.000000e+00 0.000000e+00 8.122774e-09
6.500000e+01 8 2.202132e+02 2.602858e+02 8.222576e+02 4.919114e+00 0.000000e+00 0.000000e+00 8.550000e-01 8.550000e-01 4.125451e+04 4.029921e+03 8.550000e-01 0.000000e+00 0.000000e+00 0.000000e+00 8.122774e-09
6.500000e+01 9 2.202132e+02 2.602858e+02 8.222576e+02 4.919114e+00 0.000000e+00 0.000000e+00 8.550000e-01 8.550000e-01 4.125451e+04 4.029921e+03 8.550000e-01 0.000000e+00 0.000000e+00 0.000000e+00 8.122774e-09
6.500000e+01 10 2.202132e+02 2.602858e+02 8.222576e+02 4.919114e+00 0.000000e+00 0.000000e+00 8.550000e-01 8.550000e-01 4.125451e+04 4.029921e+03 8.550000e-01 0.000000e+00 0.000000e+00 0.000000e+00 8.122774e-09
7.000000e+01 0 0.000000e+00 0.000000e+00 0.000000e+00 0.000000e+00 0.000000e+00 0.000000e+00 0.000000e+00 0.000000e+00 0.000000e+00 0.000000e+00 0.000000e+00 0.000000e+00 0.000000e+00 0.000000e+00 0.000000e+00
7.000000e+01 1 2.225139e+02 2.630482e+02 8.565231e+02 5.069427e+00 0.000000e+00 0.000000e+00 8.550000e-01 8.550000e-01 4.116468e+04 4.023117e+03 8.550000e-01 0.000000e+00 0.000000e+00 0.000000e+00 8.122774e-09
7.000000e+01 2 2.225139e+02 2.630482e+02 8.565231e+02 5.069427e+00 0.000000e+00 0.000000e+00 8.550000e-01 8.550000e-01 4.116468e+04 4.023117e+03 8.550000e-01 0.000000e+00 0.000000e+00 0.000000e+00 8.122774e-09
7.000000e+01 3 2.225139e+02 2.630482e+02 8.565231e+02 5.069427e+00 0.000000e+00 0.000000e+00 8.550000e-01 8.550000e-01 4.116468e+04 4.023117e+03 8.550000e-01 0.000000e+00 0.000000e+00 0.000000e+00 8.122774e-09
7.000000e+01 4 2.225139e+02 2.630482e+02 8.565231e+02 5.069427e+00 0.000000e+00 0.000000e+00 8.550000e-01 8.550000e-01 4.116468e+04 4.023117e+03 8.550000e-01 0.000000e+00 0.000000e+00 0.000000e+00 8.122774e-09
7.000000e+01 5 2.225139e+02 2.630482e+02 8.565231e+02 5.069427e+00 0.000000e+00 0.000000e+00 8.550000e-01 8.550000e-01 4.116468e+04 4.023117e+03 8.550000e-01 0.000000e+00 0.000000e+00 0.000000e+00 8.122774e-09
7.000000e+01 6 2.225139e+02 2.630482e+02 8.565231e+02 5.069427e+00 0.000000e+00 0.000000e+00 8.550000e-01 8.550000e-01 4.116468e+04 4.023117e+03 8.550000e-01 0.000000e+00 0.000000e+00 0.000000e+00 8.122774e-09
7.000000e+01 7 2.225139e+02 2.630482e+02 8.565231e+02 5.069427e+00 0.000000e+00 0.000000e+00 8.550000e-01 8.550000e-01 4.116468e+04 4.023117e+03 8.550000e-01 0.000000e+00 0.000000e+00 0.000000e+00 8.122774e-09
7.000000e+01 8 2.225139e+02 2.630482e+02 8.565231e+02 5.069427e+00 0.000000e+00 0.000000e+00 8.550000e-01 8.550000e-01 4.116468e+04 4.023117e+03 8.550000e-01 0.000000e+00 0.000000e+00 0.000000e+00 8.122774e-09
7.000000e+01 9 2.225139e+02 2.630482e+02 8.565231e+02 5.069427e+00 0.000000e+00 0.000000e+00 8.550000e-01 8.550000e-01 4.116468e+04 4.023117e+03 8.550000e-01 0.000000e+00 0.000000e+00 0.000000e+00 8.122774e-09
7.000000e+01 10 2.225139e+02 2.630482e+02 8.565231e+02 5.069427e+00 0.000000e+00 0.000000e+00 8.550000e-01 8.550000e-01 4.116468e+04 4.023117e+03 8.550000e-01 0.000000e+00 0.000000e+00 0.000000e+00 8.122774e-09
7.500000e+01 0 0.000000e+00 0.000000e+00 0.000000e+00 0.000000e+00 0.000000e+00 0.000000e+00 0.000000e+00 0.000000e+00 0.000000e+00 0.000000e+00 0.000000e+00 0.000000e+00 0.000000e+00 0.000000e+00 0.000000e+00
7.500000e+01 1 2.248384e+02 2.658243e+02 8.954892e+02 5.224312e+00 0.000000e+00 0.000000e+00 8.550000e-01 8.550000e-01 4.106675e+04 4.015525e+03 8.550000e-01 0.000000e+00 0.000000e+00 0.000000e+00 8.122774e-09
7.500000e+01 2 2.248384e+02 2.658243e+02 8.954892e+02 5.224312e+00 0.000000e+00 0.000000e+00 8.550000e-01 8.550000e-01 4.106675e+04 4.015525e+03 8.550000e-01 0.000000e+00 0.000000e+00 0.000000e+00 8.122774e-09
7.500000e+01 3 2.248384e+02 2.658243e+02 8.954892e+02 5.224312e+00 0.000000e+00 0.000000e+00 8.550000e-01 8.550000e-01 4.106675e+04 4.015525e+03 8.550000e-01 0.000000e+00 0.000000e+00 0.000000e+00 8.122774e-09
7.500000e+01 4 2.248384e+02 2.658243e+02 8.954892e+02 5.224312e+00 0.000000e+00 0.000000e+00 8.550000e-01 8.550000e-01 4.106675e+04 4.015525e+03 8.550000e-01 0.000000e+00 0.000000e+00 0.000000e+00 8.122774e-09
7.500000e+01 5 2.248384e+02 2.658243e+02 8.954892e+02 5.224312e+00 0.000000e+00 0.000000e+00 8.550000e-01 8.550000e-01 4.106675e+04 4.015525e+03 8.550000e-01 0.000000e+00 0.000000e+00 0.000000e+00 8.122774e-09
7.500000e+01 6 2.248384e+02 2.658243e+02 8.954892e+02 5.224312e+00 0.000000e+00 0.000000e+00 8.550000e-01 8.550000e-01 4.106675e+04 4.015525e+03 8.550000e-01 0.000000e+00 0.000000e+00 0.000000e+00 8.122774e-09
7.500000e+01 7 2.248384e+02 2.658243e+02 8.954892e+02 5.224312e+00 0.000000e+00 0.000000e+00 8.550000e-01 8.550000e-01 4.106675e+04 4.015525e+03 8.550000e-01 0.000000e+00 0.000000e+00 0.000000e+00 8.122774e-09
7.500000e+01 8 2.248384e+02 2.658243e+02 8.954892e+02 5.224312e+00 0.000000e+00 0.000000e+00 8.550000e-01 8.550000e-01 4.106675e+04 4.015525e+03 8.550000e-01 0.000000e+00 0.000000e+00 0.000000e+00 8.122774e-09
7.500000e+01 9 2.248384e+02 2.658243e+02 8.954892e+02 5.224312e+00 0.000000e+00 0.000000e+00 8.550000e-01 8.550000e-01 4.106675e+04 4.015525e+03 8.550000e-01 0.000000e+00 0.000000e+00 0.000000e+00 8.122774e-09
7.500000e+01 10 2.248384e+02 2.658243e+02 8.954892e+02 5.224312e+00 0.000000e+00 0.000000e+00 8.550000e-01 8.550000e-01 4.106675e+04 4.015525e+03 8.550000e-01 0.000000e+00 0.000000e+00 0.000000e+00 8.122774e-09
8.000000e+01 0 0.000000e+00 0.000000e+00 0.000000e+00 0.000000e+00 0.000000e+00 0.000000e+00 0.000000e+00 0.000000e+00 0.000000e+00 0.000000e+00 0.000000e+00 0.000000e+00 0.000000e+00 0.000000e+00 0.000000e+00
8.000000e+01 1 2.271911e+02 2.686135e+02 9.398555e+02 5.383872e+00 0.000000e+00 0.000000e+00 8.550000e-01 8.550000e-01 4.095950e+04 4.007026e+03 8.550000e-01 0.000000e+00 0.000000e+00 0.000000e+00 8.122774e-09
8.000000e+01 2 2.271911e+02 2.686135e+02 9.398555e+02 5.383872e+00 0.000000e+00 0.000000e+00 8.550000e-01 8.550000e-01 4.095950e+04 4.007026e+03 8.550000e-01 0.000000e+00 0.000000e+00 0.000000e+00 8.122774e-09
8.000000e+01 3 2.271911e+02 2.686135e+02 9.398555e+02 5.383872e+00 0.000000e+00 0.000000e+00 8.550000e-01 8.550000e-01 4.095950e+04 4.007026e+03 8.550000e-01 0.000000e+00 0.000000e+00 0.000000e+00 8.122774e-09
8.000000e+01 4 2.271911e+02 2.686135e+02 9.398555e+02 5.383872e+00 0.000000e+00 0.000000e+00 8.550000e-01 8.550000e-01 4.095950e+04 4.007026e+03 8.550000e-01 0.000000e+00 0.000000e+00 0.000000e+00 8.122774e-09
8.000000e+01 5 2.271911e+02 2.686135e+02 9.398555e+02 5.383872e+00 0.000000e+00 0.000000e+00 8.550000e-01 8.550000e-01 4.095950e+04 4.007026e+03 8.550000e-01 0.000000e+00 0.000000e+00 0.000000e+00 8.122774e-09
8.000000e+01 6 2.271911e+02 2.686135e+02 9.398555e+02 5.383872e+00 0.000000e+00 0.000000e+00 8.550000e-01 8.550000e-01 4.095950e+04 4.007026e+03 8.550000e-01 0.000000e+00 0.000000e+00 0.000000e+00 8.122774e-09
8.000000e+01 7 2.271911e+02 2.686135e+02 9.398555e+02 5.383872e+00 0.000000e+00 0.000000e+00 8.550000e-01 8.550000e-01 4.095950e+04 4.007026e+03 8.550000e-01 0.000000e+00 0.000000e+00 0.000000e+00 8.122774e-09
8.000000e+01 8 2.271911e+02 2.686135e+02 9.398555e+02 5.383872e+00 0.000000e+00 0.000000e+00 8.550000e-01 8.550000e-01 4.095950e+04 4.007026e+03 8.550000e-01 0.000000e+00 0.000000e+00 0.000000e+00 8.122774e-09
8.000000e+01 9 2.271911e+02 2.686135e+02 9.398555e+02 5.383872e+00 0.000000e+00 0.000000e+00 8.550000e-01 8.550000e-01 4.095950e+04 4.007026e+03 8.550000e-01 0.000000e+00 0.000000e+00 0.000000e+00 8.122774e-09
8.000000e+01 10 2.271911e+02 2.686135e+02 9.398555e+02 5.383872e+00 0.000000e+00 0.000000e+00 8.550000e-01 8.550000e-01 4.095950e+04 4.007026e+03 8.550000e-01 0.000000e+00 0.000000e+00 0.000000e+00 8.122774e-09
8.500000e+01 0 0.000000e+00 0.000000e+00 0.000000e+00 0.000000e+00 0.000000e+00 0.000000e+00 0.000000e+00 0.000000e+00 0.000000e+00 0.000000e+00 0.000000e+00 0.000000e+00 0.000000e+00 0.000000e+00 0.000000e+00
8.500000e+01 1 2.295892e+02 2.714447e+02 9.903591e+02 5.549816e+00 0.000000e+00 0.000000e+00 8.550000e-01 8.550000e-01 4.084154e+04 3.997482e+03 8.550000e-01 0.000000e+00 0.000000e+00 0.000000e+00 8.122774e-09
8.500000e+01 2 2.295892e+02 2.714447e+02 9.903591e+02 5.549816e+00 0.000000e+00 0.000000e+00 8.550000e-01 8.550000e-01 4.084154e+04 3.997482e+03 8.550000e-01 0.000000e+00 0.000000e+00 0.000000e+00 8.122774e-09
8.500000e+01 3 2.295892e+02 2.714447e+02 9.903591e+02 5.549816e+00 0.000000e+00 0.000000e+00 8.550000e-01 8.550000e-01 4.084154e+04 3.997482e+03 8.550000e-01 0.000000e+00 0.000000e+00 0.000000e+00 8.122774e-09
8.500000e+01 4 2.295892e+02 2.714447e+02 9.903591e+02 5.549816e+00 0.000000e+00 0.000000e+00 8.550000e-01 8.550000e-01 4.084154e+04 3.997482e+03 8.550000e-01 0.000000e+00 0.000000e+00 0.000000e+00 8.122774e-09
8.500000e+01 5 2.295892e+02 2.714447e+02 9.903591e+02 5.549816e+00 0.000000e+00 0.000000e+00 8.550000e-01 8.550000e-01 4.084154e+04 3.997482e+03 8.550000e-01 0.000000e+00 0.000000e+00 0.000000e+00 8.122774e-09
8.500000e+01 6 2.295892e+02 2.714447e+02 9.903591e+02 5.549816e+00 0.000000e+00 0.000000e+00 8.550000e-01 8.550000e-01 4.084154e+04 3.997482e+03 8.550000e-01 0.000000e+00 0.000000e+00 0.000000e+00 8.122774e-09
8.500000e+01 7 2.295892e+02 2.714447e+02 9.903591e+02 5.549816e+00 0.000000e+00 0.000000e+00 8.550000e-01 8.550000e-01 4.084154e+04 3.997482e+03 8.550000e-01 0.000000e+00 0.000000e+00 0.000000e+00 8.122774e-09
8.500000e+01 8 2.295892e+02 2.714447e+02 9.903591e+02 5.549816e+00 0.000000e+00 0.000000e+00 8.550000e-01 8.550000e-01 4.084154e+04 3.997482e+03 8.550000e-01 0.000000e+00 0.000000e+00 0.000000e+00 8.122774e-09
8.500000e+01 9 2.295892e+02 2.714447e+02 9.903591e+02 5.549816e+00 0.000000e+00 0.000000e+00 8.550000e-01 8.550000e-01 4.084154e+04 3.997482e+03 8.550000e-01 0.000000e+00 0.000000e+00 0.000000e+00 8.122774e-09
8.500000e+01 10 2.295892e+02 2.714447e+02 9.903591e+02 5.549816e+00 0.000000e+00 0.000000e+00 8.550000e-01 8.550000e-01 4.084154e+04 3.997482e+03 8.550000e-01 0.000000e+00 0.000000e+00 0.000000e+00 8.122774e-09
9.000000e+01 0 0.000000e+00 0.000000e+00 0.000000e+00 0.000000e+00 0.000000e+00 0.000000e+00 0.000000e+00 0.000000e+00 0.000000e+00 0.000000e+00 0.000000e+00 0.000000e+00 0.000000e+00 0.000000e+00 0.000000e+00
9.000000e+01 1 2.320324e+02 2.743186e+02 1.047919e+03 5.722384e+00 0.000000e+00 0.000000e+00 8.550000e-01 8.550000e-01 4.071125e+04 3.986735e+03 8.550000e-01 0.000000e+00 0.000000e+00 0.000000e+00 8.122774e-09
9.000000e+01 2 2.320324e+02 2.743186e+02 1.047919e+03 5.722384e+00 0.000000e+00 0.000000e+00 8.550000e-01 8.550000e-01 4.071125e+04 3.986735e+03 8.550000e-01 0.000000e+00 0.000000e+00 0.000000e+00 8.122774e-09
9.000000e+01 3 2.320324e+02 2.743186e+02 1.047919e+03 5.722384e+00 0.000000e+00 0.000000e+00 8.550000e-01 8.550000e-01 4.071125e+04 3.986735e+03 8.550000e-01 0.000000e+00 0.000000e+00 0.000000e+00 8.122774e-09
9.000000e+01 4 2.320324e+02 2.743186e+02 1.047919e+03 5.722384e+00 0.000000e+00 0.000000e+00 8.550000e-01 8.550000e-01 4.071125e+04 3.986735e+03 8.550000e-01 0.000000e+00 0.000000e+00 0.000000e+00 8.122774e-09
9.000000e+01 5 2.320324e+02 2.743186e+02 1.047919e+03 5.722384e+00 0.000000e+00 0.000000e+00 8.550000e-01 8.550000e-01 4.071125e+04 3.986735e+03 8.550000e-01 0.000000e+00 0.000000e+00 0.000000e+00 8.122774e-09
9.000000e+01 6 2.320324e+02 2.743186e+02 1.047919e+03 5.722384e+00 0.000000e+00 0.000000e+00 8.550000e-01 8.550000e-01 4.071125e+04 3.986735e+03 8.550000e-01 0.000000e+00 0.000000e+00 0.000000e+00 8.122774e-09
9.000000e+01 7 2.320324e+02 2.743186e+02 1.047919e+03 5.722384e+00 0.000000e+00 0.000000e+00 8.550000e-01 8.550000e-01 4.071125e+04 3.986735e+03 8.550000e-01 0.000000e+00 0.000000e+00 0.000000e+00 8.122774e-09
9.000000e+01 8 2.320324e+02 2.743186e+02 1.047919e+03 5.722384e+00 0.000000e+00 0.000000e+00 8.550000e-01 8.550000e-01 4.071125e+04 3.986735e+03 8.550000e-01 0.000000e+00 0.000000e+00 0.000000e+00 8.122774e-09
9.000000e+01 9 2.320324e+02 2.743186e+02 1.047919e+03 5.722384e+00 0.000000e+00 0.000000e+00 8.550000e-01 8.550000e-01 4.071125e+04 3.986735e+03 8.550000e-01 0.000000e+00 0.000000e+00 0.000000e+00 8.122774e-09
9.000000e+01 10 2.320324e+02 2.743186e+02 1.047919e+03 5.722384e+00 0.000000e+00 0.000000e+00 8.550000e-01 8.550000e-01 4.071125e+04 3.986735e+03 8.550000e-01 0.000000e+00 0.000000e+00 0.000000e+00 8.122774e-09
9.500000e+01 0 0.000000e+00 0.000000e+00 0.000000e+00 0.000000e+00 0.000000e+00 0.000000e+00 0.000000e+00 0.000000e+00 0.000000e+00 0.000000e+00 0.000000e+00 0.000000e+00 0.000000e+00 0.000000e+00 0.000000e+00
9.500000e+01 1 2.235637e+02 2.772647e+02 1.113577e+03 5.903424e+00 0.000000e+00 0.000000e+00 8.550000e-01 8.550000e-01 4.056680e+04 3.974604e+03 8.550000e-01 0.000000e+00 0.000000e+00 0.000000e+00 8.122774e-09
9.500000e+01 2 2.235637e+02 2.772647e+02 1.113577e+03 5.903424e+00 0.000000e+00 0.000000e+00 8.550000e-01 8.550000e-01 4.056680e+04 3.974604e+03 8.550000e-01 0.000000e+00 0.000000e+00 0.000000e+00 8.122774e-09
9.500000e+01 3 2.235637e+02 2.772647e+02 1.113577e+03 5.903424e+00 0.000000e+00 0.000000e+00 8.550000e-01 8.550000e-01 4.056680e+04 3.974604e+03 8.550000e-01 0.000000e+00 0.000000e+00 0.000000e+00 8.122774e-09
9.500000e+01 4 2.235637e+02 2.772647e+02 1.113577e+03 5.903424e+00 0.000000e+00 0.000000e+00 8.550000e-01 8.550000e-01 4.056680e+04 3.974604e+03 8.550000e-01 0.000000e+00 0.000000e+00 0.000000e+00 8.122774e-09
9.500000e+01 5 2.235637e+02 2.772647e+02 1.113577e+03 5.903424e+00 0.000000e+00 0.000000e+00 8.550000e-01 8.550000e-01 4.056680e+04 3.974604e+03 8.550000e-01 0.000000e+00 0.000000e+00 0.000000e+00 8.122774e-09
9.500000e+01 6 2.235637e+02 2.772647e+02 1.113577e+03 5.903424e+00 0.000000e+00 0.000000e+00 8.550000e-01 8.550000e-01 4.056680e+04 3.974604e+03 8.550000e-01 0.000000e+00 0.000000e+00 0.000000e+00 8.122774e-09
9.500000e+01 7 2.235637e+02 2.772647e+02 1.113577e+03 5.903424e+00 0.000000e+00 0.000000e+00 8.550000e-01 8.550000e-01 4.056680e+04 3.974604e+03 8.550000e-01 0.000000e+00 0.000000e+00 0.000000e+00 8.122774e-09
9.500000e+01 8 2.235637e+02 2.772647e+02 1.113577e+03 5.903424e+00 0.000000e+00 0.000000e+00 8.550000e-01 8.550000e-01 4.056680e+04 3.974604e+03 8.550000e-01 0.000000e+00 0.000000e+00 0.000000e+00 8.122774e-09
9.500000e+01 9 2.235637e+02 2.772647e+02 1.113577e+03 5.903424e+00 0.000000e+00 0.000000e+00 8.550000e-01 8.550000e-01 4.056680e+04 3.974604e+03 8.550000e-01 0.000000e+00 0.000000e+00 0.000000e+00 8.122774e-09
9.500000e+01 10 2.235637e+02 2.772647e+02 1.113577e+03 5.903424e+00 0.000000e+00 0.000000e+00 8.550000e-01 8.550000e-01 4.056680e+04 3.974604e+03 8.550000e-01 0.000000e+00 0.000000e+00 0.000000e+00 8.122774e-09
1.000000e+02 0 0.000000e+00 0.000000e+00 0.000000e+00 0.000000e+00 0.000000e+00 0.000000e+00 0.000000e+00 0.000000e+00 0.000000e+00 0.000000e+00 0.000000e+00 0.000000e+00 0.000000e+00 0.000000e+00 0.000000e+00
1.000000e+02 1 2.260782e+02 2.802746e+02 1.188528e+03 6.092721e+00 0.000000e+00 0.000000e+00 8.550000e-01 8.550000e-01 4.040609e+04 3.960882e+03 8.550000e-01 0.000000e+00 0.000000e+00 0.000000e+00 8.122774e-09
1.000000e+02 2 2.260782e+02 2.802746e+02 1.188528e+03 6.092721e+00 0.000000e+00 0.000000e+00 8.550000e-01 8.550000e-01 4.040609e+04 3.960882e+03 8.550000e-01 0.000000e+00 0.000000e+00 0.000000e+00 8.122774e-09
1.000000e+02 3 2.260782e+02 2.802746e+02 1.188528e+03 6.092721e+00 0.000000e+00 0.000000e+00 8.550000e-01 8.550000e-01 4.040609e+04 3.960882e+03 8.550000e-01 0.000000e+00 0.000000e+00 0.000000e+00 8.122774e-09
1.000000e+02 4 2.260782e+02 2.802746e+02 1.188528e+03 6.092721e+00 0.000000e+00 0.000000e+00 8.550000e-01 8.550000e-01 4.040609e+04 3.960882e+03 8.550000e-01 0.000000e+00 0.000000e+00 0.000000e+00 8.122774e-09
1.000000e+02 5 2.260782e+02 2.802746e+02 1.188528e+03 6.092721e+00 0.000000e+00 0.000000e+00 8.550000e-01 8.550000e-01 4.040609e+04 3.960882e+03 8.550000e-01 0.000000e+00 0.000000e+00 0.000000e+00 8.122774e-09
1.000000e+02 6 2.260782e+02 2.802746e+02 1.188528e+03 6.092721e+00 0.000000e+00 0.000000e+00 8.550000e-01 8.550000e-01 4.040609e+04 3.960882e+03 8.550000e-01 0.000000e+00 0.000000e+00 0.000000e+00 8.122774e-09
1.000000e+02 7 2.260782e+02 2.802746e+02 1.188528e+03 6.092721e+00 0.000000e+00 0.000000e+00 8.550000e-01 8.550000e-01 4.040609e+04 3.960882e+03 8.550000e-01 0.000000e+00 0.000000e+00 0.000000e+00 8.122774e-09
1.000000e+02 8 2.260782e+02 2.802746e+02 1.188528e+03 6.092721e+00 0.000000e+00 0.000000e+00 8.550000e-01 8.550000e-01 4.040609e+04 3.960882e+03 8.550000e-01 0.000000e+00 0.000000e+00 0.000000e+00 8.122774e-09
1.000000e+02 9 2.260782e+02 2.802746e+02 1.188528e+03 6.092721e+00 0.000000e+00 0.000000e+00 8.550000e-01 8.550000e-01 4.040609e+04 3.960882e+03 8.550000e-01 0.000000e+00 0.000000e+00 0.000000e+00 8.122774e-09
1.000000e+02 10 2.260782e+02 2.802746e+02 1.188528e+03 6.092721e+00 0.000000e+00 0.000000e+00 8.550000e-01 8.550000e-01 4.040609e+04 3.960882e+03 8.550000e-01 0.000000e+00 0.000000e+00 0.000000e+00 8.122774e-09
1.050000e+02 0 0.000000e+00 0.000000e+00 0.000000e+00 0.000000e+00 0.000000e+00 0.000000e+00 0.000000e+00 0.000000e+00 0.000000e+00 0.000000e+00 0.000000e+00 0.000000e+00 0.000000e+00 0.000000e+00 0.000000e+00
1.050000e+02 1 2.286474e+02 2.674816e+02 1.274145e+03 6.290065e+00 0.000000e+00 0.000000e+00 8.550000e-01 8.550000e-01 4.022686e+04 3.945347e+03 8.550000e-01 0.000000e+00 0.000000e+00 0.000000e+00 8.122774e-09
1.050000e+02 2 2.286474e+02 2.674816e+02 1.274145e+03 6.290065e+00 0.000000e+00 0.000000e+00 8.550000e-01 8.550000e-01 4.022686e+04 3.945347e+03 8.550000e-01 0.000000e+00 0.000000e+00 0.000000e+00 8.122774e-09
1.050000e+02 3 2.286474e+02 2.674816e+02 1.274145e+03 6.290065e+00 0.000000e+00 0.000000e+00 8.550000e-01 8.550000e-01 4.022686e+04 3.945347e+03 8.550000e-01 0.000000e+00 0.000000e+00 0.000000e+00 8.122774e-09
1.050000e+02 4 2.286474e+02 2.674816e+02 1.274145e+03 6.290065e+00 0.000000e+00 0.000000e+00 8.550000e-01 8.550000e-01 4.022686e+04 3.945347e+03 8.550000e-01 0.000000e+00 0.000000e+00 0.000000e+00 8.122774e-09
1.050000e+02 5 2.286474e+02 2.674816e+02 1.274145e+03 6.290065e+00 0.000000e+00 0.000000e+00 8.550000e-01 8.550000e-01 4.022686e+04 3.945347e+03 8.550000e-01 0.000000e+00 0.000000e+00 0.000000e+00 8.122774e-09
1.050000e+02 6 2.286474e+02 2.674816e+02 1.274145e+03 6.290065e+00 0.000000e+00 0.000000e+00 8.550000e-01 8.550000e-01 4.022686e+04 3.945347e+03 8.550000e-01 0.000000e+00 0.000000e+00 0.000000e+00 8.122774e-09
1.050000e+02 7 2.286474e+02 2.674816e+02 1.274145e+03 6.290065e+00 0.000000e+00 0.000000e+00 8.550000e-01 8.550000e-01 4.022686e+04 3.945347e+03 8.550000e-01 0.000000e+00 0.000000e+00 0.000000e+00 8.122774e-09
1.050000e+02 8 2.286474e+02 2.674816e+02 1.274145e+03 6.290065e+00 0.000000e+00 0.000000e+00 8.550000e-01 8.550000e-01 4.022686e+04 3.945347e+03 8.550000e-01 0.000000e+00 0.000000e+00 0.000000e+00 8.122774e-09
1.050000e+02 9 2.286474e+02 2.674816e+02 1.274145e+03 6.290065e+00 0.000000e+00 0.000000e+00 8.550000e-01 8.550000e-01 4.022686e+04 3.945347e+03 8.550000e-01 0.000000e+00 0.000000e+00 0.000000e+00 8.122774e-09
1.050000e+02 10 2.286474e+02 2.674816e+02 1.274145e+03 6.290065e+00 0.000000e+00 0.000000e+00 8.550000e-01 8.550000e-01 4.022686e+04 3.945347e+03 8.550000e-01 0.000000e+00 0.000000e+00 0.000000e+00 8.122774e-09
1.100000e+02 0 0.000000e+00 0.000000e+00 0.000000e+00 0.000000e+00 0.000000e+00 0.000000e+00 0.000000e+00 0.000000e+00 0.000000e+00 0.000000e+00 0.000000e+00 0.000000e+00 0.000000e+00 0.000000e+00 0.000000e+00
1.100000e+02 1 5.266583e+02 2.532301e+02 1.372036e+03 6.494045e+00 0.000000e+00 0.000000e+00 8.550000e-01 8.550000e-01 4.002244e+04 3.927344e+03 8.550000e-01 0.000000e+00 0.000000e+00 0.000000e+00 8.122774e-09
1.100000e+02 2 5.266583e+02 2.532301e+02 1.372036e+03 6.494045e+00 0.000000e+00 0.000000e+00 8.550000e-01 8.550000e-01 4.002244e+04 3.927344e+03 8.550000e-01 0.000000e+00 0.000000e+00 0.000000e+00 8.122774e-09
1.100000e+02 3 5.266583e+02 2.532301e+02 1.372036e+03 6.494045e+00 0.000000e+00 0.000000e+00 8.550000e-01 8.550000e-01 4.002244e+04 3.927344e+03 8.550000e-01 0.000000e+00 0.000000e+00 0.000000e+00 8.122774e-09
1.100000e+02 4 5.266583e+02 2.532301e+02 1.372036e+03 6.494045e+00 0.000000e+00 0.000000e+00 8.550000e-01 8.550000e-01 4.002244e+04 3.927344e+03 8.550000e-01 0.000000e+00 0.000000e+00 0.000000e+00 8.122774e-09
1.100000e+02 5 5.266583e+02 2.532301e+02 1.372036e+03 6.494045e+00 0.000000e+00 0.000000e+00 8.550000e-01 8.550000e-01 4.002244e+04 3.927344e+03 8.550000e-01 0.000000e+00 0.000000e+00 0.000000e+00 8.122774e-09
1.100000e+02 6 5.266583e+02 2.532301e+02 1.372036e+03 6.494045e+00 0.000000e+00 0.000000e+00 8.550000e-01 8.550000e-01 4.002244e+04 3.927344e+03 8.550000e-01 0.000000e+00 0.000000e+00 0.000000e+00 8.122774e-09
1.100000e+02 7 5.266583e+02 2.532301e+02 1.372036e+03 6.494045e+00 0.000000e+00 0.000000e+00 8.550000e-01 8.550000e-01 4.002244e+04 3.927344e+03 8.550000e-01 0.000000e+00 0.000000e+00 0.000000e+00 8.122774e-09
1.100000e+02 8 5.266583e+02 2.532301e+02 1.372036e+03 6.494045e+00 0.000000e+00 0.000000e+00 8.550000e-01 8.550000e-01 4.002244e+04 3.927344e+03 8.550000e-01 0.000000e+00 0.000000e+00 0.000000e+00 8.122774e-09
1.100000e+02 9 5.266583e+02 2.532301e+02 1.372036e+03 6.494045e+00 0.000000e+00 0.000000e+00 8.550000e-01 8.550000e-01 4.002244e+04 3.927344e+03 8.550000e-01 0.000000e+00 0.000000e+00 0.000000e+00 8.122774e-09
1.100000e+02 10 5.266583e+02 2.532301e+02 1.372036e+03 6.494045e+00 0.000000e+00 0.000000e+00 8.550000e-01 8.550000e-01 4.002244e+04 3.927344e+03 8.550000e-01 0.000000e+00 0.000000e+00 0.000000e+00 8.122774e-09
1.150000e+02 0 0.000000e+00 0.000000e+00 0.000000e+00 0.000000e+00 0.000000e+00 0.000000e+00 0.000000e+00 0.000000e+00 0.000000e+00 0.000000e+00 0.000000e+00 0.000000e+00 0.000000e+00 0.000000e+00 0.000000e+00
1.150000e+02 1 9.196732e+02 2.683622e+02 1.483992e+03 6.708970e+00 0.000000e+00 0.000000e+00 8.550000e-01 8.550000e-01 3.977655e+04 3.905277e+03 8.550000e-01 0.000000e+00 0.000000e+00 0.000000e+00 8.122774e-09
1.150000e+02 2 9.196732e+02 2.683622e+02 1.483992e+03 6.708970e+00 0.000000e+00 0.000000e+00 8.550000e-01 8.550000e-01 3.977655e+04 3.905277e+03 8.550000e-01 0.000000e+00 0.000000e+00 0.000000e+00 8.122774e-09
1.150000e+02 3 9.196732e+02 2.683622e+02 1.483992e+03 6.708970e+00 0.000000e+00 0.000000e+00 8.550000e-01 8.550000e-01 3.977655e+04 3.905277e+03 8.550000e-01 0.000000e+00 0.000000e+00 0.000000e+00 8.122774e-09
1.150000e+02 4 9.196732e+02 2.683622e+02 1.483992e+03 6.708970e+00 0.000000e+00 0.000000e+00 8.550000e-01 8.550000e-01 3.977655e+04 3.905277e+03 8.550000e-01 0.000000e+00 0.000000e+00 0.000000e+00 8.122774e-09
1.150000e+02 5 9.196732e+02 2.683622e+02 1.483992e+03 6.708970e+00 0.000000e+00 0.000000e+00 8.550000e-01 8.550000e-01 3.977655e+04 3.905277e+03 8.550000e-01 0.000000e+00 0.000000e+00 0.000000e+00 8.122774e-09
1.150000e+02 6 9.196732e+02 2.683622e+02 1.483992e+03 6.708970e+00 0.000000e+00 0.000000e+00 8.550000e-01 8.550000e-01 3.977655e+04 3.905277e+03 8.550000e-01 0.000000e+00 0.000000e+00 0.000000e+00 8.122774e-09
1.150000e+02 7 9.196732e+02 2.683622e+02 1.483992e+03 6.708970e+00 0.000000e+00 0.000000e+00 8.550000e-01 8.550000e-01 3.977655e+04 3.905277e+03 8.550000e-01 0.000000e+00 0.000000e+00 0.000000e+00 8.122774e-09
1.150000e+02 8 9.196732e+02 2.683622e+02 1.483992e+03 6.708970e+00 0.000000e+00 0.000000e+00 8.550000e-01 8.550000e-01 3.977655e+04 3.905277e+03 8.550000e-01 0.000000e+00 0.000000e+00 0.000000e+00 8.122774e-09
1.150000e+02 9 9.196732e+02 2.683622e+02 1.483992e+03 6.708970e+00 0.000000e+00 0.000000e+00 8.550000e-01 8.550000e-01 3.977655e+04 3.905277e+03 8.550000e-01 0.000000e+00 0.000000e+00 0.000000e+00 8.122774e-09
1.150000e+02 10 9.196732e+02 2.683622e+02 1.483992e+03 6.708970e+00 0.000000e+00 0.000000e+00 8.550000e-01 8.550000e-01 3.977655e+04 3.905277e+03 8.550000e-01 0.000000e+00 0.000000e+00 0.000000e+00 8.122774e-09
1.200000e+02 0 0.000000e+00 0.000000e+00 0.000000e+00 0.000000e+00 0.000000e+00 0.000000e+00 0.000000e+00 0.000000e+00 0.000000e+00 0.000000e+00 0.000000e+00 0.000000e+00 0.000000e+00 0.000000e+00 0.000000e+00
1.200000e+02 1 1.324254e+03 2.837988e+02 1.612021e+03 6.932373e+00 0.000000e+00 0.000000e+00 8.550000e-01 8.550000e-01 3.948180e+04 3.878419e+03 8.550000e-01 0.000000e+00 0.000000e+00 0.000000e+00 8.122774e-09
1.200000e+02 2 1.324254e+03 2.837988e+02 1.612021e+03 6.932373e+00 0.000000e+00 0.000000e+00 8.550000e-01 8.550000e-01 3.948180e+04 3.878419e+03 8.550000e-01 0.000000e+00 0.000000e+00 0.000000e+00 8.122774e-09
1.200000e+02 3 1.324254e+03 2.837988e+02 1.612021e+03 6.932373e+00 0.000000e+00 0.000000e+00 8.550000e-01 8.550000e-01 3.948180e+04 3.878419e+03 8.550000e-01 0.000000e+00 0.000000e+00 0.000000e+00 8.122774e-09
1.200000e+02 4 1.324254e+03 2.837988e+02 1.612021e+03 6.932373e+00 0.000000e+00 0.000000e+00 8.550000e-01 8.550000e-01 3.948180e+04 3.878419e+03 8.550000e-01 0.000000e+00 0.000000e+00 0.000000e+00 8.122774e-09
1.200000e+02 5 1.324254e+03 2.837988e+02 1.612021e+03 6.932373e+00 0.000000e+00 0.000000e+00 8.550000e-01 8.550000e-01 3.948180e+04 3.878419e+03 8.550000e-01 0.000000e+00 0.000000e+00 0.000000e+00 8.122774e-09
1.200000e+02 6 1.324254e+03 2.837988e+02 1.612021e+03 6.932373e+00 0.000000e+00 0.000000e+00 8.550000e-01 8.550000e-01 3.948180e+04 3.878419e+03 8.550000e-01 0.000000e+00 0.000000e+00 0.000000e+00 8.122774e-09
1.200000e+02 7 1.324254e+03 2.837988e+02 1.612021e+03 6.932373e+00 0.000000e+00 0.000000e+00 8.550000e-01 8.550000e-01 3.948180e+04 3.878419e+03 8.550000e-01 0.000000e+00 0.000000e+00 0.000000e+00 8.122774e-09
1.200000e+02 8 1.324254e+03 2.837988e+02 1.612021e+03 6.932373e+00 0.000000e+00 0.000000e+00 8.550000e-01 8.550000e-01 3.948180e+04 3.878419e+03 8.550000e-01 0.000000e+00 0.000000e+00 0.000000e+00 8.122774e-09
1.200000e+02 9 1.324254e+03 2.837988e+02 1.612021e+03 6.932373e+00 0.000000e+00 0.000000e+00 8.550000e-01 8.550000e-01 3.948180e+04 3.878419e+03 8.550000e-01 0.000000e+00 0.000000e+00 0.000000e+00 8.122774e-09
1.200000e+02 10 1.324254e+03 2.837988e+02 1.612021e+03 6.932373e+00 0.000000e+00 0.000000e+00 8.550000e-01 8.550000e-01 3.948180e+04 3.878419e+03 8.550000e-01 0.000000e+00 0.000000e+00 0.000000e+00 8.122774e-09
1.250000e+02 0 0.000000e+00 0.000000e+00 0.000000e+00 0.000000e+00 0.000000e+00 0.000000e+00 0.000000e+00 0.000000e+00 0.000000e+00 0.000000e+00 0.000000e+00 0.000000e+00 0.000000e+00 0.000000e+00 0.000000e+00
1.250000e+02 1 1.740791e+03 2.993720e+02 1.758427e+03 7.160819e+00 0.000000e+00 0.000000e+00 8.550000e-01 8.550000e-01 3.913365e+04 3.846321e+03 8.550000e-01 0.000000e+00 0.000000e+00 0.000000e+00 8.122774e-09
1.250000e+02 2 1.740791e+03 2.993720e+02 1.758427e+03 7.160819e+00 0.000000e+00 0.000000e+00 8.550000e-01 8.550000e-01 3.913365e+04 3.846321e+03 8.550000e-01 0.000000e+00 0.000000e+00 0.000000e+00 8.122774e-09
1.250000e+02 3 1.740791e+03 2.993720e+02 1.758427e+03 7.160819e+00 0.000000e+00 0.000000e+00 8.550000e-01 8.550000e-01 3.913365e+04 3.846321e+03 8.550000e-01 0.000000e+00 0.000000e+00 0.000000e+00 8.122774e-09
1.250000e+02 4 1.740791e+03 2.993720e+02 1.758427e+03 7.160819e+00 0.000000e+00 0.000000e+00 8.550000e-01 8.550000e-01 3.913365e+04 3.846321e+03 8.550000e-01 0.000000e+00 0.000000e+00 0.000000e+00 8.122774e-09
1.250000e+02 5 1.740791e+03 2.993720e+02 1.758427e+03 7.160819e+00 0.000000e+00 0.000000e+00 8.550000e-01 8.550000e-01 3.913365e+04 3.846321e+03 8.550000e-01 0.000000e+00 0.000000e+00 0.000000e+00 8.122774e-09
1.250000e+02 6 1.740791e+03 2.993720e+02 1.758427e+03 7.160819e+00 0.000000e+00 0.000000e+00 8.550000e-01 8.550000e-01 3.913365e+04 3.846321e+03 8.550000e-01 0.000000e+00 0.000000e+00 0.000000e+00 8.122774e-09
1.250000e+02 7 1.740791e+03 2.993720e+02 1.758427e+03 7.160819e+00 0.000000e+00 0.000000e+00 8.550000e-01 8.550000e-01 3.913365e+04 3.846321e+03 8.550000e-01 0.000000e+00 0.000000e+00 0.000000e+00 8.122774e-09
1.250000e+02 8 1.740791e+03 2.993720e+02 1.758427e+03 7.160819e+00 0.000000e+00 0.000000e+00 8.550000e-01 8.550000e-01 3.913365e+04 3.846321e+03 8.550000e-01 0.000000e+00 0.000000e+00 0.000000e+00 8.122774e-09
1.250000e+02 9 1.740791e+03 2.993720e+02 1.758427e+03 7.160819e+00 0.000000e+00 0.000000e+00 8.550000e-01 8.550000e-01 3.913365e+04 3.846321e+03 8.550000e-01 0.000000e+00 0.000000e+00 0.000000e+00 8.122774e-09
1.250000e+02 10 1.740791e+03 2.993720e+02 1.758427e+03 7.160819e+00 0.000000e+00 0.000000e+00 8.550000e-01 8.550000e-01 3.913365e+04 3.846321e+03 8.550000e-01 0.000000e+00 0.000000e+00 0.000000e+00 8.122774e-09
1.300000e+02 0 0.000000e+00 0.000000e+00 0.000000e+00 0.000000e+00 0.000000e+00 0.000000e+00 0.000000e+00 0.000000e+00 0.000000e+00 0.000000e+00 0.000000e+00 0.000000e+00 0.000000e+00 0.000000e+00 0.000000e+00
1.300000e+02 1 2.169652e+03 3.149084e+02 1.925823e+03 7.392579e+00 0.000000e+00 0.000000e+00 8.550000e-01 8.550000e-01 3.872701e+04 3.808474e+03 8.550000e-01 0.000000e+00 0.000000e+00 0.000000e+00 8.122774e-09
1.300000e+02 2 2.169652e+03 3.149084e+02 1.925823e+03 7.392579e+00 0.000000e+00 0.000000e+00 8.550000e-01 8.550000e-01 3.872701e+04 3.808474e+03 8.550000e-01 0.000000e+00 0.000000e+00 0.000000e+00 8.122774e-09
1.300000e+02 3 2.169652e+03 3.149084e+02 1.925823e+03 7.392579e+00 0.000000e+00 0.000000e+00 8.550000e-01 8.550000e-01 3.872701e+04 3.808474e+03 8.550000e-01 0.000000e+00 0.000000e+00 0.000000e+00 8.122774e-09
1.300000e+02 4 2.169652e+03 3.149084e+02 1.925823e+03 7.392579e+00 0.000000e+00 0.000000e+00 8.550000e-01 8.550000e-01 3.872701e+04 3.808474e+03 8.550000e-01 0.000000e+00 0.000000e+00 0.000000e+00 8.122774e-09
1.300000e+02 5 2.169652e+03 3.149084e+02 1.925823e+03 7.392579e+00 0.000000e+00 0.000000e+00 8.550000e-01 8.550000e-01 3.872701e+04 3.808474e+03 8.550000e-01 0.000000e+00 0.000000e+00 0.000000e+00 8.122774e-09
1.300000e+02 6 2.169652e+03 3.149084e+02 1.925823e+03 7.392579e+00 0.000000e+00 0.000000e+00 8.550000e-01 8.550000e-01 3.872701e+04 3.808474e+03 8.550000e-01 0.000000e+00 0.000000e+00 0.000000e+00 8.122774e-09
1.300000e+02 7 2.169652e+03 3.149084e+02 1.925823e+03 7.392579e+00 0.000000e+00 0.000000e+00 8.550000e-01 8.550000e-01 3.872701e+04 3.808474e+03 8.550000e-01 0.000000e+00 0.000000e+00 0.000000e+00 8.122774e-09
1.300000e+02 8 2.169652e+03 3.149084e+02 1.925823e+03 7.392579e+00 0.000000e+00 0.000000e+00 8.550000e-01 8.550000e-01 3.872701e+04 3.808474e+03 8.550000e-01 0.000000e+00 0.000000e+00 0.000000e+00 8.122774e-09
1.300000e+02 9 2.169652e+03 3.149084e+02 1.925823e+03 7.392579e+00 0.000000e+00 0.000000e+00 8.550000e-01 8.550000e-01 3.872701e+04 3.808474e+03 8.550000e-01 0.000000e+00 0.000000e+00 0.000000e+00 8.122774e-09
1.300000e+02 10 2.169652e+03 3.149084e+02 1.925823e+03 7.392579e+00 0.000000e+00 0.000000e+00 8.550000e-01 8.550000e-01 3.872701e+04 3.808474e+03 8.550000e-01 0.000000e+00 0.000000e+00 0.000000e+00 8.122774e-09
1.350000e+02 0 0.000000e+00 0.000000e+00 0.000000e+00 0.000000e+00 0.000000e+00 0.000000e+00 0.000000e+00 0.000000e+00 0.000000e+00 0.000000e+00 0.000000e+00 0.000000e+00 0.000000e+00 0.000000e+00 0.000000e+00
1.350000e+02 1 2.611206e+03 3.302237e+02 2.117157e+03 7.626531e+00 0.000000e+00 0.000000e+00 8.550000e-01 8.550000e-01 3.825615e+04 3.764309e+03 8.550000e-01 0.000000e+00 0.000000e+00 0.000000e+00 8.122774e-09
1.350000e+02 2 2.611206e+03 3.302237e+02 2.117157e+03 7.626531e+00 0.000000e+00 0.000000e+00 8.550000e-01 8.550000e-01 3.825615e+04 3.764309e+03 8.550000e-01 0.000000e+00 0.000000e+00 0.000000e+00 8.122774e-09
1.350000e+02 3 2.611206e+03 3.302237e+02 2.117157e+03 7.626531e+00 0.000000e+00 0.000000e+00 8.550000e-01 8.550000e-01 3.825615e+04 3.764309e+03 8.550000e-01 0.000000e+00 0.000000e+00 0.000000e+00 8.122774e-09
1.350000e+02 4 2.611206e+03 3.302237e+02 2.117157e+03 7.626531e+00 0.000000e+00 0.000000e+00 8.550000e-01 8.550000e-01 3.825615e+04 3.764309e+03 8.550000e-01 0.000000e+00 0.000000e+00 0.000000e+00 8.122774e-09
1.350000e+02 5 2.611206e+03 3.302237e+02 2.117157e+03 7.626531e+00 0.000000e+00 0.000000e+00 8.550000e-01 8.550000e-01 3.825615e+04 3.764309e+03 8.550000e-01 0.000000e+00 0.000000e+00 0.000000e+00 8.122774e-09
1.350000e+02 6 2.611206e+03 3.302237e+02 2.117157e+03 7.626531e+00 0.000000e+00 0.000000e+00 8.550000e-01 8.550000e-01 3.825615e+04 3.764309e+03 8.550000e-01 0.000000e+00 0.000000e+00 0.000000e+00 8.122774e-09
1.350000e+02 7 2.611206e+03 3.302237e+02 2.117157e+03 7.626531e+00 0.000000e+00 0.000000e+00 8.550000e-01 8.550000e-01 3.825615e+04 3.764309e+03 8.550000e-01 0.000000e+00 0.000000e+00 0.000000e+00 8.122774e-09
1.350000e+02 8 2.611206e+03 3.302237e+02 2.117157e+03 7.626531e+00 0.000000e+00 0.000000e+00 8.550000e-01 8.550000e-01 3.825615e+04 3.764309e+03 8.550000e-01 0.000000e+00 0.000000e+00 0.000000e+00 8.122774e-09
1.350000e+02 9 2.611206e+03 3.302237e+02 2.117157e+03 7.626531e+00 0.000000e+00 0.000000e+00 8.550000e-01 8.550000e-01 3.825615e+04 3.764309e+03 8.550000e-01 0.000000e+00 0.000000e+00 0.000000e+00 8.122774e-09
1.350000e+02 10 2.611206e+03 3.302237e+02 2.117157e+03 7.626531e+00 0.000000e+00 0.000000e+00 8.550000e-01 8.550000e-01 3.825615e+04 3.764309e+03 8.550000e-01 0.000000e+00 0.000000e+00 0.000000e+00 8.122774e-09
1.400000e+02 0 0.000000e+00 0.000000e+00 0.000000e+00 0.000000e+00 0.000000e+00 0.000000e+00 0.000000e+00 0.000000e+00 0.000000e+00 0.000000e+00 0.000000e+00 0.000000e+00 0.000000e+00 0.000000e+00 0.000000e+00
1.400000e+02 1 2.760155e+03 3.452494e+02 2.335746e+03 7.864053e+00 0.000000e+00 0.000000e+00 8.550000e-01 8.550000e-01 3.772092e+04 3.713804e+03 8.550000e-01 0.000000e+00 0.000000e+00 0.000000e+00 8.122774e-09
1.400000e+02 2 2.760155e+03 3.452494e+02 2.335746e+03 7.864053e+00 0.000000e+00 0.000000e+00 8.550000e-01 8.550000e-01 3.772092e+04 3.713804e+03 8.550000e-01 0.000000e+00 0.000000e+00 0.000000e+00 8.122774e-09
1.400000e+02 3 2.760155e+03 3.452494e+02 2.335746e+03 7.864053e+00 0.000000e+00 0.000000e+00 8.550000e-01 8.550000e-01 3.772092e+04 3.713804e+03 8.550000e-01 0.000000e+00 0.000000e+00 0.000000e+00 8.122774e-09
1.400000e+02 4 2.760155e+03 3.452494e+02 2.335746e+03 7.864053e+00 0.000000e+00 0.000000e+00 8.550000e-01 8.550000e-01 3.772092e+04 3.713804e+03 8.550000e-01 0.000000e+00 0.000000e+00 0.000000e+00 8.122774e-09
1.400000e+02 5 2.760155e+03 3.452494e+02 2.335746e+03 7.864053e+00 0.000000e+00 0.000000e+00 8.550000e-01 8.550000e-01 3.772092e+04 3.713804e+03 8.550000e-01 0.000000e+00 0.000000e+00 0.000000e+00 8.122774e-09
1.400000e+02 6 2.760155e+03 3.452494e+02 2.335746e+03 7.864053e+00 0.000000e+00 0.000000e+00 8.550000e-01 8.550000e-01 3.772092e+04 3.713804e+03 8.550000e-01 0.000000e+00 0.000000e+00 0.000000e+00 8.122774e-09
1.400000e+02 7 2.760155e+03 3.452494e+02 2.335746e+03 7.864053e+00 0.000000e+00 0.000000e+00 8.550000e-01 8.550000e-01 3.772092e+04 3.713804e+03 8.550000e-01 0.000000e+00 0.000000e+00 0.000000e+00 8.122774e-09
1.400000e+02 8 2.760155e+03 3.452494e+02 2.335746e+03 7.864053e+00 0.000000e+00 0.000000e+00 8.550000e-01 8.550000e-01 3.772092e+04 3.713804e+03 8.550000e-01 0.000000e+00 0.000000e+00 0.000000e+00 8.122774e-09
1.400000e+02 9 2.760155e+03 3.452494e+02 2.335746e+03 7.864053e+00 0.000000e+00 0.000000e+00 8.550000e-01 8.550000e-01 3.772092e+04 3.713804e+03 8.550000e-01 0.000000e+00 0.000000e+00 0.000000e+00 8.122774e-09
1.400000e+02 10 2.760155e+03 3.452494e+02 2.335746e+03 7.864053e+00 0.000000e+00 0.000000e+00 8.550000e-01 8.550000e-01 3.772092e+04 3.713804e+03 8.550000e-01 0.000000e+00 0.000000e+00 0.000000e+00 8.122774e-09
1.450000e+02 0 0.000000e+00 0.000000e+00 0.000000e+00 0.000000e+00 0.000000e+00 0.000000e+00 0.000000e+00 0.000000e+00 0.000000e+00 0.000000e+00 0.000000e+00 0.000000e+00 0.000000e+00 0.000000e+00 0.000000e+00
1.450000e+02 1 2.835919e+03 3.468635e+02 2.585327e+03 8.109349e+00 0.000000e+00 0.000000e+00 8.550000e-01 8.550000e-01 3.712719e+04 3.657521e+03 8.550000e-01 0.000000e+00 0.000000e+00 0.000000e+00 8.122774e-09
1.450000e+02 2 2.835919e+03 3.468635e+02 2.585327e+03 8.109349e+00 0.000000e+00 0.000000e+00 8.550000e-01 8.550000e-01 3.712719e+04 3.657521e+03 8.550000e-01 0.000000e+00 0.000000e+00 0.000000e+00 8.122774e-09
1.450000e+02 3 2.835919e+03 3.468635e+02 2.585327e+03 8.109349e+00 0.000000e+00 0.000000e+00 8.550000e-01 8.550000e-01 3.712719e+04 3.657521e+03 8.550000e-01 0.000000e+00 0.000000e+00 0.000000e+00 8.122774e-09
1.450000e+02 4 2.835919e+03 3.468635e+02 2.585327e+03 8.109349e+00 0.000000e+00 0.000000e+00 8.550000e-01 8.550000e-01 3.712719e+04 3.657521e+03 8.550000e-01 0.000000e+00 0.000000e+00 0.000000e+00 8.122774e-09
1.450000e+02 5 2.835919e+03 3.468635e+02 2.585327e+03 8.109349e+00 0.000000e+00 0.000000e+00 8.550000e-01 8.550000e-01 3.712719e+04 3.657521e+03 8.550000e-01 0.000000e+00 0.000000e+00 0.000000e+00 8.122774e-09
1.450000e+02 6 2.835919e+03 3.468635e+02 2.585327e+03 8.109349e+00 0.000000e+00 0.000000e+00 8.550000e-01 8.550000e-01 3.712719e+04 3.657521e+03 8.550000e-01 0.000000e+00 0.000000e+00 0.000000e+00 8.122774e-09
1.450000e+02 7 2.835919e+03 3.468635e+02 2.585327e+03 8.109349e+00 0.000000e+00 0.000000e+00 8.550000e-01 8.550000e-01 3.712719e+04 3.657521e+03 8.550000e-01 0.000000e+00 0.000000e+00 0.000000e+00 8.122774e-09
1.450000e+02 8 2.835919e+03 3.468635e+02 2.585327e+03 8.109349e+00 0.000000e+00 0.000000e+00 8.550000e-01 8.550000e-01 3.712719e+04 3.657521e+03 8.550000e-01 0.000000e+00 0.000000e+00 0.000000e+00 8.122774e-09
1.450000e+02 9 2.835919e+03 3.468635e+02 2.585327e+03 8.109349e+00 0.000000e+00 0.000000e+00 8.550000e-01 8.550000e-01 3.712719e+04 3.657521e+03 8.550000e-01 0.000000e+00 0.000000e+00 0.000000e+00 8.122774e-09
1.450000e+02 10 2.835919e+03 3.468635e+02 2.585327e+03 8.109349e+00 0.000000e+00 0.000000e+00 8.550000e-01 8.550000e-01 3.712719e+04 3.657521e+03 8.550000e-01 0.000000e+00 0.000000e+00 0.000000e+00 8.122774e-09
1.500000e+02 0 0.000000e+00 0.000000e+00 0.000000e+00 0.000000e+00 0.000000e+00 0.000000e+00 0.000000e+00 0.000000e+00 0.000000e+00 0.000000e+00 0.000000e+00 0.000000e+00 0.000000e+00 0.000000e+00 0.000000e+00
1.500000e+02 1 2.913848e+03 3.483549e+02 2.870087e+03 8.362537e+00 0.000000e+00 0.000000e+00 8.550000e-01 8.550000e-01 3.646788e+04 3.594756e+03 8.550000e-01 0.000000e+00 0.000000e+00 0.000000e+00 8.122774e-09
1.500000e+02 2 2.913848e+03 3.483549e+02 2.870087e+03 8.362537e+00 0.000000e+00 0.000000e+00 8.550000e-01 8.550000e-01 3.646788e+04 3.594756e+03 8.550000e-01 0.000000e+00 0.000000e+00 0.000000e+00 8.122774e-09
1.500000e+02 3 2.913848e+03 3.483549e+02 2.870087e+03 8.362537e+00 0.000000e+00 0.000000e+00 8.550000e-01 8.550000e-01 3.646788e+04 3.594756e+03 8.550000e-01 0.000000e+00 0.000000e+00 0.000000e+00 8.122774e-09
1.500000e+02 4 2.913848e+03 3.483549e+02 2.870087e+03 8.362537e+00 0.000000e+00 0.000000e+00 8.550000e-01 8.550000e-01 3.646788e+04 3.594756e+03 8.550000e-01 0.000000e+00 0.000000e+00 0.000000e+00 8.122774e-09
1.500000e+02 5 2.913848e+03 3.483549e+02 2.870087e+03 8.362537e+00 0.000000e+00 0.000000e+00 8.550000e-01 8.550000e-01 3.646788e+04 3.594756e+03 8.550000e-01 0.000000e+00 0.000000e+00 0.000000e+00 8.122774e-09
1.500000e+02 6 2.913848e+03 3.483549e+02 2.870087e+03 8.362537e+00 0.000000e+00 0.000000e+00 8.550000e-01 8.550000e-01 3.646788e+04 3.594756e+03 8.550000e-01 0.000000e+00 0.000000e+00 0.000000e+00 8.122774e-09
1.500000e+02 7 2.913848e+03 3.483549e+02 2.870087e+03 8.362537e+00 0.000000e+00 0.000000e+00 8.550000e-01 8.550000e-01 3.646788e+04 3.594756e+03 8.550000e-01 0.000000e+00 0.000000e+00 0.000000e+00 8.122774e-09
1.500000e+02 8 2.913848e+03 3.483549e+02 2.870087e+03 8.362537e+00 0.000000e+00 0.000000e+00 8.550000e-01 8.550000e-01 3.646788e+04 3.594756e+03 8.550000e-01 0.000000e+00 0.000000e+00 0.000000e+00 8.122774e-09
1.500000e+02 9 2.913848e+03 3.483549e+02 2.870087e+03 8.362537e+00 0.000000e+00 0.000000e+00 8.550000e-01 8.550000e-01 3.646788e+04 3.594756e+03 8.550000e-01 0.000000e+00 0.000000e+00 0.000000e+00 8.122774e-09
1.500000e+02 10 2.913848e+03 3.483549e+02 2.870087e+03 8.362537e+00 0.000000e+00 0.000000e+00 8.550000e-01 8.550000e-01 3.646788e+04 3.594756e+03 8.550000e-01 0.000000e+00 0.000000e+00 0.000000e+00 8.122774e-09
1.550000e+02 0 0.000000e+00 0.000000e+00 0.000000e+00 0.000000e+00 0.000000e+00 0.000000e+00 0.000000e+00 0.000000e+00 0.000000e+00 0.000000e+00 0.000000e+00 0.000000e+00 0.000000e+00 0.000000e+00 0.000000e+00
1.550000e+02 1 2.993998e+03 3.497119e+02 3.194682e+03 7.997789e+00 0.000000e+00 0.000000e+00 8.550000e-01 8.550000e-01 3.573465e+04 3.524678e+03 8.550000e-01 0.000000e+00 0.000000e+00 0.000000e+00 8.122774e-09
1.550000e+02 2 2.993998e+03 3.497119e+02 3.194682e+03 7.997789e+00 0.000000e+00 0.000000e+00 8.550000e-01 8.550000e-01 3.573465e+04 3.524678e+03 8.550000e-01 0.000000e+00 0.000000e+00 0.000000e+00 8.122774e-09
1.550000e+02 3 2.993998e+03 3.497119e+02 3.194682e+03 7.997789e+00 0.000000e+00 0.000000e+00 8.550000e-01 8.550000e-01 3.573465e+04 3.524678e+03 8.550000e-01 0.000000e+00 0.000000e+00 0.000000e+00 8.122774e-09
1.550000e+02 4 2.993998e+03 3.497119e+02 3.194682e+03 7.997789e+00 0.000000e+00 0.000000e+00 8.550000e-01 8.550000e-01 3.573465e+04 3.524678e+03 8.550000e-01 0.000000e+00 0.000000e+00 0.000000e+00 8.122774e-09
1.550000e+02 5 2.993998e+03 3.497119e+02 3.194682e+03 7.997789e+00 0.000000e+00 0.000000e+00 8.550000e-01 8.550000e-01 3.573465e+04 3.524678e+03 8.550000e-01 0.000000e+00 0.000000e+00 0.000000e+00 8.122774e-09
1.550000e+02 6 2.993998e+03 3.497119e+02 3.194682e+03 7.997789e+00 0.000000e+00 0.000000e+00 8.550000e-01 8.550000e-01 3.573465e+04 3.524678e+03 8.550000e-01 0.000000e+00 0.000000e+00 0.000000e+00 8.122774e-09
1.550000e+02 7 2.993998e+03 3.497119e+02 3.194682e+03 7.997789e+00 0.000000e+00 0.000000e+00 8.550000e-01 8.550000e-01 3.573465e+04 3.524678e+03 8.550000e-01 0.000000e+00 0.000000e+00 0.000000e+00 8.122774e-09
1.550000e+02 8 2.993998e+03 3.497119e+02 3.194682e+03 7.997789e+00 0.000000e+00 0.000000e+00 8.550000e-01 8.550000e-01 3.573465e+04 3.524678e+03 8.550000e-01 0.000000e+00 0.000000e+00 0.000000e+00 8.122774e-09
1.550000e+02 9 2.993998e+03 3.497119e+02 3.194682e+03 7.997789e+00 0.000000e+00 0.000000e+00 8.550000e-01 8.550000e-01 3.573465e+04 3.524678e+03 8.550000e-01 0.000000e+00 0.000000e+00 0.000000e+00 8.122774e-09
1.550000e+02 10 2.993998e+03 3.497119e+02 3.194682e+03 7.997789e+00 0.000000e+00 0.000000e+00 8.550000e-01 8.550000e-01 3.573465e+04 3.524678e+03 8.550000e-01 0.000000e+00 0.000000e+00 0.000000e+00 8.122774e-09
1.600000e+02 0 0.000000e+00 0.000000e+00 0.000000e+00 0.000000e+00 0.000000e+00 0.000000e+00 0.000000e+00 0.000000e+00 0.000000e+00 0.000000e+00 0.000000e+00 0.000000e+00 0.000000e+00 0.000000e+00 0.000000e+00
1.600000e+02 1 3.076423e+03 3.509216e+02 3.564260e+03 8.244075e+00 0.000000e+00 0.000000e+00 8.550000e-01 8.550000e-01 3.491827e+04 3.446365e+03 8.550000e-01 0.000000e+00 0.000000e+00 0.000000e+00 8.122774e-09
1.600000e+02 2 3.076423e+03 3.509216e+02 3.564260e+03 8.244075e+00 0.000000e+00 0.000000e+00 8.550000e-01 8.550000e-01 3.491827e+04 3.446365e+03 8.550000e-01 0.000000e+00 0.000000e+00 0.000000e+00 8.122774e-09
1.600000e+02 3 3.076423e+03 3.509216e+02 3.564260e+03 8.244075e+00 0.000000e+00 0.000000e+00 8.550000e-01 8.550000e-01 3.491827e+04 3.446365e+03 8.550000e-01 0.000000e+00 0.000000e+00 0.000000e+00 8.122774e-09
1.600000e+02 4 3.076423e+03 3.509216e+02 3.564260e+03 8.244075e+00 0.000000e+00 0.000000e+00 8.550000e-01 8.550000e-01 3.491827e+04 3.446365e+03 8.550000e-01 0.000000e+00 0.000000e+00 0.000000e+00 8.122774e-09
1.600000e+02 5 3.076423e+03 3.509216e+02 3.564260e+03 8.244075e+00 0.000000e+00 0.000000e+00 8.550000e-01 8.550000e-01 3.491827e+04 3.446365e+03 8.550000e-01 0.000000e+00 0.000000e+00 0.000000e+00 8.122774e-09
1.600000e+02 6 3.076423e+03 3.509216e+02 3.564260e+03 8.244075e+00 0.000000e+00 0.000000e+00 8.550000e-01 8.550000e-01 3.491827e+04 3.446365e+03 8.550000e-01 0.000000e+00 0.000000e+00 0.000000e+00 8.122774e-09
1.600000e+02 7 3.076423e+03 3.509216e+02 3.564260e+03 8.244075e+00 0.000000e+00 0.000000e+00 8.550000e-01 8.550000e-01 3.491827e+04 3.446365e+03 8.550000e-01 0.000000e+00 0.000000e+00 0.000000e+00 8.122774e-09
1.600000e+02 8 3.076423e+03 3.509216e+02 3.564260e+03 8.244075e+00 0.000000e+00 0.000000e+00 8.550000e-01 8.550000e-01 3.491827e+04 3.446365e+03 8.550000e-01 0.000000e+00 0.000000e+00 0.000000e+00 8.122774e-09
1.600000e+02 9 3.076423e+03 3.509216e+02 3.564260e+03 8.244075e+00 0.000000e+00 0.000000e+00 8.550000e-01 8.550000e-01 3.491827e+04 3.446365e+03 8.550000e-01 0.000000e+00 0.000000e+00 0.000000e+00 8.122774e-09
1.600000e+02 10 3.076423e+03 3.509216e+02 3.564260e+03 8.244075e+00 0.000000e+00 0.000000e+00 8.550000e-01 8.550000e-01 3.491827e+04 3.446365e+03 8.550000e-01 0.000000e+00 0.000000e+00 0.000000e+00 8.122774e-09
1.650000e+02 0 0.000000e+00 0.000000e+00 0.000000e+00 0.000000e+00 0.000000e+00 0.000000e+00 0.000000e+00 0.000000e+00 0.000000e+00 0.000000e+00 0.000000e+00 0.000000e+00 0.000000e+00 0.000000e+00 0.000000e+00
1.650000e+02 1 3.161174e+03 3.519695e+02 3.984455e+03 8.860047e+00 0.000000e+00 0.000000e+00 8.550000e-01 8.550000e-01 3.400890e+04 3.358837e+03 8.550000e-01 0.000000e+00 0.000000e+00 0.000000e+00 8.122774e-09
1.650000e+02 2 3.161174e+03 3.519695e+02 3.984455e+03 8.860047e+00 0.000000e+00 0.000000e+00 8.550000e-01 8.550000e-01 3.400890e+04 3.358837e+03 8.550000e-01 0.000000e+00 0.000000e+00 0.000000e+00 8.122774e-09
1.650000e+02 3 3.161174e+03 3.519695e+02 3.984455e+03 8.860047e+00 0.000000e+00 0.000000e+00 8.550000e-01 8.550000e-01 3.400890e+04 3.358837e+03 8.550000e-01 0.000000e+00 0.000000e+00 0.000000e+00 8.122774e-09
1.650000e+02 4 3.161174e+03 3.519695e+02 3.984455e+03 8.860047e+00 0.000000e+00 0.000000e+00 8.550000e-01 8.550000e-01 3.400890e+04 3.358837e+03 8.550000e-01 0.000000e+00 0.000000e+00 0.000000e+00 8.122774e-09
1.650000e+02 5 3.161174e+03 3.519695e+02 3.984455e+03 8.860047e+00 0.000000e+00 0.000000e+00 8.550000e-01 8.550000e-01 3.400890e+04 3.358837e+03 8.550000e-01 0.000000e+00 0.000000e+00 0.000000e+00 8.122774e-09
1.650000e+02 6 3.161174e+03 3.519695e+02 3.984455e+03 8.860047e+00 0.000000e+00 0.000000e+00 8.550000e-01 8.550000e-01 3.400890e+04 3.358837e+03 8.550000e-01 0.000000e+00 0.000000e+00 0.000000e+00 8.122774e-09
1.650000e+02 7 3.161174e+03 3.519695e+02 3.984455e+03 8.860047e+00 0.000000e+00 0.000000e+00 8.550000e-01 8.550000e-01 3.400890e+04 3.358837e+03 8.550000e-01 0.000000e+00 0.000000e+00 0.000000e+00 8.122774e-09
1.650000e+02 8 3.161174e+03 3.519695e+02 3.984455e+03 8.860047e+00 0.000000e+00 0.000000e+00 8.550000e-01 8.550000e-01 3.400890e+04 3.358837e+03 8.550000e-01 0.000000e+00 0.000000e+00 0.000000e+00 8.122774e-09
1.650000e+02 9 3.161174e+03 3.519695e+02 3.984455e+03 8.860047e+00 0.000000e+00 0.000000e+00 8.550000e-01 8.550000e-01 3.400890e+04 3.358837e+03 8.550000e-01 0.000000e+00 0.000000e+00 0.000000e+00 8.122774e-09
1.650000e+02 10 3.161174e+03 3.519695e+02 3.984455e+03 8.860047e+00 0.000000e+00 0.000000e+00 8.550000e-01 8.550000e-01 3.400890e+04 3.358837e+03 8.550000e-01 0.000000e+00 0.000000e+00 0.000000e+00 8.122774e-09
1.700000e+02 0 0.000000e+00 0.000000e+00 0.000000e+00 0.000000e+00 0.000000e+00 0.000000e+00 0.000000e+00 0.000000e+00 0.000000e+00 0.000000e+00 0.000000e+00 0.000000e+00 0.000000e+00 0.000000e+00 0.000000e+00
1.700000e+02 1 3.248303e+03 3.528397e+02 4.248809e+03 1.005597e+01 0.000000e+00 0.000000e+00 8.550000e-01 8.550000e-01 3.307851e+04 3.269922e+03 8.550000e-01 0.000000e+00 0.000000e+00 0.000000e+00 8.122774e-09
1.700000e+02 2 3.248303e+03 3.528397e+02 4.248809e+03 1.005597e+01 0.000000e+00 0.000000e+00 8.550000e-01 8.550000e-01 3.307851e+04 3.269922e+03 8.550000e-01 0.000000e+00 0.000000e+00 0.000000e+00 8.122774e-09
1.700000e+02 3 3.248303e+03 3.528397e+02 4.248809e+03 1.005597e+01 0.000000e+00 0.000000e+00 8.550000e-01 8.550000e-01 3.307851e+04 3.269922e+03 8.550000e-01 0.000000e+00 0.000000e+00 0.000000e+00 8.122774e-09
1.700000e+02 4 3.248303e+03 3.528397e+02 4.248809e+03 1.005597e+01 0.000000e+00 0.000000e+00 8.550000e-01 8.550000e-01 3.307851e+04 3.269922e+03 8.550000e-01 0.000000e+00 0.000000e+00 0.000000e+00 8.122774e-09
1.700000e+02 5 3.248303e+03 3.528397e+02 4.248809e+03 1.005597e+01 0.000000e+00 0.000000e+00 8.550000e-01 8.550000e-01 3.307851e+04 3.269922e+03 8.550000e-01 0.000000e+00 0.000000e+00 0.000000e+00 8.122774e-09
1.700000e+02 6 3.248303e+03 3.528397e+02 4.248809e+03 1.005597e+01 0.000000e+00 0.000000e+00 8.550000e-01 8.550000e-01 3.307851e+04 3.269922e+03 8.550000e-01 0.000000e+00 0.000000e+00 0.000000e+00 8.122774e-09
1.700000e+02 7 3.248303e+03 3.528397e+02 4.248809e+03 1.005597e+01 0.000000e+00 0.000000e+00 8.550000e-01 8.550000e-01 3.307851e+04 3.269922e+03 8.550000e-01 0.000000e+00 0.000000e+00 0.000000e+00 8.122774e-09
1.700000e+02 8 3.248303e+03 3.528397e+02 4.248809e+03 1.005597e+01 0.000000e+00 0.000000e+00 8.550000e-01 8.550000e-01 3.307851e+04 3.269922e+03 8.550000e-01 0.000000e+00 0.000000e+00 0.000000e+00 8.122774e-09
1.700000e+02 9 3.248303e+03 3.528397e+02 4.248809e+03 1.005597e+01 0.000000e+00 0.000000e+00 8.550000e-01 8.550000e-01 3.307851e+04 3.269922e+03 8.550000e-01 0.000000e+00 0.000000e+00 0.000000e+00 8.122774e-09
1.700000e+02 10 3.248303e+03 3.528397e+02 4.248809e+03 1.005597e+01 0.000000e+00 0.000000e+00 8.550000e-01 8.550000e-01 3.307851e+04 3.269922e+03 8.550000e-01 0.000000e+00 0.000000e+00 0.000000e+00 8.122774e-09
1.750000e+02 0 0.000000e+00 0.000000e+00 0.000000e+00 0.000000e+00 0.000000e+00 0.000000e+00 0.000000e+00 0.000000e+00 0.000000e+00 0.000000e+00 0.000000e+00 0.000000e+00 0.000000e+00 0.000000e+00 0.000000e+00
1.750000e+02 1 3.337937e+03 3.535884e+02 4.328250e+03 1.123663e+01 0.000000e+00 0.000000e+00 8.550000e-01 8.550000e-01 3.281805e+04 3.254046e+03 8.550000e-01 0.000000e+00 0.000000e+00 0.000000e+00 8.122774e-09
1.750000e+02 2 3.337937e+03 3.535884e+02 4.328250e+03 1.123663e+01 0.000000e+00 0.000000e+00 8.550000e-01 8.550000e-01 3.281805e+04 3.254046e+03 8.550000e-01 0.000000e+00 0.000000e+00 0.000000e+00 8.122774e-09
1.750000e+02 3 3.337937e+03 3.535884e+02 4.328250e+03 1.123663e+01 0.000000e+00 0.000000e+00 8.550000e-01 8.550000e-01 3.281805e+04 3.254046e+03 8.550000e-01 0.000000e+00 0.000000e+00 0.000000e+00 8.122774e-09
1.750000e+02 4 3.337937e+03 3.535884e+02 4.328250e+03 1.123663e+01 0.000000e+00 0.000000e+00 8.550000e-01 8.550000e-01 3.281805e+04 3.254046e+03 8.550000e-01 0.000000e+00 0.000000e+00 0.000000e+00 8.122774e-09
1.750000e+02 5 3.337937e+03 3.535884e+02 4.328250e+03 1.123663e+01 0.000000e+00 0.000000e+00 8.550000e-01 8.550000e-01 3.281805e+04 3.254046e+03 8.550000e-01 0.000000e+00 0.000000e+00 0.000000e+00 8.122774e-09
1.750000e+02 6 3.337937e+03 3.535884e+02 4.328250e+03 1.123663e+01 0.000000e+00 0.000000e+00 8.550000e-01 8.550000e-01 3.281805e+04 3.254046e+03 8.550000e-01 0.000000e+00 0.000000e+00 0.000000e+00 8.122774e-09
1.750000e+02 7 3.337937e+03 3.535884e+02 4.328250e+03 1.123663e+01 0.000000e+00 0.000000e+00 8.550000e-01 8.550000e-01 3.281805e+04 3.254046e+03 8.550000e-01 0.000000e+00 0.000000e+00 0.000000e+00 8.122774e-09
1.750000e+02 8 3.337937e+03 3.535884e+02 4.328250e+03 1.123663e+01 0.000000e+00 0.000000e+00 8.550000e-01 8.550000e-01 3.281805e+04 3.254046e+03 8.550000e-01 0.000000e+00 0.000000e+00 0.000000e+00 8.122774e-09
1.750000e+02 9 3.337937e+03 3.535884e+02 4.328250e+03 1.123663e+01 0.000000e+00 0.000000e+00 8.550000e-01 8.550000e-01 3.281805e+04 3.254046e+03 8.550000e-01 0.000000e+00 0.000000e+00 0.000000e+00 8.122774e-09
1.750000e+02 10 3.337937e+03 3.535884e+02 4.328250e+03 1.123663e+01 0.000000e+00 0.000000e+00 8.550000e-01 8.550000e-01 3.281805e+04 3.254046e+03 8.550000e-01 0.000000e+00 0.000000e+00 0.000000e+00 8.122774e-09
1.800000e+02 0 0.000000e+00 0.000000e+00 0.000000e+00 0.000000e+00 0.000000e+00 0.000000e+00 0.000000e+00 0.000000e+00 0.000000e+00 0.000000e+00 0.000000e+00 0.000000e+00 0.000000e+00 0.000000e+00 0.000000e+00
1.800000e+02 1 3.430212e+03 3.542749e+02 4.411062e+03 1.240201e+01 0.000000e+00 0.000000e+00 8.550000e-01 8.550000e-01 3.253873e+04 3.236229e+03 8.550000e-01 0.000000e+00 0.000000e+00 0.000000e+00 8.122774e-09
1.800000e+02 2 3.430212e+03 3.542749e+02 4.411062e+03 1.240201e+01 0.000000e+00 0.000000e+00 8.550000e-01 8.550000e-01 3.253873e+04 3.236229e+03 8.550000e-01 0.000000e+00 0.000000e+00 0.000000e+00 8.122774e-09
1.800000e+02 3 3.430212e+03 3.542749e+02 4.411062e+03 1.240201e+01 0.000000e+00 0.000000e+00 8.550000e-01 8.550000e-01 3.253873e+04 3.236229e+03 8.550000e-01 0.000000e+00 0.000000e+00 0.000000e+00 8.122774e-09
1.800000e+02 4 3.430212e+03 3.542749e+02 4.411062e+03 1.240201e+01 0.000000e+00 0.000000e+00 8.550000e-01 8.550000e-01 3.253873e+04 3.236229e+03 8.550000e-01 0.000000e+00 0.000000e+00 0.000000e+00 8.122774e-09
1.800000e+02 5 3.430212e+03 3.542749e+02 4.411062e+03 1.240201e+01 0.000000e+00 0.000000e+00 8.550000e-01 8.550000e-01 3.253873e+04 3.236229e+03 8.550000e-01 0.000000e+00 0.000000e+00 0.000000e+00 8.122774e-09
1.800000e+02 6 3.430212e+03 3.542749e+02 4.411062e+03 1.240201e+01 0.000000e+00 0.000000e+00 8.550000e-01 8.550000e-01 3.253873e+04 3.236229e+03 8.550000e-01 0.000000e+00 0.000000e+00 0.000000e+00 8.122774e-09
1.800000e+02 7 3.430212e+03 3.542749e+02 4.411062e+03 1.240201e+01 0.000000e+00 0.000000e+00 8.550000e-01 8.550000e-01 3.253873e+04 3.236229e+03 8.550000e-01 0.000000e+00 0.000000e+00 0.000000e+00 8.122774e-09
1.800000e+02 8 3.430212e+03 3.542749e+02 4.411062e+03 1.240201e+01 0.000000e+00 0.000000e+00 8.550000e-01 8.550000e-01 3.253873e+04 3.236229e+03 8.550000e-01 0.000000e+00 0.000000e+00 0.000000e+00 8.122774e-09
1.800000e+02 9 3.430212e+03 3.542749e+02 4.411062e+03 1.240201e+01 0.000000e+00 0.000000e+00 8.550000e-01 8.550000e-01 3.253873e+04 3.236229e+03 8.550000e-01 0.000000e+00 0.000000e+00 0.000000e+00 8.122774e-09
1.800000e+02 10 3.430212e+03 3.542749e+02 4.411062e+03 1.240201e+01 0.000000e+00 0.000000e+00 8.550000e-01 8.550000e-01 3.253873e+04 3.236229e+03 8.550000e-01 0.000000e+00 0.000000e+00 0.000000e+00 8.122774e-09
1.850000e+02 0 0.000000e+00 0.000000e+00 0.000000e+00 0.000000e+00 0.000000e+00 0.000000e+00 0.000000e+00 0.000000e+00 0.000000e+00 0.000000e+00 0.000000e+00 0.000000e+00 0.000000e+00 0.000000e+00 0.000000e+00
1.850000e+02 1 3.525206e+03 3.549026e+02 4.497367e+03 1.354975e+01 0.000000e+00 0.000000e+00 8.550000e-01 8.550000e-01 3.224648e+04 3.217142e+03 8.550000e-01 0.000000e+00 0.000000e+00 0.000000e+00 8.122774e-09
1.850000e+02 2 3.525206e+03 3.549026e+02 4.497367e+03 1.354975e+01 0.000000e+00 0.000000e+00 8.550000e-01 8.550000e-01 3.224648e+04 3.217142e+03 8.550000e-01 0.000000e+00 0.000000e+00 0.000000e+00 8.122774e-09
1.850000e+02 3 3.525206e+03 3.549026e+02 4.497367e+03 1.354975e+01 0.000000e+00 0.000000e+00 8.550000e-01 8.550000e-01 3.224648e+04 3.217142e+03 8.550000e-01 0.000000e+00 0.000000e+00 0.000000e+00 8.122774e-09
1.850000e+02 4 3.525206e+03 3.549026e+02 4.497367e+03 1.354975e+01 0.000000e+00 0.000000e+00 8.550000e-01 8.550000e-01 3.224648e+04 3.217142e+03 8.550000e-01 0.000000e+00 0.000000e+00 0.000000e+00 8.122774e-09
1.850000e+02 5 3.525206e+03 3.549026e+02 4.497367e+03 1.354975e+01 0.000000e+00 0.000000e+00 8.550000e-01 8.550000e-01 3.224648e+04 3.217142e+03 8.550000e-01 0.000000e+00 0.000000e+00 0.000000e+00 8.122774e-09
1.850000e+02 6 3.525206e+03 3.549026e+02 4.497367e+03 1.354975e+01 0.000000e+00 0.000000e+00 8.550000e-01 8.550000e-01 3.224648e+04 3.217142e+03 8.550000e-01 0.000000e+00 0.000000e+00 0.000000e+00 8.122774e-09
1.850000e+02 7 3.525206e+03 3.549026e+02 4.497367e+03 1.354975e+01 0.000000e+00 0.000000e+00 8.550000e-01 8.550000e-01 3.224648e+04 3.217142e+03 8.550000e-01 0.000000e+00 0.000000e+00 0.000000e+00 8.122774e-09
1.850000e+02 8 3.525206e+03 3.549026e+02 4.497367e+03 1.354975e+01 0.000000e+00 0.000000e+00 8.550000e-01 8.550000e-01 3.224648e+04 3.217142e+03 8.550000e-01 0.000000e+00 0.000000e+00 0.000000e+00 8.122774e-09
1.850000e+02 9 3.525206e+03 3.549026e+02 4.497367e+03 1.354975e+01 0.000000e+00 0.000000e+00 8.550000e-01 8.550000e-01 3.224648e+04 3.217142e+03 8.550000e-01 0.000000e+00 0.000000e+00 0.000000e+00 8.122774e-09
1.850000e+02 10 3.525206e+03 3.549026e+02 4.497367e+03 1.354975e+01 0.000000e+00 0.000000e+00 8.550000e-01 8.550000e-01 3.224648e+04 3.217142e+03 8.550000e-01 0.000000e+00 0.000000e+00 0.000000e+00 8.122774e-09
1.900000e+02 0 0.000000e+00 0.000000e+00 0.000000e+00 0.000000e+00 0.000000e+00 0.000000e+00 0.000000e+00 0.000000e+00 0.000000e+00 0.000000e+00 0.000000e+00 0.000000e+00 0.000000e+00 0.000000e+00 0.000000e+00
1.900000e+02 1 3.623001e+03 3.554753e+02 4.587281e+03 1.467685e+01 0.000000e+00 0.000000e+00 8.550000e-01 8.550000e-01 3.194106e+04 3.196755e+03 8.550000e-01 0.000000e+00 0.000000e+00 0.000000e+00 8.122774e-09
1.900000e+02 2 3.623001e+03 3.554753e+02 4.587281e+03 1.467685e+01 0.000000e+00 0.000000e+00 8.550000e-01 8.550000e-01 3.194106e+04 3.196755e+03 8.550000e-01 0.000000e+00 0.000000e+00 0.000000e+00 8.122774e-09
1.900000e+02 3 3.623001e+03 3.554753e+02 4.587281e+03 1.467685e+01 0.000000e+00 0.000000e+00 8.550000e-01 8.550000e-01 3.194106e+04 3.196755e+03 8.550000e-01 0.000000e+00 0.000000e+00 0.000000e+00 8.122774e-09
1.900000e+02 4 3.623001e+03 3.554753e+02 4.587281e+03 1.467685e+01 0.000000e+00 0.000000e+00 8.550000e-01 8.550000e-01 3.194106e+04 3.196755e+03 8.550000e-01 0.000000e+00 0.000000e+00 0.000000e+00 8.122774e-09
1.900000e+02 5 3.623001e+03 3.554753e+02 4.587281e+03 1.467685e+01 0.000000e+00 0.000000e+00 8.550000e-01 8.550000e-01 3.194106e+04 3.196755e+03 8.550000e-01 0.000000e+00 0.000000e+00 0.000000e+00 8.122774e-09
1.900000e+02 6 3.623001e+03 3.554753e+02 4.587281e+03 1.467685e+01 0.000000e+00 0.000000e+00 8.550000e-01 8.550000e-01 3.194106e+04 3.196755e+03 8.550000e-01 0.000000e+00 0.000000e+00 0.000000e+00 8.122774e-09
1.900000e+02 7 3.623001e+03 3.554753e+02 4.587281e+03 1.467685e+01 0.000000e+00 0.000000e+00 8.550000e-01 8.550000e-01 3.194106e+04 3.196755e+03 8.550000e-01 0.000000e+00 0.000000e+00 0.000000e+00 8.122774e-09
1.900000e+02 8 3.623001e+03 3.554753e+02 4.587281e+03 1.467685e+01 0.000000e+00 0.000000e+00 8.550000e-01 8.550000e-01 3.194106e+04 3.196755e+03 8.550000e-01 0.000000e+00 0.000000e+00 0.000000e+00 8.122774e-09
1.900000e+02 9 3.623001e+03 3.554753e+02 4.587281e+03 1.467685e+01 0.000000e+00 0.000000e+00 8.550000e-01 8.550000e-01 3.194106e+04 3.196755e+03 8.550000e-01 0.000000e+00 0.000000e+00 0.000000e+00 8.122774e-09
1.900000e+02 10 3.623001e+03 3.554753e+02 4.587281e+03 1.467685e+01 0.000000e+00 0.000000e+00 8.550000e-01 8.550000e-01 3.194106e+04 3.196755e+03 8.550000e-01 0.000000e+00 0.000000e+00 0.000000e+00 8.122774e-09
1.950000e+02 0 0.000000e+00 0.000000e+00 0.000000e+00 0.000000e+00 0.000000e+00 0.000000e+00 0.000000e+00 0.000000e+00 0.000000e+00 0.000000e+00 0.000000e+00 0.000000e+00 0.000000e+00 0.000000e+00 0.000000e+00
1.950000e+02 1 3.723806e+03 3.559565e+02 4.680848e+03 1.507214e+01 0.000000e+00 0.000000e+00 8.550000e-01 8.550000e-01 3.162192e+04 3.175004e+03 8.550000e-01 0.000000e+00 0.000000e+00 0.000000e+00 8.122774e-09
1.950000e+02 2 3.723806e+03 3.559565e+02 4.680848e+03 1.507214e+01 0.000000e+00 0.000000e+00 8.550000e-01 8.550000e-01 3.162192e+04 3.175004e+03 8.550000e-01 0.000000e+00 0.000000e+00 0.000000e+00 8.122774e-09
1.950000e+02 3 3.723806e+03 3.559565e+02 4.680848e+03 1.507214e+01 0.000000e+00 0.000000e+00 8.550000e-01 8.550000e-01 3.162192e+04 3.175004e+03 8.550000e-01 0.000000e+00 0.000000e+00 0.000000e+00 8.122774e-09
1.950000e+02 4 3.723806e+03 3.559565e+02 4.680848e+03 1.507214e+01 0.000000e+00 0.000000e+00 8.550000e-01 8.550000e-01 3.162192e+04 3.175004e+03 8.550000e-01 0.000000e+00 0.000000e+00 0.000000e+00 8.122774e-09
1.950000e+02 5 3.723806e+03 3.559565e+02 4.680848e+03 1.507214e+01 0.000000e+00 0.000000e+00 8.550000e-01 8.550000e-01 3.162192e+04 3.175004e+03 8.550000e-01 0.000000e+00 0.000000e+00 0.000000e+00 8.122774e-09
1.950000e+02 6 3.723806e+03 3.559565e+02 4.680848e+03 1.507214e+01 0.000000e+00 0.000000e+00 8.550000e-01 8.550000e-01 3.162192e+04 3.175004e+03 8.550000e-01 0.000000e+00 0.000000e+00 0.000000e+00 8.122774e-09
1.950000e+02 7 3.723806e+03 3.559565e+02 4.680848e+03 1.507214e+01 0.000000e+00 0.000000e+00 8.550000e-01 8.550000e-01 3.162192e+04 3.175004e+03 8.550000e-01 0.000000e+00 0.000000e+00 0.000000e+00 8.122774e-09
1.950000e+02 8 3.723806e+03 3.559565e+02 4.680848e+03 1.507214e+01 0.000000e+00 0.000000e+00 8.550000e-01 8.550000e-01 3.162192e+04 3.175004e+03 8.550000e-01 0.000000e+00 0.000000e+00 0.000000e+00 8.122774e-09
1.950000e+02 9 3.723806e+03 3.559565e+02 4.680848e+03 1.507214e+01 0.000000e+00 0.000000e+00 8.550000e-01 8.550000e-01 3.162192e+04 3.175004e+03 8.550000e-01 0.000000e+00 0.000000e+00 0.000000e+00 8.122774e-09
1.950000e+02 10 3.723806e+03 3.559565e+02 4.680848e+03 1.507214e+01 0.000000e+00 0.000000e+00 8.550000e-01 8.550000e-01 3.162192e+04 3.175004e+03 8.550000e-01 0.000000e+00 0.000000e+00 0.000000e+00 8.122774e-09
2.000000e+02 0 0.000000e+00 0.000000e+00 0.000000e+00 0.000000e+00 0.000000e+00 0.000000e+00 0.000000e+00 0.000000e+00 0.000000e+00 0.000000e+00 0.000000e+00 0.000000e+00 0.000000e+00 0.000000e+00 0.000000e+00
2.000000e+02 1 3.827881e+03 3.563059e+02 4.778051e+03 1.497591e+01 0.000000e+00 0.000000e+00 8.550000e-01 8.550000e-01 3.128852e+04 3.151822e+03 8.550000e-01 0.000000e+00 0.000000e+00 0.000000e+00 8.122774e-09
2.000000e+02 2 3.827881e+03 3.563059e+02 4.778051e+03 1.497591e+01 0.000000e+00 0.000000e+00 8.550000e-01 8.550000e-01 3.128852e+04 3.151822e+03 8.550000e-01 0.000000e+00 0.000000e+00 0.000000e+00 8.122774e-09
2.000000e+02 3 3.827881e+03 3.563059e+02 4.778051e+03 1.497591e+01 0.000000e+00 0.000000e+00 8.550000e-01 8.550000e-01 3.128852e+04 3.151822e+03 8.550000e-01 0.000000e+00 0.000000e+00 0.000000e+00 8.122774e-09
2.000000e+02 4 3.827881e+03 3.563059e+02 4.778051e+03 1.497591e+01 0.000000e+00 0.000000e+00 8.550000e-01 8.550000e-01 3.128852e+04 3.151822e+03 8.550000e-01 0.000000e+00 0.000000e+00 0.000000e+00 8.122774e-09
2.000000e+02 5 3.827881e+03 3.563059e+02 4.778051e+03 1.497591e+01 0.000000e+00 0.000000e+00 8.550000e-01 8.550000e-01 3.128852e+04 3.151822e+03 8.550000e-01 0.000000e+00 0.000000e+00 0.000000e+00 8.122774e-09
2.000000e+02 6 3.827881e+03 3.563059e+02 4.778051e+03 1.497591e+01 0.000000e+00 0.000000e+00 8.550000e-01 8.550000e-01 3.128852e+04 3.151822e+03 8.550000e-01 0.000000e+00 0.000000e+00 0.000000e+00 8.122774e-09
2.000000e+02 7 3.827881e+03 3.563059e+02 4.778051e+03 1.497591e+01 0.000000e+00 0.000000e+00 8.550000e-01 8.550000e-01 3.128852e+04 3.151822e+03 8.550000e-01 0.000000e+00 0.000000e+00 0.000000e+00 8.122774e-09
2.000000e+02 8 3.827881e+03 3.563059e+02 4.778051e+03 1.497591e+01 0.000000e+00 0.000000e+00 8.550000e-01 8.550000e-01 3.128852e+04 3.151822e+03 8.550000e-01 0.000000e+00 0.000000e+00 0.000000e+00 8.122774e-09
2.000000e+02 9 3.827881e+03 3.563059e+02 4.778051e+03 1.497591e+01 0.000000e+00 0.000000e+00 8.550000e-01 8.550000e-01 3.128852e+04 3.151822e+03 8.550000e-01 0.000000e+00 0.000000e+00 0.000000e+00 8.122774e-09
2.000000e+02 10 3.827881e+03 3.563059e+02 4.778051e+03 1.497591e+01 0.000000e+00 0.000000e+00 8.550000e-01 8.550000e-01 3.128852e+04 3.151822e+03 8.550000e-01 0.000000e+00 0.000000e+00 0.000000e+00 8.122774e-09
2.050000e+02 0 0.000000e+00 0.000000e+00 0.000000e+00 0.000000e+00 0.000000e+00 0.000000e+00 0.000000e+00 0.000000e+00 0.000000e+00 0.000000e+00 0.000000e+00 0.000000e+00 0.000000e+00 0.000000e+00 0.000000e+00
2.050000e+02 1 3.935007e+03 3.566045e+02 4.844492e+03 1.486881e+01 0.000000e+00 0.000000e+00 8.550000e-01 8.550000e-01 3.094356e+04 3.127471e+03 8.550000e-01 0.000000e+00 0.000000e+00 0.000000e+00 8.122774e-09
2.050000e+02 2 3.935007e+03 3.566045e+02 4.844492e+03 1.486881e+01 0.000000e+00 0.000000e+00 8.550000e-01 8.550000e-01 3.094356e+04 3.127471e+03 8.550000e-01 0.000000e+00 0.000000e+00 0.000000e+00 8.122774e-09
2.050000e+02 3 3.935007e+03 3.566045e+02 4.844492e+03 1.486881e+01 0.000000e+00 0.000000e+00 8.550000e-01 8.550000e-01 3.094356e+04 3.127471e+03 8.550000e-01 0.000000e+00 0.000000e+00 0.000000e+00 8.122774e-09
2.050000e+02 4 3.935007e+03 3.566045e+02 4.844492e+03 1.486881e+01 0.000000e+00 0.000000e+00 8.550000e-01 8.550000e-01 3.094356e+04 3.127471e+03 8.550000e-01 0.000000e+00 0.000000e+00 0.000000e+00 8.122774e-09
2.050000e+02 5 3.935007e+03 3.566045e+02 4.844492e+03 1.486881e+01 0.000000e+00 0.000000e+00 8.550000e-01 8.550000e-01 3.094356e+04 3.127471e+03 8.550000e-01 0.000000e+00 0.000000e+00 0.000000e+00 8.122774e-09
2.050000e+02 6 3.935007e+03 3.566045e+02 4.844492e+03 1.486881e+01 0.000000e+00 0.000000e+00 8.550000e-01 8.550000e-01 3.094356e+04 3.127471e+03 8.550000e-01 0.000000e+00 0.000000e+00 0.000000e+00 8.122774e-09
2.050000e+02 7 3.935007e+03 3.566045e+02 4.844492e+03 1.486881e+01 0.000000e+00 0.000000e+00 8.550000e-01 8.550000e-01 3.094356e+04 3.127471e+03 8.550000e-01 0.000000e+00 0.000000e+00 0.000000e+00 8.122774e-09
2.050000e+02 8 3.935007e+03 3.566045e+02 4.844492e+03 1.486881e+01 0.000000e+00 0.000000e+00 8.550000e-01 8.550000e-01 3.094356e+04 3.127471e+03 8.550000e-01 0.000000e+00 0.000000e+00 0.000000e+00 8.122774e-09
2.050000e+02 9 3.935007e+03 3.566045e+02 4.844492e+03 1.486881e+01 0.000000e+00 0.000000e+00 8.550000e-01 8.550000e-01 3.094356e+04 3.127471e+03 8.550000e-01 0.000000e+00 0.000000e+00 0.000000e+00 8.122774e-09
2.050000e+02 10 3.935007e+03 3.566045e+02 4.844492e+03 1.486881e+01 0.000000e+00 0.000000e+00 8.550000e-01 8.550000e-01 3.094356e+04 3.127471e+03 8.550000e-01 0.000000e+00 0.000000e+00 0.000000e+00 8.122774e-09
2.100000e+02 0 0.000000e+00 0.000000e+00 0.000000e+00 0.000000e+00 0.000000e+00 0.000000e+00 0.000000e+00 0.000000e+00 0.000000e+00 0.000000e+00 0.000000e+00 0.000000e+00 0.000000e+00 0.000000e+00 0.000000e+00
2.100000e+02 1 4.045251e+03 3.568336e+02 4.912084e+03 1.474842e+01 0.000000e+00 0.000000e+00 8.550000e-01 8.550000e-01 3.058993e+04 3.102230e+03 8.550000e-01 0.000000e+00 0.000000e+00 0.000000e+00 8.122774e-09
2.100000e+02 2 4.045251e+03 3.568336e+02 4.912084e+03 1.474842e+01 0.000000e+00 0.000000e+00 8.550000e-01 8.550000e-01 3.058993e+04 3.102230e+03 8.550000e-01 0.000000e+00 0.000000e+00 0.000000e+00 8.122774e-09
2.100000e+02 3 4.045251e+03 3.568336e+02 4.912084e+03 1.474842e+01 0.000000e+00 0.000000e+00 8.550000e-01 8.550000e-01 3.058993e+04 3.102230e+03 8.550000e-01 0.000000e+00 0.000000e+00 0.000000e+00 8.122774e-09
2.100000e+02 4 4.045251e+03 3.568336e+02 4.912084e+03 1.474842e+01 0.000000e+00 0.000000e+00 8.550000e-01 8.550000e-01 3.058993e+04 3.102230e+03 8.550000e-01 0.000000e+00 0.000000e+00 0.000000e+00 8.122774e-09
2.100000e+02 5 4.045251e+03 3.568336e+02 4.912084e+03 1.474842e+01 0.000000e+00 0.000000e+00 8.550000e-01 8.550000e-01 3.058993e+04 3.102230e+03 8.550000e-01 0.000000e+00 0.000000e+00 0.000000e+00 8.122774e-09
2.100000e+02 6 4.045251e+03 3.568336e+02 4.912084e+03 1.474842e+01 0.000000e+00 0.000000e+00 8.550000e-01 8.550000e-01 3.058993e+04 3.102230e+03 8.550000e-01 0.000000e+00 0.000000e+00 0.000000e+00 8.122774e-09
2.100000e+02 7 4.045251e+03 3.568336e+02 4.912084e+03 1.474842e+01 0.000000e+00 0.000000e+00 8.550000e-01 8.550000e-01 3.058993e+04 3.102230e+03 8.550000e-01 0.000000e+00 0.000000e+00 0.000000e+00 8.122774e-09
2.100000e+02 8 4.045251e+03 3.568336e+02 4.912084e+03 1.474842e+01 0.000000e+00 0.000000e+00 8.550000e-01 8.550000e-01 3.058993e+04 3.102230e+03 8.550000e-01 0.000000e+00 0.000000e+00 0.000000e+00 8.122774e-09
2.100000e+02 9 4.045251e+03 3.568336e+02 4.912084e+03 1.474842e+01 0.000000e+00 0.000000e+00 8.550000e-01 8.550000e-01 3.058993e+04 3.102230e+03 8.550000e-01 0.000000e+00 0.000000e+00 0.000000e+00 8.122774e-09
2.100000e+02 10 4.045251e+03 3.568336e+02 4.912084e+03 1.474842e+01 0.000000e+00 0.000000e+00 8.550000e-01 8.550000e-01 3.058993e+04 3.102230e+03 8.550000e-01 0.000000e+00 0.000000e+00 0.000000e+00 8.122774e-09
2.150000e+02 0 0.000000e+00 0.000000e+00 0.000000e+00 0.000000e+00 0.000000e+00 0.000000e+00 0.000000e+00 0.000000e+00 0.000000e+00 0.000000e+00 0.000000e+00 0.000000e+00 0.000000e+00 0.000000e+00 0.000000e+00
2.150000e+02 1 4.158704e+03 3.569976e+02 4.980753e+03 1.461492e+01 0.000000e+00 0.000000e+00 8.550000e-01 8.550000e-01 3.022744e+04 3.076070e+03 8.550000e-01 0.000000e+00 0.000000e+00 0.000000e+00 8.122774e-09
2.150000e+02 2 4.158704e+03 3.569976e+02 4.980753e+03 1.461492e+01 0.000000e+00 0.000000e+00 8.550000e-01 8.550000e-01 3.022744e+04 3.076070e+03 8.550000e-01 0.000000e+00 0.000000e+00 0.000000e+00 8.122774e-09
2.150000e+02 3 4.158704e+03 3.569976e+02 4.980753e+03 1.461492e+01 0.000000e+00 0.000000e+00 8.550000e-01 8.550000e-01 3.022744e+04 3.076070e+03 8.550000e-01 0.000000e+00 0.000000e+00 0.000000e+00 8.122774e-09
2.150000e+02 4 4.158704e+03 3.569976e+02 4.980753e+03 1.461492e+01 0.000000e+00 0.000000e+00 8.550000e-01 8.550000e-01 3.022744e+04 3.076070e+03 8.550000e-01 0.000000e+00 0.000000e+00 0.000000e+00 8.122774e-09
2.150000e+02 5 4.158704e+03 3.569976e+02 4.980753e+03 1.461492e+01 0.000000e+00 0.000000e+00 8.550000e-01 8.550000e-01 3.022744e+04 3.076070e+03 8.550000e-01 0.000000e+00 0.000000e+00 0.000000e+00 8.122774e-09
2.150000e+02 6 4.158704e+03 3.569976e+02 4.980753e+03 1.461492e+01 0.000000e+00 0.000000e+00 8.550000e-01 8.550000e-01 3.022744e+04 3.076070e+03 8.550000e-01 0.000000e+00 0.000000e+00 0.000000e+00 8.122774e-09
2.150000e+02 7 4.158704e+03 3.569976e+02 4.980753e+03 1.461492e+01 0.000000e+00 0.000000e+00 8.550000e-01 8.550000e-01 3.022744e+04 3.076070e+03 8.550000e-01 0.000000e+00 0.000000e+00 0.000000e+00 8.122774e-09
2.150000e+02 8 4.158704e+03 3.569976e+02 4.980753e+03 1.461492e+01 0.000000e+00 0.000000e+00 8.550000e-01 8.550000e-01 3.022744e+04 3.076070e+03 8.550000e-01 0.000000e+00 0.000000e+00 0.000000e+00 8.122774e-09
2.150000e+02 9 4.158704e+03 3.569976e+02 4.980753e+03 1.461492e+01 0.000000e+00 0.000000e+00 8.550000e-01 8.550000e-01 3.022744e+04 3.076070e+03 8.550000e-01 0.000000e+00 0.000000e+00 0.000000e+00 8.122774e-09
2.150000e+02 10 4.158704e+03 3.569976e+02 4.980753e+03 1.461492e+01 0.000000e+00 0.000000e+00 8.550000e-01 8.550000e-01 3.022744e+04 3.076070e+03 8.550000e-01 0.000000e+00 0.000000e+00 0.000000e+00 8.122774e-09
2.200000e+02 0 0.000000e+00 0.000000e+00 0.000000e+00 0.000000e+00 0.000000e+00 0.000000e+00 0.000000e+00 0.000000e+00 0.000000e+00 0.000000e+00 0.000000e+00 0.000000e+00 0.000000e+00 0.000000e+00 0.000000e+00
2.200000e+02 1 4.275456e+03 3.571013e+02 5.050405e+03 1.446858e+01 0.000000e+00 0.000000e+00 8.550000e-01 8.550000e-01 2.985597e+04 3.048971e+03 8.550000e-01 0.000000e+00 0.000000e+00 0.000000e+00 8.122774e-09
2.200000e+02 2 4.275456e+03 3.571013e+02 5.050405e+03 1.446858e+01 0.000000e+00 0.000000e+00 8.550000e-01 8.550000e-01 2.985597e+04 3.048971e+03 8.550000e-01 0.000000e+00 0.000000e+00 0.000000e+00 8.122774e-09
2.200000e+02 3 4.275456e+03 3.571013e+02 5.050405e+03 1.446858e+01 0.000000e+00 0.000000e+00 8.550000e-01 8.550000e-01 2.985597e+04 3.048971e+03 8.550000e-01 0.000000e+00 0.000000e+00 0.000000e+00 8.122774e-09
2.200000e+02 4 4.275456e+03 3.571013e+02 5.050405e+03 1.446858e+01 0.000000e+00 0.000000e+00 8.550000e-01 8.550000e-01 2.985597e+04 3.048971e+03 8.550000e-01 0.000000e+00 0.000000e+00 0.000000e+00 8.122774e-09
2.200000e+02 5 4.275456e+03 3.571013e+02 5.050405e+03 1.446858e+01 0.000000e+00 0.000000e+00 8.550000e-01 8.550000e-01 2.985597e+04 3.048971e+03 8.550000e-01 0.000000e+00 0.000000e+00 0.000000e+00 8.122774e-09
2.200000e+02 6 4.275456e+03 3.571013e+02 5.050405e+03 1.446858e+01 0.000000e+00 0.000000e+00 8.550000e-01 8.550000e-01 2.985597e+04 3.048971e+03 8.550000e-01 0.000000e+00 0.000000e+00 0.000000e+00 8.122774e-09
2.200000e+02 7 4.275456e+03 3.571013e+02 5.050405e+03 1.446858e+01 0.000000e+00 0.000000e+00 8.550000e-01 8.550000e-01 2.985597e+04 3.048971e+03 8.550000e-01 0.000000e+00 0.000000e+00 0.000000e+00 8.122774e-09
2.200000e+02 8 4.275456e+03 3.571013e+02 5.050405e+03 1.446858e+01 0.000000e+00 0.000000e+00 8.550000e-01 8.550000e-01 2.985597e+04 3.048971e+03 8.550000e-01 0.000000e+00 0.000000e+00 0.000000e+00 8.122774e-09
2.200000e+02 9 4.275456e+03 3.571013e+02 5.050405e+03 1.446858e+01 0.000000e+00 0.000000e+00 8.550000e-01 8.550000e-01 2.985597e+04 3.048971e+03 8.550000e-01 0.000000e+00 0.000000e+00 0.000000e+00 8.122774e-09
2.200000e+02 10 4.275456e+03 3.571013e+02 5.050405e+03 1.446858e+01 0.000000e+00 0.000000e+00 8.550000e-01 8.550000e-01 2.985597e+04 3.048971e+03 8.550000e-01 0.000000e+00 0.000000e+00 0.000000e+00 8.122774e-09
2.250000e+02 0 0.000000e+00 0.000000e+00 0.000000e+00 0.000000e+00 0.000000e+00 0.000000e+00 0.000000e+00 0.000000e+00 0.000000e+00 0.000000e+00 0.000000e+00 0.000000e+00 0.000000e+00 0.000000e+00 0.000000e+00
2.250000e+02 1 4.395604e+03 3.571497e+02 5.120926e+03 1.430978e+01 0.000000e+00 0.000000e+00 8.550000e-01 8.550000e-01 2.947541e+04 3.020914e+03 8.550000e-01 0.000000e+00 0.000000e+00 0.000000e+00 8.122774e-09
2.250000e+02 2 4.395604e+03 3.571497e+02 5.120926e+03 1.430978e+01 0.000000e+00 0.000000e+00 8.550000e-01 8.550000e-01 2.947541e+04 3.020914e+03 8.550000e-01 0.000000e+00 0.000000e+00 0.000000e+00 8.122774e-09
2.250000e+02 3 4.395604e+03 3.571497e+02 5.120926e+03 1.430978e+01 0.000000e+00 0.000000e+00 8.550000e-01 8.550000e-01 2.947541e+04 3.020914e+03 8.550000e-01 0.000000e+00 0.000000e+00 0.000000e+00 8.122774e-09
2.250000e+02 4 4.395604e+03 3.571497e+02 5.120926e+03 1.430978e+01 0.000000e+00 0.000000e+00 8.550000e-01 8.550000e-01 2.947541e+04 3.020914e+03 8.550000e-01 0.000000e+00 0.000000e+00 0.000000e+00 8.122774e-09
2.250000e+02 5 4.395604e+03 3.571497e+02 5.120926e+03 1.430978e+01 0.000000e+00 0.000000e+00 8.550000e-01 8.550000e-01 2.947541e+04 3.020914e+03 8.550000e-01 0.000000e+00 0.000000e+00 0.000000e+00 8.122774e-09
2.250000e+02 6 4.395604e+03 3.571497e+02 5.120926e+03 1.430978e+01 0.000000e+00 0.000000e+00 8.550000e-01 8.550000e-01 2.947541e+04 3.020914e+03 8.550000e-01 0.000000e+00 0.000000e+00 0.000000e+00 8.122774e-09
2.250000e+02 7 4.395604e+03 3.571497e+02 5.120926e+03 1.430978e+01 0.000000e+00 0.000000e+00 8.550000e-01 8.550000e-01 2.947541e+04 3.020914e+03 8.550000e-01 0.000000e+00 0.000000e+00 0.000000e+00 8.122774e-09
2.250000e+02 8 4.395604e+03 3.571497e+02 5.120926e+03 1.430978e+01 0.000000e+00 0.000000e+00 8.550000e-01 8.550000e-01 2.947541e+04 3.020914e+03 8.550000e-01 0.000000e+00 0.000000e+00 0.000000e+00 8.122774e-09
2.250000e+02 9 4.395604e+03 3.571497e+02 5.120926e+03 1.430978e+01 0.000000e+00 0.000000e+00 8.550000e-01 8.550000e-01 2.947541e+04 3.020914e+03 8.550000e-01 0.000000e+00 0.000000e+00 0.000000e+00 8.122774e-09
2.250000e+02 10 4.395604e+03 3.571497e+02 5.120926e+03 1.430978e+01 0.000000e+00 0.000000e+00 8.550000e-01 8.550000e-01 2.947541e+04 3.020914e+03 8.550000e-01 0.000000e+00 0.000000e+00 0.000000e+00 8.122774e-09
2.300000e+02 0 0.000000e+00 0.000000e+00 0.000000e+00 0.000000e+00 0.000000e+00 0.000000e+00 0.000000e+00 0.000000e+00 0.000000e+00 0.000000e+00 0.000000e+00 0.000000e+00 0.000000e+00 0.000000e+00 0.000000e+00
2.300000e+02 1 4.519245e+03 3.571485e+02 5.192178e+03 1.413892e+01 0.000000e+00 0.000000e+00 8.550000e-01 8.550000e-01 2.908572e+04 2.991881e+03 8.550000e-01 0.000000e+00 0.000000e+00 0.000000e+00 8.122774e-09
2.300000e+02 2 4.519245e+03 3.571485e+02 5.192178e+03 1.413892e+01 0.000000e+00 0.000000e+00 8.550000e-01 8.550000e-01 2.908572e+04 2.991881e+03 8.550000e-01 0.000000e+00 0.000000e+00 0.000000e+00 8.122774e-09
2.300000e+02 3 4.519245e+03 3.571485e+02 5.192178e+03 1.413892e+01 0.000000e+00 0.000000e+00 8.550000e-01 8.550000e-01 2.908572e+04 2.991881e+03 8.550000e-01 0.000000e+00 0.000000e+00 0.000000e+00 8.122774e-09
2.300000e+02 4 4.519245e+03 3.571485e+02 5.192178e+03 1.413892e+01 0.000000e+00 0.000000e+00 8.550000e-01 8.550000e-01 2.908572e+04 2.991881e+03 8.550000e-01 0.000000e+00 0.000000e+00 0.000000e+00 8.122774e-09
2.300000e+02 5 4.519245e+03 3.571485e+02 5.192178e+03 1.413892e+01 0.000000e+00 0.000000e+00 8.550000e-01 8.550000e-01 2.908572e+04 2.991881e+03 8.550000e-01 0.000000e+00 0.000000e+00 0.000000e+00 8.122774e-09
2.300000e+02 6 4.519245e+03 3.571485e+02 5.192178e+03 1.413892e+01 0.000000e+00 0.000000e+00 8.550000e-01 8.550000e-01 2.908572e+04 2.991881e+03 8.550000e-01 0.000000e+00 0.000000e+00 0.000000e+00 8.122774e-09
2.300000e+02 7 4.519245e+03 3.571485e+02 5.192178e+03 1.413892e+01 0.000000e+00 0.000000e+00 8.550000e-01 8.550000e-01 2.908572e+04 2.991881e+03 8.550000e-01 0.000000e+00 0.000000e+00 0.000000e+00 8.122774e-09
2.300000e+02 8 4.519245e+03 3.571485e+02 5.192178e+03 1.413892e+01 0.000000e+00 0.000000e+00 8.550000e-01 8.550000e-01 2.908572e+04 2.991881e+03 8.550000e-01 0.000000e+00 0.000000e+00 0.000000e+00 8.122774e-09
2.300000e+02 9 4.519245e+03 3.571485e+02 5.192178e+03 1.413892e+01 0.000000e+00 0.000000e+00 8.550000e-01 8.550000e-01 2.908572e+04 2.991881e+03 8.550000e-01 0.000000e+00 0.000000e+00 0.000000e+00 8.122774e-09
2.300000e+02 10 4.519245e+03 3.571485e+02 5.192178e+03 1.413892e+01 0.000000e+00 0.000000e+00 8.550000e-01 8.550000e-01 2.908572e+04 2.991881e+03 8.550000e-01 0.000000e+00 0.000000e+00 0.000000e+00 8.122774e-09
2.350000e+02 0 0.000000e+00 0.000000e+00 0.000000e+00 0.000000e+00 0.000000e+00 0.000000e+00 0.000000e+00 0.000000e+00 0.000000e+00 0.000000e+00 0.000000e+00 0.000000e+00 0.000000e+00 0.000000e+00 0.000000e+00
2.350000e+02 1 4.646631e+03 3.570731e+02 5.263909e+03 1.395330e+01 0.000000e+00 0.000000e+00 8.550000e-01 8.550000e-01 2.868685e+04 2.961859e+03 8.550000e-01 0.000000e+00 0.000000e+00 0.000000e+00 8.122774e-09
2.350000e+02 2 4.646631e+03 3.570731e+02 5.263909e+03 1.395330e+01 0.000000e+00 0.000000e+00 8.550000e-01 8.550000e-01 2.868685e+04 2.961859e+03 8.550000e-01 0.000000e+00 0.000000e+00 0.000000e+00 8.122774e-09
2.350000e+02 3 4.646631e+03 3.570731e+02 5.263909e+03 1.395330e+01 0.000000e+00 0.000000e+00 8.550000e-01 8.550000e-01 2.868685e+04 2.961859e+03 8.550000e-01 0.000000e+00 0.000000e+00 0.000000e+00 8.122774e-09
2.350000e+02 4 4.646631e+03 3.570731e+02 5.263909e+03 1.395330e+01 0.000000e+00 0.000000e+00 8.550000e-01 8.550000e-01 2.868685e+04 2.961859e+03 8.550000e-01 0.000000e+00 0.000000e+00 0.000000e+00 8.122774e-09
2.350000e+02 5 4.646631e+03 3.570731e+02 5.263909e+03 1.395330e+01 0.000000e+00 0.000000e+00 8.550000e-01 8.550000e-01 2.868685e+04 2.961859e+03 8.550000e-01 0.000000e+00 0.000000e+00 0.000000e+00 8.122774e-09
2.350000e+02 6 4.646631e+03 3.570731e+02 5.263909e+03 1.395330e+01 0.000000e+00 0.000000e+00 8.550000e-01 8.550000e-01 2.868685e+04 2.961859e+03 8.550000e-01 0.000000e+00 0.000000e+00 0.000000e+00 8.122774e-09
2.350000e+02 7 4.646631e+03 3.570731e+02 5.263909e+03 1.395330e+01 0.000000e+00 0.000000e+00 8.550000e-01 8.550000e-01 2.868685e+04 2.961859e+03 8.550000e-01 0.000000e+00 0.000000e+00 0.000000e+00 8.122774e-09
2.350000e+02 8 4.646631e+03 3.570731e+02 5.263909e+03 1.395330e+01 0.000000e+00 0.000000e+00 8.550000e-01 8.550000e-01 2.868685e+04 2.961859e+03 8.550000e-01 0.000000e+00 0.000000e+00 0.000000e+00 8.122774e-09
2.350000e+02 9 4.646631e+03 3.570731e+02 5.263909e+03 1.395330e+01 0.000000e+00 0.000000e+00 8.550000e-01 8.550000e-01 2.868685e+04 2.961859e+03 8.550000e-01 0.000000e+00 0.000000e+00 0.000000e+00 8.122774e-09
2.350000e+02 10 4.646631e+03 3.570731e+02 5.263909e+03 1.395330e+01 0.000000e+00 0.000000e+00 8.550000e-01 8.550000e-01 2.868685e+04 2.961859e+03 8.550000e-01 0.000000e+00 0.000000e+00 0.000000e+00 8.122774e-09
2.400000e+02 0 0.000000e+00 0.000000e+00 0.000000e+00 0.000000e+00 0.000000e+00 0.000000e+00 0.000000e+00 0.000000e+00 0.000000e+00 0.000000e+00 0.000000e+00 0.000000e+00 0.000000e+00 0.000000e+00 0.000000e+00
2.400000e+02 1 4.777875e+03 3.569317e+02 5.335920e+03 1.375369e+01 0.000000e+00 0.000000e+00 8.550000e-01 8.550000e-01 2.827883e+04 2.930839e+03 8.550000e-01 0.000000e+00 0.000000e+00 0.000000e+00 8.122774e-09
2.400000e+02 2 4.777875e+03 3.569317e+02 5.335920e+03 1.375369e+01 0.000000e+00 0.000000e+00 8.550000e-01 8.550000e-01 2.827883e+04 2.930839e+03 8.550000e-01 0.000000e+00 0.000000e+00 0.000000e+00 8.122774e-09
2.400000e+02 3 4.777875e+03 3.569317e+02 5.335920e+03 1.375369e+01 0.000000e+00 0.000000e+00 8.550000e-01 8.550000e-01 2.827883e+04 2.930839e+03 8.550000e-01 0.000000e+00 0.000000e+00 0.000000e+00 8.122774e-09
2.400000e+02 4 4.777875e+03 3.569317e+02 5.335920e+03 1.375369e+01 0.000000e+00 0.000000e+00 8.550000e-01 8.550000e-01 2.827883e+04 2.930839e+03 8.550000e-01 0.000000e+00 0.000000e+00 0.000000e+00 8.122774e-09
2.400000e+02 5 4.777875e+03 3.569317e+02 5.335920e+03 1.375369e+01 0.000000e+00 0.000000e+00 8.550000e-01 8.550000e-01 2.827883e+04 2.930839e+03 8.550000e-01 0.000000e+00 0.000000e+00 0.000000e+00 8.122774e-09
2.400000e+02 6 4.777875e+03 3.569317e+02 5.335920e+03 1.375369e+01 0.000000e+00 0.000000e+00 8.550000e-01 8.550000e-01 2.827883e+04 2.930839e+03 8.550000e-01 0.000000e+00 0.000000e+00 0.000000e+00 8.122774e-09
2.400000e+02 7 4.777875e+03 3.569317e+02 5.335920e+03 1.375369e+01 0.000000e+00 0.000000e+00 8.550000e-01 8.550000e-01 2.827883e+04 2.930839e+03 8.550000e-01 0.000000e+00 0.000000e+00 0.000000e+00 8.122774e-09
2.400000e+02 8 4.777875e+03 3.569317e+02 5.335920e+03 1.375369e+01 0.000000e+00 0.000000e+00 8.550000e-01 8.550000e-01 2.827883e+04 2.930839e+03 8.550000e-01 0.000000e+00 0.000000e+00 0.000000e+00 8.122774e-09
2.400000e+02 9 4.777875e+03 3.569317e+02 5.335920e+03 1.375369e+01 0.000000e+00 0.000000e+00 8.550000e-01 8.550000e-01 2.827883e+04 2.930839e+03 8.550000e-01 0.000000e+00 0.000000e+00 0.000000e+00 8.122774e-09
2.400000e+02 10 4.777875e+03 3.569317e+02 5.335920e+03 1.375369e+01 0.000000e+00 0.000000e+00 8.550000e-01 8.550000e-01 2.827883e+04 2.930839e+03 8.550000e-01 0.000000e+00 0.000000e+00 0.000000e+00 8.122774e-09
2.450000e+02 0 0.000000e+00 0.000000e+00 0.000000e+00 0.000000e+00 0.000000e+00 0.000000e+00 0.000000e+00 0.000000e+00 0.000000e+00 0.000000e+00 0.000000e+00 0.000000e+00 0.000000e+00 0.000000e+00 0.000000e+00
2.450000e+02 1 4.912931e+03 3.567618e+02 5.408092e+03 1.354407e+01 0.000000e+00 0.000000e+00 8.550000e-01 8.550000e-01 2.786172e+04 2.898815e+03 8.550000e-01 0.000000e+00 0.000000e+00 0.000000e+00 8.122774e-09
2.450000e+02 2 4.912931e+03 3.567618e+02 5.408092e+03 1.354407e+01 0.000000e+00 0.000000e+00 8.550000e-01 8.550000e-01 2.786172e+04 2.898815e+03 8.550000e-01 0.000000e+00 0.000000e+00 0.000000e+00 8.122774e-09
2.450000e+02 3 4.912931e+03 3.567618e+02 5.408092e+03 1.354407e+01 0.000000e+00 0.000000e+00 8.550000e-01 8.550000e-01 2.786172e+04 2.898815e+03 8.550000e-01 0.000000e+00 0.000000e+00 0.000000e+00 8.122774e-09
2.450000e+02 4 4.912931e+03 3.567618e+02 5.408092e+03 1.354407e+01 0.000000e+00 0.000000e+00 8.550000e-01 8.550000e-01 2.786172e+04 2.898815e+03 8.550000e-01 0.000000e+00 0.000000e+00 0.000000e+00 8.122774e-09
2.450000e+02 5 4.912931e+03 3.567618e+02 5.408092e+03 1.354407e+01 0.000000e+00 0.000000e+00 8.550000e-01 8.550000e-01 2.786172e+04 2.898815e+03 8.550000e-01 0.000000e+00 0.000000e+00 0.000000e+00 8.122774e-09
2.450000e+02 6 4.912931e+03 3.567618e+02 5.408092e+03 1.354407e+01 0.000000e+00 0.000000e+00 8.550000e-01 8.550000e-01 2.786172e+04 2.898815e+03 8.550000e-01 0.000000e+00 0.000000e+00 0.000000e+00 8.122774e-09
2.450000e+02 7 4.912931e+03 3.567618e+02 5.408092e+03 1.354407e+01 0.000000e+00 0.000000e+00 8.550000e-01 8.550000e-01 2.786172e+04 2.898815e+03 8.550000e-01 0.000000e+00 0.000000e+00 0.000000e+00 8.122774e-09
2.450000e+02 8 4.912931e+03 3.567618e+02 5.408092e+03 1.354407e+01 0.000000e+00 0.000000e+00 8.550000e-01 8.550000e-01 2.786172e+04 2.898815e+03 8.550000e-01 0.000000e+00 0.000000e+00 0.000000e+00 8.122774e-09
2.450000e+02 9 4.912931e+03 3.567618e+02 5.408092e+03 1.354407e+01 0.000000e+00 0.000000e+00 8.550000e-01 8.550000e-01 2.786172e+04 2.898815e+03 8.550000e-01 0.000000e+00 0.000000e+00 0.000000e+00 8.122774e-09
2.450000e+02 10 4.912931e+03 3.567618e+02 5.408092e+03 1.354407e+01 0.000000e+00 0.000000e+00 8.550000e-01 8.550000e-01 2.786172e+04 2.898815e+03 8.550000e-01 0.000000e+00 0.000000e+00 0.000000e+00 8.122774e-09
2.500000e+02 0 0.000000e+00 0.000000e+00 0.000000e+00 0.000000e+00 0.000000e+00 0.000000e+00 0.000000e+00 0.000000e+00 0.000000e+00 0.000000e+00 0.000000e+00 0.000000e+00 0.000000e+00 0.000000e+00 0.000000e+00
2.500000e+02 1 5.051932e+03 3.553845e+02 5.480347e+03 1.332725e+01 0.000000e+00 0.000000e+00 8.550000e-01 8.550000e-01 2.743650e+04 2.865879e+03 8.550000e-01 0.000000e+00 0.000000e+00 0.000000e+00 8.122774e-09
2.500000e+02 2 5.051932e+03 3.553845e+02 5.480347e+03 1.332725e+01 0.000000e+00 0.000000e+00 8.550000e-01 8.550000e-01 2.743650e+04 2.865879e+03 8.550000e-01 0.000000e+00 0.000000e+00 0.000000e+00 8.122774e-09
2.500000e+02 3 5.051932e+03 3.553845e+02 5.480347e+03 1.332725e+01 0.000000e+00 0.000000e+00 8.550000e-01 8.550000e-01 2.743650e+04 2.865879e+03 8.550000e-01 0.000000e+00 0.000000e+00 0.000000e+00 8.122774e-09
2.500000e+02 4 5.051932e+03 3.553845e+02 5.480347e+03 1.332725e+01 0.000000e+00 0.000000e+00 8.550000e-01 8.550000e-01 2.743650e+04 2.865879e+03 8.550000e-01 0.000000e+00 0.000000e+00 0.000000e+00 8.122774e-09
2.500000e+02 5 5.051932e+03 3.553845e+02 5.480347e+03 1.332725e+01 0.000000e+00 0.000000e+00 8.550000e-01 8.550000e-01 2.743650e+04 2.865879e+03 8.550000e-01 0.000000e+00 0.000000e+00 0.000000e+00 8.122774e-09
2.500000e+02 6 5.051932e+03 3.553845e+02 5.480347e+03 1.332725e+01 0.000000e+00 0.000000e+00 8.550000e-01 8.550000e-01 2.743650e+04 2.865879e+03 8.550000e-01 0.000000e+00 0.000000e+00 0.000000e+00 8.122774e-09
2.500000e+02 7 5.051932e+03 3.553845e+02 5.480347e+03 1.332725e+01 0.000000e+00 0.000000e+00 8.550000e-01 8.550000e-01 2.743650e+04 2.865879e+03 8.550000e-01 0.000000e+00 0.000000e+00 0.000000e+00 8.122774e-09
2.500000e+02 8 5.051932e+03 3.553845e+02 5.480347e+03 1.332725e+01 0.000000e+00 0.000000e+00 8.550000e-01 8.550000e-01 2.743650e+04 2.865879e+03 8.550000e-01 0.000000e+00 0.000000e+00 0.000000e+00 8.122774e-09
2.500000e+02 9 5.051932e+03 3.553845e+02 5.480347e+03 1.332725e+01 0.000000e+00 0.000000e+00 8.550000e-01 8.550000e-01 2.743650e+04 2.865879e+03 8.550000e-01 0.000000e+00 0.000000e+00 0.000000e+00 8.122774e-09
2.500000e+02 10 5.051932e+03 3.553845e+02 5.480347e+03 1.332725e+01 0.000000e+00 0.000000e+00 8.550000e-01 8.550000e-01 2.743650e+04 2.865879e+03 8.550000e-01 0.000000e+00 0.000000e+00 0.000000e+00 8.122774e-09
2.550000e+02 0 0.000000e+00 0.000000e+00 0.000000e+00 0.000000e+00 0.000000e+00 0.000000e+00 0.000000e+00 0.000000e+00 0.000000e+00 0.000000e+00 0.000000e+00 0.000000e+00 0.000000e+00 0.000000e+00 0.000000e+00
2.550000e+02 1 5.195054e+03 3.493195e+02 5.552938e+03 1.310969e+01 0.000000e+00 0.000000e+00 8.550000e-01 8.550000e-01 2.700584e+04 2.832298e+03 8.550000e-01 0.000000e+00 0.000000e+00 0.000000e+00 8.122774e-09
2.550000e+02 2 5.195054e+03 3.493195e+02 5.552938e+03 1.310969e+01 0.000000e+00 0.000000e+00 8.550000e-01 8.550000e-01 2.700584e+04 2.832298e+03 8.550000e-01 0.000000e+00 0.000000e+00 0.000000e+00 8.122774e-09
2.550000e+02 3 5.195054e+03 3.493195e+02 5.552938e+03 1.310969e+01 0.000000e+00 0.000000e+00 8.550000e-01 8.550000e-01 2.700584e+04 2.832298e+03 8.550000e-01 0.000000e+00 0.000000e+00 0.000000e+00 8.122774e-09
2.550000e+02 4 5.195054e+03 3.493195e+02 5.552938e+03 1.310969e+01 0.000000e+00 0.000000e+00 8.550000e-01 8.550000e-01 2.700584e+04 2.832298e+03 8.550000e-01 0.000000e+00 0.000000e+00 0.000000e+00 8.122774e-09
2.550000e+02 5 5.195054e+03 3.493195e+02 5.552938e+03 1.310969e+01 0.000000e+00 0.000000e+00 8.550000e-01 8.550000e-01 2.700584e+04 2.832298e+03 8.550000e-01 0.000000e+00 0.000000e+00 0.000000e+00 8.122774e-09
2.550000e+02 6 5.195054e+03 3.493195e+02 5.552938e+03 1.310969e+01 0.000000e+00 0.000000e+00 8.550000e-01 8.550000e-01 2.700584e+04 2.832298e+03 8.550000e-01 0.000000e+00 0.000000e+00 0.000000e+00 8.122774e-09
2.550000e+02 7 5.195054e+03 3.493195e+02 5.552938e+03 1.310969e+01 0.000000e+00 0.000000e+00 8.550000e-01 8.550000e-01 2.700584e+04 2.832298e+03 8.550000e-01 0.000000e+00 0.000000e+00 0.000000e+00 8.122774e-09
2.550000e+02 8 5.195054e+03 3.493195e+02 5.552938e+03 1.310969e+01 0.000000e+00 0.000000e+00 8.550000e-01 8.550000e-01 2.700584e+04 2.832298e+03 8.550000e-01 0.000000e+00 0.000000e+00 0.000000e+00 8.122774e-09
2.550000e+02 9 5.195054e+03 3.493195e+02 5.552938e+03 1.310969e+01 0.000000e+00 0.000000e+00 8.550000e-01 8.550000e-01 2.700584e+04 2.832298e+03 8.550000e-01 0.000000e+00 0.000000e+00 0.000000e+00 8.122774e-09
2.550000e+02 10 5.195054e+03 3.493195e+02 5.552938e+03 1.310969e+01 0.000000e+00 0.000000e+00 8.550000e-01 8.550000e-01 2.700584e+04 2.832298e+03 8.550000e-01 0.000000e+00 0.000000e+00 0.000000e+00 8.122774e-09
2.600000e+02 0 0.000000e+00 0.000000e+00 0.000000e+00 0.000000e+00 0.000000e+00 0.000000e+00 0.000000e+00 0.000000e+00 0.000000e+00 0.000000e+00 0.000000e+00 0.000000e+00 0.000000e+00 0.000000e+00 0.000000e+00
2.600000e+02 1 5.342322e+03 3.433719e+02 5.624977e+03 1.288350e+01 0.000000e+00 0.000000e+00 8.550000e-01 8.550000e-01 2.656629e+04 2.797698e+03 8.550000e-01 0.000000e+00 0.000000e+00 0.000000e+00 8.122774e-09
2.600000e+02 2 5.342322e+03 3.433719e+02 5.624977e+03 1.288350e+01 0.000000e+00 0.000000e+00 8.550000e-01 8.550000e-01 2.656629e+04 2.797698e+03 8.550000e-01 0.000000e+00 0.000000e+00 0.000000e+00 8.122774e-09
2.600000e+02 3 5.342322e+03 3.433719e+02 5.624977e+03 1.288350e+01 0.000000e+00 0.000000e+00 8.550000e-01 8.550000e-01 2.656629e+04 2.797698e+03 8.550000e-01 0.000000e+00 0.000000e+00 0.000000e+00 8.122774e-09
2.600000e+02 4 5.342322e+03 3.433719e+02 5.624977e+03 1.288350e+01 0.000000e+00 0.000000e+00 8.550000e-01 8.550000e-01 2.656629e+04 2.797698e+03 8.550000e-01 0.000000e+00 0.000000e+00 0.000000e+00 8.122774e-09
2.600000e+02 5 5.342322e+03 3.433719e+02 5.624977e+03 1.288350e+01 0.000000e+00 0.000000e+00 8.550000e-01 8.550000e-01 2.656629e+04 2.797698e+03 8.550000e-01 0.000000e+00 0.000000e+00 0.000000e+00 8.122774e-09
2.600000e+02 6 5.342322e+03 3.433719e+02 5.624977e+03 1.288350e+01 0.000000e+00 0.000000e+00 8.550000e-01 8.550000e-01 2.656629e+04 2.797698e+03 8.550000e-01 0.000000e+00 0.000000e+00 0.000000e+00 8.122774e-09
2.600000e+02 7 5.342322e+03 3.433719e+02 5.624977e+03 1.288350e+01 0.000000e+00 0.000000e+00 8.550000e-01 8.550000e-01 2.656629e+04 2.797698e+03 8.550000e-01 0.000000e+00 0.000000e+00 0.000000e+00 8.122774e-09
2.600000e+02 8 5.342322e+03 3.433719e+02 5.624977e+03 1.288350e+01 0.000000e+00 0.000000e+00 8.550000e-01 8.550000e-01 2.656629e+04 2.797698e+03 8.550000e-01 0.000000e+00 0.000000e+00 0.000000e+00 8.122774e-09
2.600000e+02 9 5.342322e+03 3.433719e+02 5.624977e+03 1.288350e+01 0.000000e+00 0.000000e+00 8.550000e-01 8.550000e-01 2.656629e+04 2.797698e+03 8.550000e-01 0.000000e+00 0.000000e+00 0.000000e+00 8.122774e-09
2.600000e+02 10 5.342322e+03 3.433719e+02 5.624977e+03 1.288350e+01 0.000000e+00 0.000000e+00 8.550000e-01 8.550000e-01 2.656629e+04 2.797698e+03 8.550000e-01 0.000000e+00 0.000000e+00 0.000000e+00 8.122774e-09
2.650000e+02 0 0.000000e+00 0.000000e+00 0.000000e+00 0.000000e+00 0.000000e+00 0.000000e+00 0.000000e+00 0.000000e+00 0.000000e+00 0.000000e+00 0.000000e+00 0.000000e+00 0.000000e+00 0.000000e+00 0.000000e+00
2.650000e+02 1 5.493927e+03 3.375490e+02 5.696099e+03 1.264836e+01 0.000000e+00 0.000000e+00 8.550000e-01 8.550000e-01 2.611807e+04 2.762091e+03 8.550000e-01 0.000000e+00 0.000000e+00 0.000000e+00 8.122774e-09
2.650000e+02 2 5.493927e+03 3.375490e+02 5.696099e+03 1.264836e+01 0.000000e+00 0.000000e+00 8.550000e-01 8.550000e-01 2.611807e+04 2.762091e+03 8.550000e-01 0.000000e+00 0.000000e+00 0.000000e+00 8.122774e-09
2.650000e+02 3 5.493927e+03 3.375490e+02 5.696099e+03 1.264836e+01 0.000000e+00 0.000000e+00 8.550000e-01 8.550000e-01 2.611807e+04 2.762091e+03 8.550000e-01 0.000000e+00 0.000000e+00 0.000000e+00 8.122774e-09
2.650000e+02 4 5.493927e+03 3.375490e+02 5.696099e+03 1.264836e+01 0.000000e+00 0.000000e+00 8.550000e-01 8.550000e-01 2.611807e+04 2.762091e+03 8.550000e-01 0.000000e+00 0.000000e+00 0.000000e+00 8.122774e-09
2.650000e+02 5 5.493927e+03 3.375490e+02 5.696099e+03 1.264836e+01 0.000000e+00 0.000000e+00 8.550000e-01 8.550000e-01 2.611807e+04 2.762091e+03 8.550000e-01 0.000000e+00 0.000000e+00 0.000000e+00 8.122774e-09
2.650000e+02 6 5.493927e+03 3.375490e+02 5.696099e+03 1.264836e+01 0.000000e+00 0.000000e+00 8.550000e-01 8.550000e-01 2.611807e+04 2.762091e+03 8.550000e-01 0.000000e+00 0.000000e+00 0.000000e+00 8.122774e-09
2.650000e+02 7 5.493927e+03 3.375490e+02 5.696099e+03 1.264836e+01 0.000000e+00 0.000000e+00 8.550000e-01 8.550000e-01 2.611807e+04 2.762091e+03 8.550000e-01 0.000000e+00 0.000000e+00 0.000000e+00 8.122774e-09
2.650000e+02 8 5.493927e+03 3.375490e+02 5.696099e+03 1.264836e+01 0.000000e+00 0.000000e+00 8.550000e-01 8.550000e-01 2.611807e+04 2.762091e+03 8.550000e-01 0.000000e+00 0.000000e+00 0.000000e+00 8.122774e-09
2.650000e+02 9 5.493927e+03 3.375490e+02 5.696099e+03 1.264836e+01 0.000000e+00 0.000000e+00 8.550000e-01 8.550000e-01 2.611807e+04 2.762091e+03 8.550000e-01 0.000000e+00 0.000000e+00 0.000000e+00 8.122774e-09
2.650000e+02 10 5.493927e+03 3.375490e+02 5.696099e+03 1.264836e+01 0.000000e+00 0.000000e+00 8.550000e-01 8.550000e-01 2.611807e+04 2.762091e+03 8.550000e-01 0.000000e+00 0.000000e+00 0.000000e+00 8.122774e-09
2.700000e+02 0 0.000000e+00 0.000000e+00 0.000000e+00 0.000000e+00 0.000000e+00 0.000000e+00 0.000000e+00 0.000000e+00 0.000000e+00 0.000000e+00 0.000000e+00 0.000000e+00 0.000000e+00 0.000000e+00 0.000000e+00
2.700000e+02 1 5.648939e+03 3.303343e+02 5.817342e+03 1.232175e+01 0.000000e+00 0.000000e+00 8.550000e-01 8.550000e-01 2.561651e+04 2.720725e+03 8.550000e-01 0.000000e+00 0.000000e+00 0.000000e+00 8.122774e-09
2.700000e+02 2 5.648939e+03 3.303343e+02 5.817342e+03 1.232175e+01 0.000000e+00 0.000000e+00 8.550000e-01 8.550000e-01 2.561651e+04 2.720725e+03 8.550000e-01 0.000000e+00 0.000000e+00 0.000000e+00 8.122774e-09
2.700000e+02 3 5.648939e+03 3.303343e+02 5.817342e+03 1.232175e+01 0.000000e+00 0.000000e+00 8.550000e-01 8.550000e-01 2.561651e+04 2.720725e+03 8.550000e-01 0.000000e+00 0.000000e+00 0.000000e+00 8.122774e-09
2.700000e+02 4 5.648939e+03 3.303343e+02 5.817342e+03 1.232175e+01 0.000000e+00 0.000000e+00 8.550000e-01 8.550000e-01 2.561651e+04 2.720725e+03 8.550000e-01 0.000000e+00 0.000000e+00 0.000000e+00 8.122774e-09
2.700000e+02 5 5.648939e+03 3.303343e+02 5.817342e+03 1.232175e+01 0.000000e+00 0.000000e+00 8.550000e-01 8.550000e-01 2.561651e+04 2.720725e+03 8.550000e-01 0.000000e+00 0.000000e+00 0.000000e+00 8.122774e-09
2.700000e+02 6 5.648939e+03 3.303343e+02 5.817342e+03 1.232175e+01 0.000000e+00 0.000000e+00 8.550000e-01 8.550000e-01 2.561651e+04 2.720725e+03 8.550000e-01 0.000000e+00 0.000000e+00 0.000000e+00 8.122774e-09
2.700000e+02 7 5.648939e+03 3.303343e+02 5.817342e+03 1.232175e+01 0.000000e+00 0.000000e+00 8.550000e-01 8.550000e-01 2.561651e+04 2.720725e+03 8.550000e-01 0.000000e+00 0.000000e+00 0.000000e+00 8.122774e-09
2.700000e+02 8 5.648939e+03 3.303343e+02 5.817342e+03 1.232175e+01 0.000000e+00 0.000000e+00 8.550000e-01 8.550000e-01 2.561651e+04 2.720725e+03 8.550000e-01 0.000000e+00 0.000000e+00 0.000000e+00 8.122774e-09
2.700000e+02 9 5.648939e+03 3.303343e+02 5.817342e+03 1.232175e+01 0.000000e+00 0.000000e+00 8.550000e-01 8.550000e-01 2.561651e+04 2.720725e+03 8.550000e-01 0.000000e+00 0.000000e+00 0.000000e+00 8.122774e-09
2.700000e+02 10 5.648939e+03 3.303343e+02 5.817342e+03 1.232175e+01 0.000000e+00 0.000000e+00 8.550000e-01 8.550000e-01 2.561651e+04 2.720725e+03 8.550000e-01 0.000000e+00 0.000000e+00 0.000000e+00 8.122774e-09
2.750000e+02 0 0.000000e+00 0.000000e+00 0.000000e+00 0.000000e+00 0.000000e+00 0.000000e+00 0.000000e+00 0.000000e+00 0.000000e+00 0.000000e+00 0.000000e+00 0.000000e+00 0.000000e+00 0.000000e+00 0.000000e+00
2.750000e+02 1 5.808313e+03 3.233882e+02 5.947515e+03 1.199218e+01 0.000000e+00 0.000000e+00 8.550000e-01 8.550000e-01 2.509168e+04 2.676742e+03 8.550000e-01 0.000000e+00 0.000000e+00 0.000000e+00 8.122774e-09
2.750000e+02 2 5.808313e+03 3.233882e+02 5.947515e+03 1.199218e+01 0.000000e+00 0.000000e+00 8.550000e-01 8.550000e-01 2.509168e+04 2.676742e+03 8.550000e-01 0.000000e+00 0.000000e+00 0.000000e+00 8.122774e-09
2.750000e+02 3 5.808313e+03 3.233882e+02 5.947515e+03 1.199218e+01 0.000000e+00 0.000000e+00 8.550000e-01 8.550000e-01 2.509168e+04 2.676742e+03 8.550000e-01 0.000000e+00 0.000000e+00 0.000000e+00 8.122774e-09
2.750000e+02 4 5.808313e+03 3.233882e+02 5.947515e+03 1.199218e+01 0.000000e+00 0.000000e+00 8.550000e-01 8.550000e-01 2.509168e+04 2.676742e+03 8.550000e-01 0.000000e+00 0.000000e+00 0.000000e+00 8.122774e-09
2.750000e+02 5 5.808313e+03 3.233882e+02 5.947515e+03 1.199218e+01 0.000000e+00 0.000000e+00 8.550000e-01 8.550000e-01 2.509168e+04 2.676742e+03 8.550000e-01 0.000000e+00 0.000000e+00 0.000000e+00 8.122774e-09
2.750000e+02 6 5.808313e+03 3.233882e+02 5.947515e+03 1.199218e+01 0.000000e+00 0.000000e+00 8.550000e-01 8.550000e-01 2.509168e+04 2.676742e+03 8.550000e-01 0.000000e+00 0.000000e+00 0.000000e+00 8.122774e-09
2.750000e+02 7 5.808313e+03 3.233882e+02 5.947515e+03 1.199218e+01 0.000000e+00 0.000000e+00 8.550000e-01 8.550000e-01 2.509168e+04 2.676742e+03 8.550000e-01 0.000000e+00 0.000000e+00 0.000000e+00 8.122774e-09
2.750000e+02 8 5.808313e+03 3.233882e+02 5.947515e+03 1.199218e+01 0.000000e+00 0.000000e+00 8.550000e-01 8.550000e-01 2.509168e+04 2.676742e+03 8.550000e-01 0.000000e+00 0.000000e+00 0.000000e+00 8.122774e-09
2.750000e+02 9 5.808313e+03 3.233882e+02 5.947515e+03 1.199218e+01 0.000000e+00 0.000000e+00 8.550000e-01 8.550000e-01 2.509168e+04 2.676742e+03 8.550000e-01 0.000000e+00 0.000000e+00 0.000000e+00 8.122774e-09
2.750000e+02 10 5.808313e+03 3.233882e+02 5.947515e+03 1.199218e+01 0.000000e+00 0.000000e+00 8.550000e-01 8.550000e-01 2.509168e+04 2.676742e+03 8.550000e-01 0.000000e+00 0.000000e+00 0.000000e+00 8.122774e-09
2.800000e+02 0 0.000000e+00 0.000000e+00 0.000000e+00 0.000000e+00 0.000000e+00 0.000000e+00 0.000000e+00 0.000000e+00 0.000000e+00 0.000000e+00 0.000000e+00 0.000000e+00 0.000000e+00 0.000000e+00 0.000000e+00
2.800000e+02 1 5.972152e+03 3.167373e+02 6.087571e+03 1.166171e+01 0.000000e+00 0.000000e+00 8.550000e-01 8.550000e-01 2.454180e+04 2.629921e+03 8.550000e-01 0.000000e+00 0.000000e+00 0.000000e+00 8.122774e-09
2.800000e+02 2 5.972152e+03 3.167373e+02 6.087571e+03 1.166171e+01 0.000000e+00 0.000000e+00 8.550000e-01 8.550000e-01 2.454180e+04 2.629921e+03 8.550000e-01 0.000000e+00 0.000000e+00 0.000000e+00 8.122774e-09
2.800000e+02 3 5.972152e+03 3.167373e+02 6.087571e+03 1.166171e+01 0.000000e+00 0.000000e+00 8.550000e-01 8.550000e-01 2.454180e+04 2.629921e+03 8.550000e-01 0.000000e+00 0.000000e+00 0.000000e+00 8.122774e-09
2.800000e+02 4 5.972152e+03 3.167373e+02 6.087571e+03 1.166171e+01 0.000000e+00 0.000000e+00 8.550000e-01 8.550000e-01 2.454180e+04 2.629921e+03 8.550000e-01 0.000000e+00 0.000000e+00 0.000000e+00 8.122774e-09
2.800000e+02 5 5.972152e+03 3.167373e+02 6.087571e+03 1.166171e+01 0.000000e+00 0.000000e+00 8.550000e-01 8.550000e-01 2.454180e+04 2.629921e+03 8.550000e-01 0.000000e+00 0.000000e+00 0.000000e+00 8.122774e-09
2.800000e+02 6 5.972152e+03 3.167373e+02 6.087571e+03 1.166171e+01 0.000000e+00 0.000000e+00 8.550000e-01 8.550000e-01 2.454180e+04 2.629921e+03 8.550000e-01 0.000000e+00 0.000000e+00 0.000000e+00 8.122774e-09
2.800000e+02 7 5.972152e+03 3.167373e+02 6.087571e+03 1.166171e+01 0.000000e+00 0.000000e+00 8.550000e-01 8.550000e-01 2.454180e+04 2.629921e+03 8.550000e-01 0.000000e+00 0.000000e+00 0.000000e+00 8.122774e-09
2.800000e+02 8 5.972152e+03 3.167373e+02 6.087571e+03 1.166171e+01 0.000000e+00 0.000000e+00 8.550000e-01 8.550000e-01 2.454180e+04 2.629921e+03 8.550000e-01 0.000000e+00 0.000000e+00 0.000000e+00 8.122774e-09
2.800000e+02 9 5.972152e+03 3.167373e+02 6.087571e+03 1.166171e+01 0.000000e+00 0.000000e+00 8.550000e-01 8.550000e-01 2.454180e+04 2.629921e+03 8.550000e-01 0.000000e+00 0.000000e+00 0.000000e+00 8.122774e-09
2.800000e+02 10 5.972152e+03 3.167373e+02 6.087571e+03 1.166171e+01 0.000000e+00 0.000000e+00 8.550000e-01 8.550000e-01 2.454180e+04 2.629921e+03 8.550000e-01 0.000000e+00 0.000000e+00 0.000000e+00 8.122774e-09
2.850000e+02 0 0.000000e+00 0.000000e+00 0.000000e+00 0.000000e+00 0.000000e+00 0.000000e+00 0.000000e+00 0.000000e+00 0.000000e+00 0.000000e+00 0.000000e+00 0.000000e+00 0.000000e+00 0.000000e+00 0.000000e+00
2.850000e+02 1 6.140562e+03 3.104069e+02 6.238537e+03 1.133245e+01 0.000000e+00 0.000000e+00 8.550000e-01 8.550000e-01 2.396489e+04 2.580011e+03 8.550000e-01 0.000000e+00 0.000000e+00 0.000000e+00 8.122774e-09
2.850000e+02 2 6.140562e+03 3.104069e+02 6.238537e+03 1.133245e+01 0.000000e+00 0.000000e+00 8.550000e-01 8.550000e-01 2.396489e+04 2.580011e+03 8.550000e-01 0.000000e+00 0.000000e+00 0.000000e+00 8.122774e-09
2.850000e+02 3 6.140562e+03 3.104069e+02 6.238537e+03 1.133245e+01 0.000000e+00 0.000000e+00 8.550000e-01 8.550000e-01 2.396489e+04 2.580011e+03 8.550000e-01 0.000000e+00 0.000000e+00 0.000000e+00 8.122774e-09
2.850000e+02 4 6.140562e+03 3.104069e+02 6.238537e+03 1.133245e+01 0.000000e+00 0.000000e+00 8.550000e-01 8.550000e-01 2.396489e+04 2.580011e+03 8.550000e-01 0.000000e+00 0.000000e+00 0.000000e+00 8.122774e-09
2.850000e+02 5 6.140562e+03 3.104069e+02 6.238537e+03 1.133245e+01 0.000000e+00 0.000000e+00 8.550000e-01 8.550000e-01 2.396489e+04 2.580011e+03 8.550000e-01 0.000000e+00 0.000000e+00 0.000000e+00 8.122774e-09
2.850000e+02 6 6.140562e+03 3.104069e+02 6.238537e+03 1.133245e+01 0.000000e+00 0.000000e+00 8.550000e-01 8.550000e-01 2.396489e+04 2.580011e+03 8.550000e-01 0.000000e+00 0.000000e+00 0.000000e+00 8.122774e-09
2.850000e+02 7 6.140562e+03 3.104069e+02 6.238537e+03 1.133245e+01 0.000000e+00 0.000000e+00 8.550000e-01 8.550000e-01 2.396489e+04 2.580011e+03 8.550000e-01 0.000000e+00 0.000000e+00 0.000000e+00 8.122774e-09
2.850000e+02 8 6.140562e+03 3.104069e+02 6.238537e+03 1.133245e+01 0.000000e+00 0.000000e+00 8.550000e-01 8.550000e-01 2.396489e+04 2.580011e+03 8.550000e-01 0.000000e+00 0.000000e+00 0.000000e+00 8.122774e-09
2.850000e+02 9 6.140562e+03 3.104069e+02 6.238537e+03 1.133245e+01 0.000000e+00 0.000000e+00 8.550000e-01 8.550000e-01 2.396489e+04 2.580011e+03 8.550000e-01 0.000000e+00 0.000000e+00 0.000000e+00 8.122774e-09
2.850000e+02 10 6.140562e+03 3.104069e+02 6.238537e+03 1.133245e+01 0.000000e+00 0.000000e+00 8.550000e-01 8.550000e-01 2.396489e+04 2.580011e+03 8.550000e-01 0.000000e+00 0.000000e+00 0.000000e+00 8.122774e-09
2.900000e+02 0 0.000000e+00 0.000000e+00 0.000000e+00 0.000000e+00 0.000000e+00 0.000000e+00 0.000000e+00 0.000000e+00 0.000000e+00 0.000000e+00 0.000000e+00 0.000000e+00 0.000000e+00 0.000000e+00 0.000000e+00
2.900000e+02 1 6.313646e+03 3.044212e+02 6.401519e+03 1.100662e+01 0.000000e+00 0.000000e+00 8.550000e-01 8.550000e-01 2.335884e+04 2.526744e+03 8.550000e-01 0.000000e+00 0.000000e+00 0.000000e+00 8.122774e-09
2.900000e+02 2 6.313646e+03 3.044212e+02 6.401519e+03 1.100662e+01 0.000000e+00 0.000000e+00 8.550000e-01 8.550000e-01 2.335884e+04 2.526744e+03 8.550000e-01 0.000000e+00 0.000000e+00 0.000000e+00 8.122774e-09
2.900000e+02 3 6.313646e+03 3.044212e+02 6.401519e+03 1.100662e+01 0.000000e+00 0.000000e+00 8.550000e-01 8.550000e-01 2.335884e+04 2.526744e+03 8.550000e-01 0.000000e+00 0.000000e+00 0.000000e+00 8.122774e-09
2.900000e+02 4 6.313646e+03 3.044212e+02 6.401519e+03 1.100662e+01 0.000000e+00 0.000000e+00 8.550000e-01 8.550000e-01 2.335884e+04 2.526744e+03 8.550000e-01 0.000000e+00 0.000000e+00 0.000000e+00 8.122774e-09
2.900000e+02 5 6.313646e+03 3.044212e+02 6.401519e+03 1.100662e+01 0.000000e+00 0.000000e+00 8.550000e-01 8.550000e-01 2.335884e+04 2.526744e+03 8.550000e-01 0.000000e+00 0.000000e+00 0.000000e+00 8.122774e-09
2.900000e+02 6 6.313646e+03 3.044212e+02 6.401519e+03 1.100662e+01 0.000000e+00 0.000000e+00 8.550000e-01 8.550000e-01 2.335884e+04 2.526744e+03 8.550000e-01 0.000000e+00 0.000000e+00 0.000000e+00 8.122774e-09
2.900000e+02 7 6.313646e+03 3.044212e+02 6.401519e+03 1.100662e+01 0.000000e+00 0.000000e+00 8.550000e-01 8.550000e-01 2.335884e+04 2.526744e+03 8.550000e-01 0.000000e+00 0.000000e+00 0.000000e+00 8.122774e-09
2.900000e+02 8 6.313646e+03 3.044212e+02 6.401519e+03 1.100662e+01 0.000000e+00 0.000000e+00 8.550000e-01 8.550000e-01 2.335884e+04 2.526744e+03 8.550000e-01 0.000000e+00 0.000000e+00 0.000000e+00 8.122774e-09
2.900000e+02 9 6.313646e+03 3.044212e+02 6.401519e+03 1.100662e+01 0.000000e+00 0.000000e+00 8.550000e-01 8.550000e-01 2.335884e+04 2.526744e+03 8.550000e-01 0.000000e+00 0.000000e+00 0.000000e+00 8.122774e-09
2.900000e+02 10 6.313646e+03 3.044212e+02 6.401519e+03 1.100662e+01 0.000000e+00 0.000000e+00 8.550000e-01 8.550000e-01 2.335884e+04 2.526744e+03 8.550000e-01 0.000000e+00 0.000000e+00 0.000000e+00 8.122774e-09
2.950000e+02 0 0.000000e+00 0.000000e+00 0.000000e+00 0.000000e+00 0.000000e+00 0.000000e+00 0.000000e+00 0.000000e+00 0.000000e+00 0.000000e+00 0.000000e+00 0.000000e+00 0.000000e+00 0.000000e+00 0.000000e+00
2.950000e+02 1 6.491530e+03 2.988015e+02 6.577674e+03 1.068627e+01 0.000000e+00 0.000000e+00 8.550000e-01 8.550000e-01 2.272144e+04 2.469832e+03 8.550000e-01 0.000000e+00 0.000000e+00 0.000000e+00 8.122774e-09
2.950000e+02 2 6.491530e+03 2.988015e+02 6.577674e+03 1.068627e+01 0.000000e+00 0.000000e+00 8.550000e-01 8.550000e-01 2.272144e+04 2.469832e+03 8.550000e-01 0.000000e+00 0.000000e+00 0.000000e+00 8.122774e-09
2.950000e+02 3 6.491530e+03 2.988015e+02 6.577674e+03 1.068627e+01 0.000000e+00 0.000000e+00 8.550000e-01 8.550000e-01 2.272144e+04 2.469832e+03 8.550000e-01 0.000000e+00 0.000000e+00 0.000000e+00 8.122774e-09
2.950000e+02 4 6.491530e+03 2.988015e+02 6.577674e+03 1.068627e+01 0.000000e+00 0.000000e+00 8.550000e-01 8.550000e-01 2.272144e+04 2.469832e+03 8.550000e-01 0.000000e+00 0.000000e+00 0.000000e+00 8.122774e-09
2.950000e+02 5 6.491530e+03 2.988015e+02 6.577674e+03 1.068627e+01 0.000000e+00 0.000000e+00 8.550000e-01 8.550000e-01 2.272144e+04 2.469832e+03 8.550000e-01 0.000000e+00 0.000000e+00 0.000000e+00 8.122774e-09
2.950000e+02 6 6.491530e+03 2.988015e+02 6.577674e+03 1.068627e+01 0.000000e+00 0.000000e+00 8.550000e-01 8.550000e-01 2.272144e+04 2.469832e+03 8.550000e-01 0.000000e+00 0.000000e+00 0.000000e+00 8.122774e-09
2.950000e+02 7 6.491530e+03 2.988015e+02 6.577674e+03 1.068627e+01 0.000000e+00 0.000000e+00 8.550000e-01 8.550000e-01 2.272144e+04 2.469832e+03 8.550000e-01 0.000000e+00 0.000000e+00 0.000000e+00 8.122774e-09
2.950000e+02 8 6.491530e+03 2.988015e+02 6.577674e+03 1.068627e+01 0.000000e+00 0.000000e+00 8.550000e-01 8.550000e-01 2.272144e+04 2.469832e+03 8.550000e-01 0.000000e+00 0.000000e+00 0.000000e+00 8.122774e-09
2.950000e+02 9 6.491530e+03 2.988015e+02 6.577674e+03 1.068627e+01 0.000000e+00 0.000000e+00 8.550000e-01 8.550000e-01 2.272144e+04 2.469832e+03 8.550000e-01 0.000000e+00 0.000000e+00 0.000000e+00 8.122774e-09
2.950000e+02 10 6.491530e+03 2.988015e+02 6.577674e+03 1.068627e+01 0.000000e+00 0.000000e+00 8.550000e-01 8.550000e-01 2.272144e+04 2.469832e+03 8.550000e-01 0.000000e+00 0.000000e+00 0.000000e+00 8.122774e-09
3.000000e+02 0 0.000000e+00 0.000000e+00 0.000000e+00 0.000000e+00 0.000000e+00 0.000000e+00 0.000000e+00 0.000000e+00 0.000000e+00 0.000000e+00 0.000000e+00 0.000000e+00 0.000000e+00 0.000000e+00 0.000000e+00
3.000000e+02 1 6.674379e+03 2.935598e+02 6.768508e+03 1.037281e+01 0.000000e+00 0.000000e+00 8.550000e-01 8.550000e-01 2.205007e+04 2.408937e+03 8.550000e-01 0.000000e+00 0.000000e+00 0.000000e+00 8.122774e-09
3.000000e+02 2 6.674379e+03 2.935598e+02 6.768508e+03 1.037281e+01 0.000000e+00 0.000000e+00 8.550000e-01 8.550000e-01 2.205007e+04 2.408937e+03 8.550000e-01 0.000000e+00 0.000000e+00 0.000000e+00 8.122774e-09
3.000000e+02 3 6.674379e+03 2.935598e+02 6.768508e+03 1.037281e+01 0.000000e+00 0.000000e+00 8.550000e-01 8.550000e-01 2.205007e+04 2.408937e+03 8.550000e-01 0.000000e+00 0.000000e+00 0.000000e+00 8.122774e-09
3.000000e+02 4 6.674379e+03 2.935598e+02 6.768508e+03 1.037281e+01 0.000000e+00 0.000000e+00 8.550000e-01 8.550000e-01 2.205007e+04 2.408937e+03 8.550000e-01 0.000000e+00 0.000000e+00 0.000000e+00 8.122774e-09
3.000000e+02 5 6.674379e+03 2.935598e+02 6.768508e+03 1.037281e+01 0.000000e+00 0.000000e+00 8.550000e-01 8.550000e-01 2.205007e+04 2.408937e+03 8.550000e-01 0.000000e+00 0.000000e+00 0.000000e+00 8.122774e-09
3.000000e+02 6 6.674379e+03 2.935598e+02 6.768508e+03 1.037281e+01 0.000000e+00 0.000000e+00 8.550000e-01 8.550000e-01 2.205007e+04 2.408937e+03 8.550000e-01 0.000000e+00 0.000000e+00 0.000000e+00 8.122774e-09
3.000000e+02 7 6.674379e+03 2.935598e+02 6.768508e+03 1.037281e+01 0.000000e+00 0.000000e+00 8.550000e-01 8.550000e-01 2.205007e+04 2.408937e+03 8.550000e-01 0.000000e+00 0.000000e+00 0.000000e+00 8.122774e-09
3.000000e+02 8 6.674379e+03 2.935598e+02 6.768508e+03 1.037281e+01 0.000000e+00 0.000000e+00 8.550000e-01 8.550000e-01 2.205007e+04 2.408937e+03 8.550000e-01 0.000000e+00 0.000000e+00 0.000000e+00 8.122774e-09
3.000000e+02 9 6.674379e+03 2.935598e+02 6.768508e+03 1.037281e+01 0.000000e+00 0.000000e+00 8.550000e-01 8.550000e-01 2.205007e+04 2.408937e+03 8.550000e-01 0.000000e+00 0.000000e+00 0.000000e+00 8.122774e-09
3.000000e+02 10 6.674379e+03 2.935598e+02 6.768508e+03 1.037281e+01 0.000000e+00 0.000000e+00 8.550000e-01 8.550000e-01 2.205007e+04 2.408937e+03 8.550000e-01 0.000000e+00 0.000000e+00 0.000000e+00 8.122774e-09
3.050000e+02 0 0.000000e+00 0.000000e+00 0.000000e+00 0.000000e+00 0.000000e+00 0.000000e+00 0.000000e+00 0.000000e+00 0.000000e+00 0.000000e+00 0.000000e+00 0.000000e+00 0.000000e+00 0.000000e+00 0.000000e+00
3.050000e+02 1 6.862079e+03 2.886196e+02 6.976055e+03 1.004687e+01 0.000000e+00 0.000000e+00 8.550000e-01 8.550000e-01 2.134200e+04 2.343701e+03 8.550000e-01 0.000000e+00 0.000000e+00 0.000000e+00 8.122774e-09
3.050000e+02 2 6.862079e+03 2.886196e+02 6.976055e+03 1.004687e+01 0.000000e+00 0.000000e+00 8.550000e-01 8.550000e-01 2.134200e+04 2.343701e+03 8.550000e-01 0.000000e+00 0.000000e+00 0.000000e+00 8.122774e-09
3.050000e+02 3 6.862079e+03 2.886196e+02 6.976055e+03 1.004687e+01 0.000000e+00 0.000000e+00 8.550000e-01 8.550000e-01 2.134200e+04 2.343701e+03 8.550000e-01 0.000000e+00 0.000000e+00 0.000000e+00 8.122774e-09
3.050000e+02 4 6.862079e+03 2.886196e+02 6.976055e+03 1.004687e+01 0.000000e+00 0.000000e+00 8.550000e-01 8.550000e-01 2.134200e+04 2.343701e+03 8.550000e-01 0.000000e+00 0.000000e+00 0.000000e+00 8.122774e-09
3.050000e+02 5 6.862079e+03 2.886196e+02 6.976055e+03 1.004687e+01 0.000000e+00 0.000000e+00 8.550000e-01 8.550000e-01 2.134200e+04 2.343701e+03 8.550000e-01 0.000000e+00 0.000000e+00 0.000000e+00 8.122774e-09
3.050000e+02 6 6.862079e+03 2.886196e+02 6.976055e+03 1.004687e+01 0.000000e+00 0.000000e+00 8.550000e-01 8.550000e-01 2.134200e+04 2.343701e+03 8.550000e-01 0.000000e+00 0.000000e+00 0.000000e+00 8.122774e-09
3.050000e+02 7 6.862079e+03 2.886196e+02 6.976055e+03 1.004687e+01 0.000000e+00 0.000000e+00 8.550000e-01 8.550000e-01 2.134200e+04 2.343701e+03 8.550000e-01 0.000000e+00 0.000000e+00 0.000000e+00 8.122774e-09
3.050000e+02 8 6.862079e+03 2.886196e+02 6.976055e+03 1.004687e+01 0.000000e+00 0.000000e+00 8.550000e-01 8.550000e-01 2.134200e+04 2.343701e+03 8.550000e-01 0.000000e+00 0.000000e+00 0.000000e+00 8.122774e-09
3.050000e+02 9 6.862079e+03 2.886196e+02 6.976055e+03 1.004687e+01 0.000000e+00 0.000000e+00 8.550000e-01 8.550000e-01 2.134200e+04 2.343701e+03 8.550000e-01 0.000000e+00 0.000000e+00 0.000000e+00 8.122774e-09
3.050000e+02 10 6.862079e+03 2.886196e+02 6.976055e+03 1.004687e+01 0.000000e+00 0.000000e+00 8.550000e-01 8.550000e-01 2.134200e+04 2.343701e+03 8.550000e-01 0.000000e+00 0.000000e+00 0.000000e+00 8.122774e-09
3.100000e+02 0 0.000000e+00 0.000000e+00 0.000000e+00 0.000000e+00 0.000000e+00 0.000000e+00 0.000000e+00 0.000000e+00 0.000000e+00 0.000000e+00 0.000000e+00 0.000000e+00 0.000000e+00 0.000000e+00 0.000000e+00
3.100000e+02 1 7.054737e+03 2.840588e+02 7.201188e+03 9.716612e+00 0.000000e+00 0.000000e+00 8.550000e-01 8.550000e-01 2.059504e+04 2.273811e+03 8.550000e-01 0.000000e+00 0.000000e+00 0.000000e+00 8.122774e-09
3.100000e+02 2 7.054737e+03 2.840588e+02 7.201188e+03 9.716612e+00 0.000000e+00 0.000000e+00 8.550000e-01 8.550000e-01 2.059504e+04 2.273811e+03 8.550000e-01 0.000000e+00 0.000000e+00 0.000000e+00 8.122774e-09
3.100000e+02 3 7.054737e+03 2.840588e+02 7.201188e+03 9.716612e+00 0.000000e+00 0.000000e+00 8.550000e-01 8.550000e-01 2.059504e+04 2.273811e+03 8.550000e-01 0.000000e+00 0.000000e+00 0.000000e+00 8.122774e-09
3.100000e+02 4 7.054737e+03 2.840588e+02 7.201188e+03 9.716612e+00 0.000000e+00 0.000000e+00 8.550000e-01 8.550000e-01 2.059504e+04 2.273811e+03 8.550000e-01 0.000000e+00 0.000000e+00 0.000000e+00 8.122774e-09
3.100000e+02 5 7.054737e+03 2.840588e+02 7.201188e+03 9.716612e+00 0.000000e+00 0.000000e+00 8.550000e-01 8.550000e-01 2.059504e+04 2.273811e+03 8.550000e-01 0.000000e+00 0.000000e+00 0.000000e+00 8.122774e-09
3.100000e+02 6 7.054737e+03 2.840588e+02 7.201188e+03 9.716612e+00 0.000000e+00 0.000000e+00 8.550000e-01 8.550000e-01 2.059504e+04 2.273811e+03 8.550000e-01 0.000000e+00 0.000000e+00 0.000000e+00 8.122774e-09
3.100000e+02 7 7.054737e+03 2.840588e+02 7.201188e+03 9.716612e+00 0.000000e+00 0.000000e+00 8.550000e-01 8.550000e-01 2.059504e+04 2.273811e+03 8.550000e-01 0.000000e+00 0.000000e+00 0.000000e+00 8.122774e-09
3.100000e+02 8 7.054737e+03 2.840588e+02 7.201188e+03 9.716612e+00 0.000000e+00 0.000000e+00 8.550000e-01 8.550000e-01 2.059504e+04 2.273811e+03 8.550000e-01 0.000000e+00 0.000000e+00 0.000000e+00 8.122774e-09
3.100000e+02 9 7.054737e+03 2.840588e+02 7.201188e+03 9.716612e+00 0.000000e+00 0.000000e+00 8.550000e-01 8.550000e-01 2.059504e+04 2.273811e+03 8.550000e-01 0.000000e+00 0.000000e+00 0.000000e+00 8.122774e-09
3.100000e+02 10 7.054737e+03 2.840588e+02 7.201188e+03 9.716612e+00 0.000000e+00 0.000000e+00 8.550000e-01 8.550000e-01 2.059504e+04 2.273811e+03 8.550000e-01 0.000000e+00 0.000000e+00 0.000000e+00 8.122774e-09
3.150000e+02 0 0.000000e+00 0.000000e+00 0.000000e+00 0.000000e+00 0.000000e+00 0.000000e+00 0.000000e+00 0.000000e+00 0.000000e+00 0.000000e+00 0.000000e+00 0.000000e+00 0.000000e+00 0.000000e+00 0.000000e+00
3.150000e+02 1 7.252376e+03 2.799057e+02 7.445387e+03 9.382008e+00 0.000000e+00 0.000000e+00 8.550000e-01 8.550000e-01 1.980669e+04 2.198915e+03 8.550000e-01 0.000000e+00 0.000000e+00 0.000000e+00 8.122774e-09
3.150000e+02 2 7.252376e+03 2.799057e+02 7.445387e+03 9.382008e+00 0.000000e+00 0.000000e+00 8.550000e-01 8.550000e-01 1.980669e+04 2.198915e+03 8.550000e-01 0.000000e+00 0.000000e+00 0.000000e+00 8.122774e-09
3.150000e+02 3 7.252376e+03 2.799057e+02 7.445387e+03 9.382008e+00 0.000000e+00 0.000000e+00 8.550000e-01 8.550000e-01 1.980669e+04 2.198915e+03 8.550000e-01 0.000000e+00 0.000000e+00 0.000000e+00 8.122774e-09
3.150000e+02 4 7.252376e+03 2.799057e+02 7.445387e+03 9.382008e+00 0.000000e+00 0.000000e+00 8.550000e-01 8.550000e-01 1.980669e+04 2.198915e+03 8.550000e-01 0.000000e+00 0.000000e+00 0.000000e+00 8.122774e-09
3.150000e+02 5 7.252376e+03 2.799057e+02 7.445387e+03 9.382008e+00 0.000000e+00 0.000000e+00 8.550000e-01 8.550000e-01 1.980669e+04 2.198915e+03 8.550000e-01 0.000000e+00 0.000000e+00 0.000000e+00 8.122774e-09
3.150000e+02 6 7.252376e+03 2.799057e+02 7.445387e+03 9.382008e+00 0.000000e+00 0.000000e+00 8.550000e-01 8.550000e-01 1.980669e+04 2.198915e+03 8.550000e-01 0.000000e+00 0.000000e+00 0.000000e+00 8.122774e-09
3.150000e+02 7 7.252376e+03 2.799057e+02 7.445387e+03 9.382008e+00 0.000000e+00 0.000000e+00 8.550000e-01 8.550000e-01 1.980669e+04 2.198915e+03 8.550000e-01 0.000000e+00 0.000000e+00 0.000000e+00 8.122774e-09
3.150000e+02 8 7.252376e+03 2.799057e+02 7.445387e+03 9.382008e+00 0.000000e+00 0.000000e+00 8.550000e-01 8.550000e-01 1.980669e+04 2.198915e+03 8.550000e-01 0.000000e+00 0.000000e+00 0.000000e+00 8.122774e-09
3.150000e+02 9 7.252376e+03 2.799057e+02 7.445387e+03 9.382008e+00 0.000000e+00 0.000000e+00 8.550000e-01 8.550000e-01 1.980669e+04 2.198915e+03 8.550000e-01 0.000000e+00 0.000000e+00 0.000000e+00 8.122774e-09
3.150000e+02 10 7.252376e+03 2.799057e+02 7.445387e+03 9.382008e+00 0.000000e+00 0.000000e+00 8.550000e-01 8.550000e-01 1.980669e+04 2.198915e+03 8.550000e-01 0.000000e+00 0.000000e+00 0.000000e+00 8.122774e-09
3.200000e+02 0 0.000000e+00 0.000000e+00 0.000000e+00 0.000000e+00 0.000000e+00 0.000000e+00 0.000000e+00 0.000000e+00 0.000000e+00 0.000000e+00 0.000000e+00 0.000000e+00 0.000000e+00 0.000000e+00 0.000000e+00
3.200000e+02 1 7.455149e+03 2.762191e+02 7.709779e+03 9.053536e+00 0.000000e+00 0.000000e+00 8.550000e-01 8.550000e-01 1.897463e+04 2.118665e+03 8.550000e-01 0.000000e+00 0.000000e+00 0.000000e+00 8.122774e-09
3.200000e+02 2 7.455149e+03 2.762191e+02 7.709779e+03 9.053536e+00 0.000000e+00 0.000000e+00 8.550000e-01 8.550000e-01 1.897463e+04 2.118665e+03 8.550000e-01 0.000000e+00 0.000000e+00 0.000000e+00 8.122774e-09
3.200000e+02 3 7.455149e+03 2.762191e+02 7.709779e+03 9.053536e+00 0.000000e+00 0.000000e+00 8.550000e-01 8.550000e-01 1.897463e+04 2.118665e+03 8.550000e-01 0.000000e+00 0.000000e+00 0.000000e+00 8.122774e-09
3.200000e+02 4 7.455149e+03 2.762191e+02 7.709779e+03 9.053536e+00 0.000000e+00 0.000000e+00 8.550000e-01 8.550000e-01 1.897463e+04 2.118665e+03 8.550000e-01 0.000000e+00 0.000000e+00 0.000000e+00 8.122774e-09
3.200000e+02 5 7.455149e+03 2.762191e+02 7.709779e+03 9.053536e+00 0.000000e+00 0.000000e+00 8.550000e-01 8.550000e-01 1.897463e+04 2.118665e+03 8.550000e-01 0.000000e+00 0.000000e+00 0.000000e+00 8.122774e-09
3.200000e+02 6 7.455149e+03 2.762191e+02 7.709779e+03 9.053536e+00 0.000000e+00 0.000000e+00 8.550000e-01 8.550000e-01 1.897463e+04 2.118665e+03 8.550000e-01 0.000000e+00 0.000000e+00 0.000000e+00 8.122774e-09
3.200000e+02 7 7.455149e+03 2.762191e+02 7.709779e+03 9.053536e+00 0.000000e+00 0.000000e+00 8.550000e-01 8.550000e-01 1.897463e+04 2.118665e+03 8.550000e-01 0.000000e+00 0.000000e+00 0.000000e+00 8.122774e-09
3.200000e+02 8 7.455149e+03 2.762191e+02 7.709779e+03 9.053536e+00 0.000000e+00 0.000000e+00 8.550000e-01 8.550000e-01 1.897463e+04 2.118665e+03 8.550000e-01 0.000000e+00 0.000000e+00 0.000000e+00 8.122774e-09
3.200000e+02 9 7.455149e+03 2.762191e+02 7.709779e+03 9.053536e+00 0.000000e+00 0.000000e+00 8.550000e-01 8.550000e-01 1.897463e+04 2.118665e+03 8.550000e-01 0.000000e+00 0.000000e+00 0.000000e+00 8.122774e-09
3.200000e+02 10 7.455149e+03 2.762191e+02 7.709779e+03 9.053536e+00 0.000000e+00 0.000000e+00 8.550000e-01 8.550000e-01 1.897463e+04 2.118665e+03 8.550000e-01 0.000000e+00 0.000000e+00 0.000000e+00 8.122774e-09
3.250000e+02 0 0.000000e+00 0.000000e+00 0.000000e+00 0.000000e+00 0.000000e+00 0.000000e+00 0.000000e+00 0.000000e+00 0.000000e+00 0.000000e+00 0.000000e+00 0.000000e+00 0.000000e+00 0.000000e+00 0.000000e+00
3.250000e+02 1 7.663103e+03 2.730350e+02 7.995456e+03 8.740527e+00 0.000000e+00 0.000000e+00 8.550000e-01 8.550000e-01 1.809677e+04 2.032729e+03 8.550000e-01 0.000000e+00 0.000000e+00 0.000000e+00 8.122774e-09
3.250000e+02 2 7.663103e+03 2.730350e+02 7.995456e+03 8.740527e+00 0.000000e+00 0.000000e+00 8.550000e-01 8.550000e-01 1.809677e+04 2.032729e+03 8.550000e-01 0.000000e+00 0.000000e+00 0.000000e+00 8.122774e-09
3.250000e+02 3 7.663103e+03 2.730350e+02 7.995456e+03 8.740527e+00 0.000000e+00 0.000000e+00 8.550000e-01 8.550000e-01 1.809677e+04 2.032729e+03 8.550000e-01 0.000000e+00 0.000000e+00 0.000000e+00 8.122774e-09
3.250000e+02 4 7.663103e+03 2.730350e+02 7.995456e+03 8.740527e+00 0.000000e+00 0.000000e+00 8.550000e-01 8.550000e-01 1.809677e+04 2.032729e+03 8.550000e-01 0.000000e+00 0.000000e+00 0.000000e+00 8.122774e-09
3.250000e+02 5 7.663103e+03 2.730350e+02 7.995456e+03 8.740527e+00 0.000000e+00 0.000000e+00 8.550000e-01 8.550000e-01 1.809677e+04 2.032729e+03 8.550000e-01 0.000000e+00 0.000000e+00 0.000000e+00 8.122774e-09
3.250000e+02 6 7.663103e+03 2.730350e+02 7.995456e+03 8.740527e+00 0.000000e+00 0.000000e+00 8.550000e-01 8.550000e-01 1.809677e+04 2.032729e+03 8.550000e-01 0.000000e+00 0.000000e+00 0.000000e+00 8.122774e-09
3.250000e+02 7 7.663103e+03 2.730350e+02 7.995456e+03 8.740527e+00 0.000000e+00 0.000000e+00 8.550000e-01 8.550000e-01 1.809677e+04 2.032729e+03 8.550000e-01 0.000000e+00 0.000000e+00 0.000000e+00 8.122774e-09
3.250000e+02 8 7.663103e+03 2.730350e+02 7.995456e+03 8.740527e+00 0.000000e+00 0.000000e+00 8.550000e-01 8.550000e-01 1.809677e+04 2.032729e+03 8.550000e-01 0.000000e+00 0.000000e+00 0.000000e+00 8.122774e-09
3.250000e+02 9 7.663103e+03 2.730350e+02 7.995456e+03 8.740527e+00 0.000000e+00 0.000000e+00 8.550000e-01 8.550000e-01 1.809677e+04 2.032729e+03 8.550000e-01 0.000000e+00 0.000000e+00 0.000000e+00 8.122774e-09
3.250000e+02 10 7.663103e+03 2.730350e+02 7.995456e+03 8.740527e+00 0.000000e+00 0.000000e+00 8.550000e-01 8.550000e-01 1.809677e+04 2.032729e+03 8.550000e-01 0.000000e+00 0.000000e+00 0.000000e+00 8.122774e-09
3.300000e+02 0 0.000000e+00 0.000000e+00 0.000000e+00 0.000000e+00 0.000000e+00 0.000000e+00 0.000000e+00 0.000000e+00 0.000000e+00 0.000000e+00 0.000000e+00 0.000000e+00 0.000000e+00 0.000000e+00 0.000000e+00
3.300000e+02 1 7.876249e+03 2.703501e+02 8.303442e+03 8.442276e+00 0.000000e+00 0.000000e+00 8.550000e-01 8.550000e-01 1.717145e+04 1.940804e+03 8.550000e-01 0.000000e+00 0.000000e+00 0.000000e+00 8.122774e-09
3.300000e+02 2 7.876249e+03 2.703501e+02 8.303442e+03 8.442276e+00 0.000000e+00 0.000000e+00 8.550000e-01 8.550000e-01 1.717145e+04 1.940804e+03 8.550000e-01 0.000000e+00 0.000000e+00 0.000000e+00 8.122774e-09
3.300000e+02 3 7.876249e+03 2.703501e+02 8.303442e+03 8.442276e+00 0.000000e+00 0.000000e+00 8.550000e-01 8.550000e-01 1.717145e+04 1.940804e+03 8.550000e-01 0.000000e+00 0.000000e+00 0.000000e+00 8.122774e-09
3.300000e+02 4 7.876249e+03 2.703501e+02 8.303442e+03 8.442276e+00 0.000000e+00 0.000000e+00 8.550000e-01 8.550000e-01 1.717145e+04 1.940804e+03 8.550000e-01 0.000000e+00 0.000000e+00 0.000000e+00 8.122774e-09
3.300000e+02 5 7.876249e+03 2.703501e+02 8.303442e+03 8.442276e+00 0.000000e+00 0.000000e+00 8.550000e-01 8.550000e-01 1.717145e+04 1.940804e+03 8.550000e-01 0.000000e+00 0.000000e+00 0.000000e+00 8.122774e-09
3.300000e+02 6 7.876249e+03 2.703501e+02 8.303442e+03 8.442276e+00 0.000000e+00 0.000000e+00 8.550000e-01 8.550000e-01 1.717145e+04 1.940804e+03 8.550000e-01 0.000000e+00 0.000000e+00 0.000000e+00 8.122774e-09
3.300000e+02 7 7.876249e+03 2.703501e+02 8.303442e+03 8.442276e+00 0.000000e+00 0.000000e+00 8.550000e-01 8.550000e-01 1.717145e+04 1.940804e+03 8.550000e-01 0.000000e+00 0.000000e+00 0.000000e+00 8.122774e-09
3.300000e+02 8 7.876249e+03 2.703501e+02 8.303442e+03 8.442276e+00 0.000000e+00 0.000000e+00 8.550000e-01 8.550000e-01 1.717145e+04 1.940804e+03 8.550000e-01 0.000000e+00 0.000000e+00 0.000000e+00 8.122774e-09
3.300000e+02 9 7.876249e+03 2.703501e+02 8.303442e+03 8.442276e+00 0.000000e+00 0.000000e+00 8.550000e-01 8.550000e-01 1.717145e+04 1.940804e+03 8.550000e-01 0.000000e+00 0.000000e+00 0.000000e+00 8.122774e-09
3.300000e+02 10 7.876249e+03 2.703501e+02 8.303442e+03 8.442276e+00 0.000000e+00 0.000000e+00 8.550000e-01 8.550000e-01 1.717145e+04 1.940804e+03 8.550000e-01 0.000000e+00 0.000000e+00 0.000000e+00 8.122774e-09
3.350000e+02 0 0.000000e+00 0.000000e+00 0.000000e+00 0.000000e+00 0.000000e+00 0.000000e+00 0.000000e+00 0.000000e+00 0.000000e+00 0.000000e+00 0.000000e+00 0.000000e+00 0.000000e+00 0.000000e+00 0.000000e+00
3.350000e+02 1 8.094614e+03 2.681721e+02 8.634303e+03 8.165257e+00 0.000000e+00 0.000000e+00 8.550000e-01 8.550000e-01 1.619762e+04 1.842642e+03 8.550000e-01 0.000000e+00 0.000000e+00 0.000000e+00 8.122774e-09
3.350000e+02 2 8.094614e+03 2.681721e+02 8.634303e+03 8.165257e+00 0.000000e+00 0.000000e+00 8.550000e-01 8.550000e-01 1.619762e+04 1.842642e+03 8.550000e-01 0.000000e+00 0.000000e+00 0.000000e+00 8.122774e-09
3.350000e+02 3 8.094614e+03 2.681721e+02 8.634303e+03 8.165257e+00 0.000000e+00 0.000000e+00 8.550000e-01 8.550000e-01 1.619762e+04 1.842642e+03 8.550000e-01 0.000000e+00 0.000000e+00 0.000000e+00 8.122774e-09
3.350000e+02 4 8.094614e+03 2.681721e+02 8.634303e+03 8.165257e+00 0.000000e+00 0.000000e+00 8.550000e-01 8.550000e-01 1.619762e+04 1.842642e+03 8.550000e-01 0.000000e+00 0.000000e+00 0.000000e+00 8.122774e-09
3.350000e+02 5 8.094614e+03 2.681721e+02 8.634303e+03 8.165257e+00 0.000000e+00 0.000000e+00 8.550000e-01 8.550000e-01 1.619762e+04 1.842642e+03 8.550000e-01 0.000000e+00 0.000000e+00 0.000000e+00 8.122774e-09
3.350000e+02 6 8.094614e+03 2.681721e+02 8.634303e+03 8.165257e+00 0.000000e+00 0.000000e+00 8.550000e-01 8.550000e-01 1.619762e+04 1.842642e+03 8.550000e-01 0.000000e+00 0.000000e+00 0.000000e+00 8.122774e-09
3.350000e+02 7 8.094614e+03 2.681721e+02 8.634303e+03 8.165257e+00 0.000000e+00 0.000000e+00 8.550000e-01 8.550000e-01 1.619762e+04 1.842642e+03 8.550000e-01 0.000000e+00 0.000000e+00 0.000000e+00 8.122774e-09
3.350000e+02 8 8.094614e+03 2.681721e+02 8.634303e+03 8.165257e+00 0.000000e+00 0.000000e+00 8.550000e-01 8.550000e-01 1.619762e+04 1.842642e+03 8.550000e-01 0.000000e+00 0.000000e+00 0.000000e+00 8.122774e-09
3.350000e+02 9 8.094614e+03 2.681721e+02 8.634303e+03 8.165257e+00 0.000000e+00 0.000000e+00 8.550000e-01 8.550000e-01 1.619762e+04 1.842642e+03 8.550000e-01 0.000000e+00 0.000000e+00 0.000000e+00 8.122774e-09
3.350000e+02 10 8.094614e+03 2.681721e+02 8.634303e+03 8.165257e+00 0.000000e+00 0.000000e+00 8.550000e-01 8.550000e-01 1.619762e+04 1.842642e+03 8.550000e-01 0.000000e+00 0.000000e+00 0.000000e+00 8.122774e-09
3.400000e+02 0 0.000000e+00 0.000000e+00 0.000000e+00 0.000000e+00 0.000000e+00 0.000000e+00 0.000000e+00 0.000000e+00 0.000000e+00 0.000000e+00 0.000000e+00 0.000000e+00 0.000000e+00 0.000000e+00 0.000000e+00
3.400000e+02 1 8.318189e+03 2.664880e+02 8.988211e+03 7.910708e+00 0.000000e+00 0.000000e+00 8.550000e-01 8.550000e-01 1.517509e+04 1.738077e+03 8.550000e-01 0.000000e+00 0.000000e+00 0.000000e+00 8.122774e-09
3.400000e+02 2 8.318189e+03 2.664880e+02 8.988211e+03 7.910708e+00 0.000000e+00 0.000000e+00 8.550000e-01 8.550000e-01 1.517509e+04 1.738077e+03 8.550000e-01 0.000000e+00 0.000000e+00 0.000000e+00 8.122774e-09
3.400000e+02 3 8.318189e+03 2.664880e+02 8.988211e+03 7.910708e+00 0.000000e+00 0.000000e+00 8.550000e-01 8.550000e-01 1.517509e+04 1.738077e+03 8.550000e-01 0.000000e+00 0.000000e+00 0.000000e+00 8.122774e-09
3.400000e+02 4 8.318189e+03 2.664880e+02 8.988211e+03 7.910708e+00 0.000000e+00 0.000000e+00 8.550000e-01 8.550000e-01 1.517509e+04 1.738077e+03 8.550000e-01 0.000000e+00 0.000000e+00 0.000000e+00 8.122774e-09
3.400000e+02 5 8.318189e+03 2.664880e+02 8.988211e+03 7.910708e+00 0.000000e+00 0.000000e+00 8.550000e-01 8.550000e-01 1.517509e+04 1.738077e+03 8.550000e-01 0.000000e+00 0.000000e+00 0.000000e+00 8.122774e-09
3.400000e+02 6 8.318189e+03 2.664880e+02 8.988211e+03 7.910708e+00 0.000000e+00 0.000000e+00 8.550000e-01 8.550000e-01 1.517509e+04 1.738077e+03 8.550000e-01 0.000000e+00 0.000000e+00 0.000000e+00 8.122774e-09
3.400000e+02 7 8.318189e+03 2.664880e+02 8.988211e+03 7.910708e+00 0.000000e+00 0.000000e+00 8.550000e-01 8.550000e-01 1.517509e+04 1.738077e+03 8.550000e-01 0.000000e+00 0.000000e+00 0.000000e+00 8.122774e-09
3.400000e+02 8 8.318189e+03 2.664880e+02 8.988211e+03 7.910708e+00 0.000000e+00 0.000000e+00 8.550000e-01 8.550000e-01 1.517509e+04 1.738077e+03 8.550000e-01 0.000000e+00 0.000000e+00 0.000000e+00 8.122774e-09
3.400000e+02 9 8.318189e+03 2.664880e+02 8.988211e+03 7.910708e+00 0.000000e+00 0.000000e+00 8.550000e-01 8.550000e-01 1.517509e+04 1.738077e+03 8.550000e-01 0.000000e+00 0.000000e+00 0.000000e+00 8.122774e-09
3.400000e+02 10 8.318189e+03 2.664880e+02 8.988211e+03 7.910708e+00 0.000000e+00 0.000000e+00 8.550000e-01 8.550000e-01 1.517509e+04 1.738077e+03 8.550000e-01 0.000000e+00 0.000000e+00 0.000000e+00 8.122774e-09
3.450000e+02 0 0.000000e+00 0.000000e+00 0.000000e+00 0.000000e+00 0.000000e+00 0.000000e+00 0.000000e+00 0.000000e+00 0.000000e+00 0.000000e+00 0.000000e+00 0.000000e+00 0.000000e+00 0.000000e+00 0.000000e+00
3.450000e+02 1 8.546884e+03 2.652800e+02 9.364723e+03 7.680747e+00 0.000000e+00 0.000000e+00 8.550000e-01 8.550000e-01 1.410487e+04 1.627062e+03 8.550000e-01 0.000000e+00 0.000000e+00 0.000000e+00 8.122774e-09
3.450000e+02 2 8.546884e+03 2.652800e+02 9.364723e+03 7.680747e+00 0.000000e+00 0.000000e+00 8.550000e-01 8.550000e-01 1.410487e+04 1.627062e+03 8.550000e-01 0.000000e+00 0.000000e+00 0.000000e+00 8.122774e-09
3.450000e+02 3 8.546884e+03 2.652800e+02 9.364723e+03 7.680747e+00 0.000000e+00 0.000000e+00 8.550000e-01 8.550000e-01 1.410487e+04 1.627062e+03 8.550000e-01 0.000000e+00 0.000000e+00 0.000000e+00 8.122774e-09
3.450000e+02 4 8.546884e+03 2.652800e+02 9.364723e+03 7.680747e+00 0.000000e+00 0.000000e+00 8.550000e-01 8.550000e-01 1.410487e+04 1.627062e+03 8.550000e-01 0.000000e+00 0.000000e+00 0.000000e+00 8.122774e-09
3.450000e+02 5 8.546884e+03 2.652800e+02 9.364723e+03 7.680747e+00 0.000000e+00 0.000000e+00 8.550000e-01 8.550000e-01 1.410487e+04 1.627062e+03 8.550000e-01 0.000000e+00 0.000000e+00 0.000000e+00 8.122774e-09
3.450000e+02 6 8.546884e+03 2.652800e+02 9.364723e+03 7.680747e+00 0.000000e+00 0.000000e+00 8.550000e-01 8.550000e-01 1.410487e+04 1.627062e+03 8.550000e-01 0.000000e+00 0.000000e+00 0.000000e+00 8.122774e-09
3.450000e+02 7 8.546884e+03 2.652800e+02 9.364723e+03 7.680747e+00 0.000000e+00 0.000000e+00 8.550000e-01 8.550000e-01 1.410487e+04 1.627062e+03 8.550000e-01 0.000000e+00 0.000000e+00 0.000000e+00 8.122774e-09
3.450000e+02 8 8.546884e+03 2.652800e+02 9.364723e+03 7.680747e+00 0.000000e+00 0.000000e+00 8.550000e-01 8.550000e-01 1.410487e+04 1.627062e+03 8.550000e-01 0.000000e+00 0.000000e+00 0.000000e+00 8.122774e-09
3.450000e+02 9 8.546884e+03 2.652800e+02 9.364723e+03 7.680747e+00 0.000000e+00 0.000000e+00 8.550000e-01 8.550000e-01 1.410487e+04 1.627062e+03 8.550000e-01 0.000000e+00 0.000000e+00 0.000000e+00 8.122774e-09
3.450000e+02 10 8.546884e+03 2.652800e+02 9.364723e+03 7.680747e+00 0.000000e+00 0.000000e+00 8.550000e-01 8.550000e-01 1.410487e+04 1.627062e+03 8.550000e-01 0.000000e+00 0.000000e+00 0.000000e+00 8.122774e-09
3.500000e+02 0 0.000000e+00 0.000000e+00 0.000000e+00 0.000000e+00 0.000000e+00 0.000000e+00 0.000000e+00 0.000000e+00 0.000000e+00 0.000000e+00 0.000000e+00 0.000000e+00 0.000000e+00 0.000000e+00 0.000000e+00
3.500000e+02 1 8.780529e+03 2.645223e+02 9.762571e+03 7.476623e+00 0.000000e+00 0.000000e+00 8.550000e-01 8.550000e-01 1.298956e+04 1.509716e+03 8.550000e-01 0.000000e+00 0.000000e+00 0.000000e+00 8.122774e-09
3.500000e+02 2 8.780529e+03 2.645223e+02 9.762571e+03 7.476623e+00 0.000000e+00 0.000000e+00 8.550000e-01 8.550000e-01 1.298956e+04 1.509716e+03 8.550000e-01 0.000000e+00 0.000000e+00 0.000000e+00 8.122774e-09
3.500000e+02 3 8.780529e+03 2.645223e+02 9.762571e+03 7.476623e+00 0.000000e+00 0.000000e+00 8.550000e-01 8.550000e-01 1.298956e+04 1.509716e+03 8.550000e-01 0.000000e+00 0.000000e+00 0.000000e+00 8.122774e-09
3.500000e+02 4 8.780529e+03 2.645223e+02 9.762571e+03 7.476623e+00 0.000000e+00 0.000000e+00 8.550000e-01 8.550000e-01 1.298956e+04 1.509716e+03 8.550000e-01 0.000000e+00 0.000000e+00 0.000000e+00 8.122774e-09
3.500000e+02 5 8.780529e+03 2.645223e+02 9.762571e+03 7.476623e+00 0.000000e+00 0.000000e+00 8.550000e-01 8.550000e-01 1.298956e+04 1.509716e+03 8.550000e-01 0.000000e+00 0.000000e+00 0.000000e+00 8.122774e-09
3.500000e+02 6 8.780529e+03 2.645223e+02 9.762571e+03 7.476623e+00 0.000000e+00 0.000000e+00 8.550000e-01 8.550000e-01 1.298956e+04 1.509716e+03 8.550000e-01 0.000000e+00 0.000000e+00 0.000000e+00 8.122774e-09
3.500000e+02 7 8.780529e+03 2.645223e+02 9.762571e+03 7.476623e+00 0.000000e+00 0.000000e+00 8.550000e-01 8.550000e-01 1.298956e+04 1.509716e+03 8.550000e-01 0.000000e+00 0.000000e+00 0.000000e+00 8.122774e-09
3.500000e+02 8 8.780529e+03 2.645223e+02 9.762571e+03 7.476623e+00 0.000000e+00 0.000000e+00 8.550000e-01 8.550000e-01 1.298956e+04 1.509716e+03 8.550000e-01 0.000000e+00 0.000000e+00 0.000000e+00 8.122774e-09
3.500000e+02 9 8.780529e+03 2.645223e+02 9.762571e+03 7.476623e+00 0.000000e+00 0.000000e+00 8.550000e-01 8.550000e-01 1.298956e+04 1.509716e+03 8.550000e-01 0.000000e+00 0.000000e+00 0.000000e+00 8.122774e-09
3.500000e+02 10 8.780529e+03 2.645223e+02 9.762571e+03 7.476623e+00 0.000000e+00 0.000000e+00 8.550000e-01 8.550000e-01 1.298956e+04 1.509716e+03 8.550000e-01 0.000000e+00 0.000000e+00 0.000000e+00 8.122774e-09
3.550000e+02 0 0.000000e+00 0.000000e+00 0.000000e+00 0.000000e+00 0.000000e+00 0.000000e+00 0.000000e+00 0.000000e+00 0.000000e+00 0.000000e+00 0.000000e+00 0.000000e+00 0.000000e+00 0.000000e+00 0.000000e+00
3.550000e+02 1 9.018871e+03 2.641816e+02 1.017941e+04 7.298108e+00 0.000000e+00 0.000000e+00 8.550000e-01 8.550000e-01 1.183383e+04 1.386376e+03 8.550000e-01 0.000000e+00 0.000000e+00 0.000000e+00 8.122774e-09
3.550000e+02 2 9.018871e+03 2.641816e+02 1.017941e+04 7.298108e+00 0.000000e+00 0.000000e+00 8.550000e-01 8.550000e-01 1.183383e+04 1.386376e+03 8.550000e-01 0.000000e+00 0.000000e+00 0.000000e+00 8.122774e-09
3.550000e+02 3 9.018871e+03 2.641816e+02 1.017941e+04 7.298108e+00 0.000000e+00 0.000000e+00 8.550000e-01 8.550000e-01 1.183383e+04 1.386376e+03 8.550000e-01 0.000000e+00 0.000000e+00 0.000000e+00 8.122774e-09
3.550000e+02 4 9.018871e+03 2.641816e+02 1.017941e+04 7.298108e+00 0.000000e+00 0.000000e+00 8.550000e-01 8.550000e-01 1.183383e+04 1.386376e+03 8.550000e-01 0.000000e+00 0.000000e+00 0.000000e+00 8.122774e-09
3.550000e+02 5 9.018871e+03 2.641816e+02 1.017941e+04 7.298108e+00 0.000000e+00 0.000000e+00 8.550000e-01 8.550000e-01 1.183383e+04 1.386376e+03 8.550000e-01 0.000000e+00 0.000000e+00 0.000000e+00 8.122774e-09
3.550000e+02 6 9.018871e+03 2.641816e+02 1.017941e+04 7.298108e+00 0.000000e+00 0.000000e+00 8.550000e-01 8.550000e-01 1.183383e+04 1.386376e+03 8.550000e-01 0.000000e+00 0.000000e+00 0.000000e+00 8.122774e-09
3.550000e+02 7 9.018871e+03 2.641816e+02 1.017941e+04 7.298108e+00 0.000000e+00 0.000000e+00 8.550000e-01 8.550000e-01 1.183383e+04 1.386376e+03 8.550000e-01 0.000000e+00 0.000000e+00 0.000000e+00 8.122774e-09
3.550000e+02 8 9.018871e+03 2.641816e+02 1.017941e+04 7.298108e+00 0.000000e+00 0.000000e+00 8.550000e-01 8.550000e-01 1.183383e+04 1.386376e+03 8.550000e-01 0.000000e+00 0.000000e+00 0.000000e+00 8.122774e-09
3.550000e+02 9 9.018871e+03 2.641816e+02 1.017941e+04 7.298108e+00 0.000000e+00 0.000000e+00 8.550000e-01 8.550000e-01 1.183383e+04 1.386376e+03 8.550000e-01 0.000000e+00 0.000000e+00 0.000000e+00 8.122774e-09
3.550000e+02 10 9.018871e+03 2.641816e+02 1.017941e+04 7.298108e+00 0.000000e+00 0.000000e+00 8.550000e-01 8.550000e-01 1.183383e+04 1.386376e+03 8.550000e-01 0.000000e+00 0.000000e+00 0.000000e+00 8.122774e-09
3.600000e+02 0 0.000000e+00 0.000000e+00 0.000000e+00 0.000000e+00 0.000000e+00 0.000000e+00 0.000000e+00 0.000000e+00 0.000000e+00 0.000000e+00 0.000000e+00 0.000000e+00 0.000000e+00 0.000000e+00 0.000000e+00
3.600000e+02 1 9.261525e+03 2.642190e+02 1.061156e+04 7.144423e+00 0.000000e+00 0.000000e+00 8.550000e-01 8.550000e-01 1.064488e+04 1.257671e+03 8.550000e-01 0.000000e+00 0.000000e+00 0.000000e+00 8.122774e-09
3.600000e+02 2 9.261525e+03 2.642190e+02 1.061156e+04 7.144423e+00 0.000000e+00 0.000000e+00 8.550000e-01 8.550000e-01 1.064488e+04 1.257671e+03 8.550000e-01 0.000000e+00 0.000000e+00 0.000000e+00 8.122774e-09
3.600000e+02 3 9.261525e+03 2.642190e+02 1.061156e+04 7.144423e+00 0.000000e+00 0.000000e+00 8.550000e-01 8.550000e-01 1.064488e+04 1.257671e+03 8.550000e-01 0.000000e+00 0.000000e+00 0.000000e+00 8.122774e-09
3.600000e+02 4 9.261525e+03 2.642190e+02 1.061156e+04 7.144423e+00 0.000000e+00 0.000000e+00 8.550000e-01 8.550000e-01 1.064488e+04 1.257671e+03 8.550000e-01 0.000000e+00 0.000000e+00 0.000000e+00 8.122774e-09
3.600000e+02 5 9.261525e+03 2.642190e+02 1.061156e+04 7.144423e+00 0.000000e+00 0.000000e+00 8.550000e-01 8.550000e-01 1.064488e+04 1.257671e+03 8.550000e-01 0.000000e+00 0.000000e+00 0.000000e+00 8.122774e-09
3.600000e+02 6 9.261525e+03 2.642190e+02 1.061156e+04 7.144423e+00 0.000000e+00 0.000000e+00 8.550000e-01 8.550000e-01 1.064488e+04 1.257671e+03 8.550000e-01 0.000000e+00 0.000000e+00 0.000000e+00 8.122774e-09
3.600000e+02 7 9.261525e+03 2.642190e+02 1.061156e+04 7.144423e+00 0.000000e+00 0.000000e+00 8.550000e-01 8.550000e-01 1.064488e+04 1.257671e+03 8.550000e-01 0.000000e+00 0.000000e+00 0.000000e+00 8.122774e-09
3.600000e+02 8 9.261525e+03 2.642190e+02 1.061156e+04 7.144423e+00 0.000000e+00 0.000000e+00 8.550000e-01 8.550000e-01 1.064488e+04 1.257671e+03 8.550000e-01 0.000000e+00 0.000000e+00 0.000000e+00 8.122774e-09
3.600000e+02 9 9.261525e+03 2.642190e+02 1.061156e+04 7.144423e+00 0.000000e+00 0.000000e+00 8.550000e-01 8.550000e-01 1.064488e+04 1.257671e+03 8.550000e-01 0.000000e+00 0.000000e+00 0.000000e+00 8.122774e-09
3.600000e+02 10 9.261525e+03 2.642190e+02 1.061156e+04 7.144423e+00 0.000000e+00 0.000000e+00 8.550000e-01 8.550000e-01 1.064488e+04 1.257671e+03 8.550000e-01 0.000000e+00 0.000000e+00 0.000000e+00 8.122774e-09
3.645000e+02 0 0.000000e+00 0.000000e+00 0.000000e+00 0.000000e+00 0.000000e+00 0.000000e+00 0.000000e+00 0.000000e+00 0.000000e+00 0.000000e+00 0.000000e+00 0.000000e+00 0.000000e+00 0.000000e+00 0.000000e+00
3.645000e+02 1 9.507928e+03 2.645896e+02 1.105372e+04 7.014202e+00 0.000000e+00 0.000000e+00 8.550000e-01 8.550000e-01 9.433050e+03 1.124587e+03 8.550000e-01 0.000000e+00 0.000000e+00 0.000000e+00 8.122774e-09
3.645000e+02 2 9.507928e+03 2.645896e+02 1.105372e+04 7.014202e+00 0.000000e+00 0.000000e+00 8.550000e-01 8.550000e-01 9.433050e+03 1.124587e+03 8.550000e-01 0.000000e+00 0.000000e+00 0.000000e+00 8.122774e-09
3.645000e+02 3 9.507928e+03 2.645896e+02 1.105372e+04 7.014202e+00 0.000000e+00 0.000000e+00 8.550000e-01 8.550000e-01 9.433050e+03 1.124587e+03 8.550000e-01 0.000000e+00 0.000000e+00 0.000000e+00 8.122774e-09
3.645000e+02 4 9.507928e+03 2.645896e+02 1.105372e+04 7.014202e+00 0.000000e+00 0.000000e+00 8.550000e-01 8.550000e-01 9.433050e+03 1.124587e+03 8.550000e-01 0.000000e+00 0.000000e+00 0.000000e+00 8.122774e-09
3.645000e+02 5 9.507928e+03 2.645896e+02 1.105372e+04 7.014202e+00 0.000000e+00 0.000000e+00 8.550000e-01 8.550000e-01 9.433050e+03 1.124587e+03 8.550000e-01 0.000000e+00 0.000000e+00 0.000000e+00 8.122774e-09
3.645000e+02 6 9.507928e+03 2.645896e+02 1.105372e+04 7.014202e+00 0.000000e+00 0.000000e+00 8.550000e-01 8.550000e-01 9.433050e+03 1.124587e+03 8.550000e-01 0.000000e+00 0.000000e+00 0.000000e+00 8.122774e-09
3.645000e+02 7 9.507928e+03 2.645896e+02 1.105372e+04 7.014202e+00 0.000000e+00 0.000000e+00 8.550000e-01 8.550000e-01 9.433050e+03 1.124587e+03 8.550000e-01 0.000000e+00 0.000000e+00 0.000000e+00 8.122774e-09
3.645000e+02 8 9.507928e+03 2.645896e+02 1.105372e+04 7.014202e+00 0.000000e+00 0.000000e+00 8.550000e-01 8.550000e-01 9.433050e+03 1.124587e+03 8.550000e-01 0.000000e+00 0.000000e+00 0.000000e+00 8.122774e-09
3.645000e+02 9 9.507928e+03 2.645896e+02 1.105372e+04 7.014202e+00 0.000000e+00 0.000000e+00 8.550000e-01 8.550000e-01 9.433050e+03 1.124587e+03 8.550000e-01 0.000000e+00 0.000000e+00 0.000000e+00 8.122774e-09
3.645000e+02 10 9.507928e+03 2.645896e+02 1.105372e+04 7.014202e+00 0.000000e+00 0.000000e+00 8.550000e-01 8.550000e-01 9.433050e+03 1.124587e+03 8.550000e-01 0.000000e+00 0.000000e+00 0.000000e+00 8.122774e-09
