Note rows are prey, columns are predators - all groups printed out as predator and prey for convenience (if not a consumer)
Time Prey startN mL mQ implicitMortality WAE YPH GZS RDG DRE CHI DIA GRN CAL ROT PB BB DL DR DC TotalPredMort
0.000000e+00 WAE 3.025863e+06 0.000000e+00 0.000000e+00 0.000000e+00 0.000000e+00 0.000000e+00 0.000000e+00 0.000000e+00 0.000000e+00 0.000000e+00 0.000000e+00 0.000000e+00 0.000000e+00 0.000000e+00 0.000000e+00 0.000000e+00 0.000000e+00 0.000000e+00 0.000000e+00 0.000000e+00
0.000000e+00 YPH 2.517298e+07 0.000000e+00 0.000000e+00 0.000000e+00 0.000000e+00 0.000000e+00 0.000000e+00 0.000000e+00 0.000000e+00 0.000000e+00 0.000000e+00 0.000000e+00 0.000000e+00 0.000000e+00 0.000000e+00 0.000000e+00 0.000000e+00 0.000000e+00 0.000000e+00 0.000000e+00
0.000000e+00 GZS 1.829812e+07 0.000000e+00 0.000000e+00 0.000000e+00 0.000000e+00 0.000000e+00 0.000000e+00 0.000000e+00 0.000000e+00 0.000000e+00 0.000000e+00 0.000000e+00 0.000000e+00 0.000000e+00 0.000000e+00 0.000000e+00 0.000000e+00 0.000000e+00 0.000000e+00 0.000000e+00
0.000000e+00 RDG 2.231491e+06 0.000000e+00 0.000000e+00 0.000000e+00 0.000000e+00 0.000000e+00 0.000000e+00 0.000000e+00 0.000000e+00 0.000000e+00 0.000000e+00 0.000000e+00 0.000000e+00 0.000000e+00 0.000000e+00 0.000000e+00 0.000000e+00 0.000000e+00 0.000000e+00 0.000000e+00
0.000000e+00 DRE 0.000000e+00 0.000000e+00 0.000000e+00 0.000000e+00 0.000000e+00 0.000000e+00 0.000000e+00 0.000000e+00 0.000000e+00 0.000000e+00 0.000000e+00 0.000000e+00 0.000000e+00 0.000000e+00 0.000000e+00 0.000000e+00 0.000000e+00 0.000000e+00 0.000000e+00 0.000000e+00
0.000000e+00 CHI 0.000000e+00 0.000000e+00 0.000000e+00 0.000000e+00 0.000000e+00 0.000000e+00 0.000000e+00 0.000000e+00 0.000000e+00 0.000000e+00 0.000000e+00 0.000000e+00 0.000000e+00 0.000000e+00 0.000000e+00 0.000000e+00 0.000000e+00 0.000000e+00 0.000000e+00 0.000000e+00
0.000000e+00 DIA 0.000000e+00 0.000000e+00 0.000000e+00 0.000000e+00 0.000000e+00 0.000000e+00 0.000000e+00 0.000000e+00 0.000000e+00 0.000000e+00 0.000000e+00 0.000000e+00 0.000000e+00 0.000000e+00 0.000000e+00 0.000000e+00 0.000000e+00 0.000000e+00 0.000000e+00 0.000000e+00
0.000000e+00 GRN 0.000000e+00 0.000000e+00 0.000000e+00 0.000000e+00 0.000000e+00 0.000000e+00 0.000000e+00 0.000000e+00 0.000000e+00 0.000000e+00 0.000000e+00 0.000000e+00 0.000000e+00 0.000000e+00 0.000000e+00 0.000000e+00 0.000000e+00 0.000000e+00 0.000000e+00 0.000000e+00
0.000000e+00 CAL 0.000000e+00 0.000000e+00 0.000000e+00 0.000000e+00 0.000000e+00 0.000000e+00 0.000000e+00 0.000000e+00 0.000000e+00 0.000000e+00 0.000000e+00 0.000000e+00 0.000000e+00 0.000000e+00 0.000000e+00 0.000000e+00 0.000000e+00 0.000000e+00 0.000000e+00 0.000000e+00
0.000000e+00 ROT 0.000000e+00 0.000000e+00 0.000000e+00 0.000000e+00 0.000000e+00 0.000000e+00 0.000000e+00 0.000000e+00 0.000000e+00 0.000000e+00 0.000000e+00 0.000000e+00 0.000000e+00 0.000000e+00 0.000000e+00 0.000000e+00 0.000000e+00 0.000000e+00 0.000000e+00 0.000000e+00
0.000000e+00 PB 0.000000e+00 0.000000e+00 0.000000e+00 0.000000e+00 0.000000e+00 0.000000e+00 0.000000e+00 0.000000e+00 0.000000e+00 0.000000e+00 0.000000e+00 0.000000e+00 0.000000e+00 0.000000e+00 0.000000e+00 0.000000e+00 0.000000e+00 0.000000e+00 0.000000e+00 0.000000e+00
0.000000e+00 BB 0.000000e+00 0.000000e+00 0.000000e+00 0.000000e+00 0.000000e+00 0.000000e+00 0.000000e+00 0.000000e+00 0.000000e+00 0.000000e+00 0.000000e+00 0.000000e+00 0.000000e+00 0.000000e+00 0.000000e+00 0.000000e+00 0.000000e+00 0.000000e+00 0.000000e+00 0.000000e+00
0.000000e+00 DL 0.000000e+00 0.000000e+00 0.000000e+00 0.000000e+00 0.000000e+00 0.000000e+00 0.000000e+00 0.000000e+00 0.000000e+00 0.000000e+00 0.000000e+00 0.000000e+00 0.000000e+00 0.000000e+00 0.000000e+00 0.000000e+00 0.000000e+00 0.000000e+00 0.000000e+00 0.000000e+00
0.000000e+00 DR 0.000000e+00 0.000000e+00 0.000000e+00 0.000000e+00 0.000000e+00 0.000000e+00 0.000000e+00 0.000000e+00 0.000000e+00 0.000000e+00 0.000000e+00 0.000000e+00 0.000000e+00 0.000000e+00 0.000000e+00 0.000000e+00 0.000000e+00 0.000000e+00 0.000000e+00 0.000000e+00
0.000000e+00 DC 0.000000e+00 0.000000e+00 0.000000e+00 0.000000e+00 0.000000e+00 0.000000e+00 0.000000e+00 0.000000e+00 0.000000e+00 0.000000e+00 0.000000e+00 0.000000e+00 0.000000e+00 0.000000e+00 0.000000e+00 0.000000e+00 0.000000e+00 0.000000e+00 0.000000e+00 0.000000e+00
0.000000e+00 WAE 3.025863e+06 0.000000e+00 0.000000e+00 0.000000e+00 0.000000e+00 0.000000e+00 0.000000e+00 0.000000e+00 0.000000e+00 0.000000e+00 0.000000e+00 0.000000e+00 0.000000e+00 0.000000e+00 0.000000e+00 0.000000e+00 0.000000e+00 0.000000e+00 0.000000e+00 0.000000e+00
0.000000e+00 YPH 2.517298e+07 0.000000e+00 0.000000e+00 0.000000e+00 0.000000e+00 0.000000e+00 0.000000e+00 0.000000e+00 0.000000e+00 0.000000e+00 0.000000e+00 0.000000e+00 0.000000e+00 0.000000e+00 0.000000e+00 0.000000e+00 0.000000e+00 0.000000e+00 0.000000e+00 0.000000e+00
0.000000e+00 GZS 1.829812e+07 0.000000e+00 0.000000e+00 0.000000e+00 0.000000e+00 0.000000e+00 0.000000e+00 0.000000e+00 0.000000e+00 0.000000e+00 0.000000e+00 0.000000e+00 0.000000e+00 0.000000e+00 0.000000e+00 0.000000e+00 0.000000e+00 0.000000e+00 0.000000e+00 0.000000e+00
0.000000e+00 RDG 2.231491e+06 0.000000e+00 0.000000e+00 0.000000e+00 0.000000e+00 0.000000e+00 0.000000e+00 0.000000e+00 0.000000e+00 0.000000e+00 0.000000e+00 0.000000e+00 0.000000e+00 0.000000e+00 0.000000e+00 0.000000e+00 0.000000e+00 0.000000e+00 0.000000e+00 0.000000e+00
0.000000e+00 DRE 5.201220e+10 0.000000e+00 0.000000e+00 0.000000e+00 0.000000e+00 0.000000e+00 0.000000e+00 0.000000e+00 0.000000e+00 0.000000e+00 0.000000e+00 0.000000e+00 0.000000e+00 0.000000e+00 0.000000e+00 0.000000e+00 0.000000e+00 0.000000e+00 0.000000e+00 0.000000e+00
0.000000e+00 CHI 1.152987e+09 0.000000e+00 0.000000e+00 0.000000e+00 0.000000e+00 0.000000e+00 0.000000e+00 0.000000e+00 0.000000e+00 0.000000e+00 0.000000e+00 0.000000e+00 0.000000e+00 0.000000e+00 0.000000e+00 0.000000e+00 0.000000e+00 0.000000e+00 0.000000e+00 0.000000e+00
0.000000e+00 DIA 4.689474e+11 0.000000e+00 0.000000e+00 0.000000e+00 0.000000e+00 0.000000e+00 0.000000e+00 0.000000e+00 0.000000e+00 0.000000e+00 0.000000e+00 0.000000e+00 0.000000e+00 0.000000e+00 0.000000e+00 0.000000e+00 0.000000e+00 0.000000e+00 0.000000e+00 0.000000e+00
0.000000e+00 GRN 3.763158e+11 0.000000e+00 0.000000e+00 0.000000e+00 0.000000e+00 0.000000e+00 0.000000e+00 0.000000e+00 0.000000e+00 0.000000e+00 0.000000e+00 0.000000e+00 0.000000e+00 0.000000e+00 0.000000e+00 0.000000e+00 0.000000e+00 0.000000e+00 0.000000e+00 0.000000e+00
0.000000e+00 CAL 3.367348e+12 0.000000e+00 0.000000e+00 0.000000e+00 0.000000e+00 0.000000e+00 0.000000e+00 0.000000e+00 0.000000e+00 0.000000e+00 0.000000e+00 0.000000e+00 0.000000e+00 0.000000e+00 0.000000e+00 0.000000e+00 0.000000e+00 0.000000e+00 0.000000e+00 0.000000e+00
0.000000e+00 ROT 3.232815e+11 0.000000e+00 0.000000e+00 0.000000e+00 0.000000e+00 0.000000e+00 0.000000e+00 0.000000e+00 0.000000e+00 0.000000e+00 0.000000e+00 0.000000e+00 0.000000e+00 0.000000e+00 0.000000e+00 0.000000e+00 0.000000e+00 0.000000e+00 0.000000e+00 0.000000e+00
0.000000e+00 PB 3.300000e+09 0.000000e+00 0.000000e+00 0.000000e+00 0.000000e+00 0.000000e+00 0.000000e+00 0.000000e+00 0.000000e+00 0.000000e+00 0.000000e+00 0.000000e+00 0.000000e+00 0.000000e+00 0.000000e+00 0.000000e+00 0.000000e+00 0.000000e+00 0.000000e+00 0.000000e+00
0.000000e+00 BB 0.000000e+00 0.000000e+00 0.000000e+00 0.000000e+00 0.000000e+00 0.000000e+00 0.000000e+00 0.000000e+00 0.000000e+00 0.000000e+00 0.000000e+00 0.000000e+00 0.000000e+00 0.000000e+00 0.000000e+00 0.000000e+00 0.000000e+00 0.000000e+00 0.000000e+00 0.000000e+00
0.000000e+00 DL 1.023000e+11 0.000000e+00 0.000000e+00 0.000000e+00 0.000000e+00 0.000000e+00 0.000000e+00 0.000000e+00 0.000000e+00 0.000000e+00 0.000000e+00 0.000000e+00 0.000000e+00 0.000000e+00 0.000000e+00 0.000000e+00 0.000000e+00 0.000000e+00 0.000000e+00 0.000000e+00
0.000000e+00 DR 0.000000e+00 0.000000e+00 0.000000e+00 0.000000e+00 0.000000e+00 0.000000e+00 0.000000e+00 0.000000e+00 0.000000e+00 0.000000e+00 0.000000e+00 0.000000e+00 0.000000e+00 0.000000e+00 0.000000e+00 0.000000e+00 0.000000e+00 0.000000e+00 0.000000e+00 0.000000e+00
0.000000e+00 DC 3.410000e+09 0.000000e+00 0.000000e+00 0.000000e+00 0.000000e+00 0.000000e+00 0.000000e+00 0.000000e+00 0.000000e+00 0.000000e+00 0.000000e+00 0.000000e+00 0.000000e+00 0.000000e+00 0.000000e+00 0.000000e+00 0.000000e+00 0.000000e+00 0.000000e+00 0.000000e+00
5.000000e+00 WAE 3.025863e+06 0.000000e+00 0.000000e+00 0.000000e+00 5.777350e+01 0.000000e+00 0.000000e+00 0.000000e+00 0.000000e+00 0.000000e+00 0.000000e+00 0.000000e+00 0.000000e+00 0.000000e+00 0.000000e+00 0.000000e+00 0.000000e+00 0.000000e+00 0.000000e+00 5.777350e+01
5.000000e+00 YPH 2.517298e+07 0.000000e+00 0.000000e+00 0.000000e+00 7.776990e+01 5.546880e-02 0.000000e+00 0.000000e+00 0.000000e+00 0.000000e+00 0.000000e+00 0.000000e+00 0.000000e+00 0.000000e+00 0.000000e+00 0.000000e+00 0.000000e+00 0.000000e+00 0.000000e+00 7.782537e+01
5.000000e+00 GZS 1.829812e+07 0.000000e+00 0.000000e+00 0.000000e+00 9.992035e+01 0.000000e+00 0.000000e+00 0.000000e+00 0.000000e+00 0.000000e+00 0.000000e+00 0.000000e+00 0.000000e+00 0.000000e+00 0.000000e+00 0.000000e+00 0.000000e+00 0.000000e+00 0.000000e+00 9.992035e+01
5.000000e+00 RDG 2.231491e+06 0.000000e+00 0.000000e+00 0.000000e+00 3.917335e+01 3.950768e-02 0.000000e+00 0.000000e+00 0.000000e+00 0.000000e+00 0.000000e+00 0.000000e+00 0.000000e+00 0.000000e+00 0.000000e+00 0.000000e+00 0.000000e+00 0.000000e+00 0.000000e+00 3.921286e+01
5.000000e+00 DRE 5.199688e+10 7.610416e-07 0.000000e+00 0.000000e+00 4.811899e-04 3.873590e-04 0.000000e+00 4.274337e-05 0.000000e+00 0.000000e+00 0.000000e+00 0.000000e+00 0.000000e+00 0.000000e+00 0.000000e+00 0.000000e+00 0.000000e+00 0.000000e+00 0.000000e+00 9.112923e-04
5.000000e+00 CHI 1.152187e+09 3.309142e-09 3.456710e-13 0.000000e+00 3.514010e-02 5.485867e-02 1.053683e-01 3.270227e-03 0.000000e+00 0.000000e+00 0.000000e+00 0.000000e+00 0.000000e+00 0.000000e+00 0.000000e+00 0.000000e+00 0.000000e+00 0.000000e+00 0.000000e+00 1.986373e-01
5.000000e+00 DIA 2.941458e+11 1.037634e-09 0.000000e+00 0.000000e+00 0.000000e+00 0.000000e+00 4.682434e-03 0.000000e+00 2.629143e-04 0.000000e+00 0.000000e+00 0.000000e+00 6.779710e+01 7.833403e+00 0.000000e+00 0.000000e+00 0.000000e+00 0.000000e+00 0.000000e+00 7.563545e+01
5.000000e+00 GRN 2.360444e+11 5.189121e-10 0.000000e+00 0.000000e+00 0.000000e+00 0.000000e+00 4.692798e-03 0.000000e+00 2.630791e-04 0.000000e+00 0.000000e+00 0.000000e+00 6.791156e+01 7.846327e+00 0.000000e+00 0.000000e+00 0.000000e+00 0.000000e+00 0.000000e+00 7.576285e+01
5.000000e+00 CAL 3.572968e+12 7.763685e-09 0.000000e+00 0.000000e+00 5.190403e-04 9.872254e-04 2.956409e-03 3.491540e-05 2.658364e-03 0.000000e+00 0.000000e+00 0.000000e+00 0.000000e+00 0.000000e+00 0.000000e+00 0.000000e+00 0.000000e+00 0.000000e+00 0.000000e+00 7.155954e-03
5.000000e+00 ROT 3.447265e+11 4.667523e-09 0.000000e+00 0.000000e+00 5.214434e-04 9.918014e-04 1.987201e-03 3.507890e-05 2.672148e-03 0.000000e+00 0.000000e+00 0.000000e+00 0.000000e+00 0.000000e+00 0.000000e+00 0.000000e+00 0.000000e+00 0.000000e+00 0.000000e+00 6.207672e-03
5.000000e+00 PB 2.798627e+09 0.000000e+00 0.000000e+00 0.000000e+00 0.000000e+00 2.348652e-04 0.000000e+00 2.588786e-04 0.000000e+00 0.000000e+00 0.000000e+00 0.000000e+00 1.336970e+02 1.526921e+01 0.000000e+00 0.000000e+00 0.000000e+00 0.000000e+00 0.000000e+00 1.489667e+02
5.000000e+00 BB 2.674860e+06 0.000000e+00 0.000000e+00 0.000000e+00 0.000000e+00 0.000000e+00 0.000000e+00 0.000000e+00 0.000000e+00 0.000000e+00 0.000000e+00 0.000000e+00 0.000000e+00 0.000000e+00 0.000000e+00 0.000000e+00 0.000000e+00 0.000000e+00 0.000000e+00 0.000000e+00
5.000000e+00 DL 1.111456e+11 0.000000e+00 0.000000e+00 0.000000e+00 0.000000e+00 3.584960e-04 0.000000e+00 3.851442e-04 7.688841e-04 1.590128e-04 0.000000e+00 0.000000e+00 1.091690e+02 1.241494e+01 0.000000e+00 0.000000e+00 0.000000e+00 0.000000e+00 0.000000e+00 1.215856e+02
5.000000e+00 DR 3.453169e+09 0.000000e+00 0.000000e+00 0.000000e+00 0.000000e+00 7.764665e-04 0.000000e+00 8.675775e-04 1.290260e-02 1.233885e-03 0.000000e+00 0.000000e+00 2.397776e+02 2.714780e+01 0.000000e+00 0.000000e+00 0.000000e+00 0.000000e+00 0.000000e+00 2.669412e+02
5.000000e+00 DC 1.943695e+09 0.000000e+00 0.000000e+00 0.000000e+00 0.000000e+00 4.926876e-04 0.000000e+00 4.751687e-04 2.452185e-04 9.874845e-04 0.000000e+00 0.000000e+00 2.574798e+01 3.025714e+00 0.000000e+00 0.000000e+00 0.000000e+00 0.000000e+00 0.000000e+00 2.877589e+01
1.000000e+01 WAE 3.025863e+06 0.000000e+00 0.000000e+00 0.000000e+00 5.797616e+01 0.000000e+00 0.000000e+00 0.000000e+00 0.000000e+00 0.000000e+00 0.000000e+00 0.000000e+00 0.000000e+00 0.000000e+00 0.000000e+00 0.000000e+00 0.000000e+00 0.000000e+00 0.000000e+00 5.797616e+01
1.000000e+01 YPH 2.517298e+07 0.000000e+00 0.000000e+00 0.000000e+00 7.803909e+01 5.205861e-02 0.000000e+00 0.000000e+00 0.000000e+00 0.000000e+00 0.000000e+00 0.000000e+00 0.000000e+00 0.000000e+00 0.000000e+00 0.000000e+00 0.000000e+00 0.000000e+00 0.000000e+00 7.809114e+01
1.000000e+01 GZS 1.829812e+07 0.000000e+00 0.000000e+00 0.000000e+00 1.028071e+02 0.000000e+00 0.000000e+00 0.000000e+00 0.000000e+00 0.000000e+00 0.000000e+00 0.000000e+00 0.000000e+00 0.000000e+00 0.000000e+00 0.000000e+00 0.000000e+00 0.000000e+00 0.000000e+00 1.028071e+02
1.000000e+01 RDG 2.231491e+06 0.000000e+00 0.000000e+00 0.000000e+00 3.923171e+01 3.958081e-02 0.000000e+00 0.000000e+00 0.000000e+00 0.000000e+00 0.000000e+00 0.000000e+00 0.000000e+00 0.000000e+00 0.000000e+00 0.000000e+00 0.000000e+00 0.000000e+00 0.000000e+00 3.927129e+01
1.000000e+01 DRE 5.199688e+10 4.697109e-07 0.000000e+00 0.000000e+00 9.050173e-04 7.360147e-04 0.000000e+00 8.318552e-05 0.000000e+00 0.000000e+00 0.000000e+00 0.000000e+00 0.000000e+00 0.000000e+00 0.000000e+00 0.000000e+00 0.000000e+00 0.000000e+00 0.000000e+00 1.724218e-03
1.000000e+01 CHI 1.152187e+09 3.296634e-09 3.430677e-13 0.000000e+00 3.662834e-02 5.755430e-02 1.168570e-01 3.532026e-03 0.000000e+00 0.000000e+00 0.000000e+00 0.000000e+00 0.000000e+00 0.000000e+00 0.000000e+00 0.000000e+00 0.000000e+00 0.000000e+00 0.000000e+00 2.145716e-01
1.000000e+01 DIA 2.941458e+11 5.189116e-10 0.000000e+00 0.000000e+00 0.000000e+00 0.000000e+00 2.374887e-03 0.000000e+00 1.318492e-04 0.000000e+00 0.000000e+00 0.000000e+00 3.401395e+01 3.929518e+00 0.000000e+00 0.000000e+00 0.000000e+00 0.000000e+00 0.000000e+00 3.794598e+01
1.000000e+01 GRN 2.360444e+11 2.595098e-10 0.000000e+00 0.000000e+00 0.000000e+00 0.000000e+00 2.385595e-03 0.000000e+00 1.319716e-04 0.000000e+00 0.000000e+00 0.000000e+00 3.408739e+01 3.937779e+00 0.000000e+00 0.000000e+00 0.000000e+00 0.000000e+00 0.000000e+00 3.802769e+01
1.000000e+01 CAL 3.572968e+12 4.823669e-09 0.000000e+00 0.000000e+00 9.404293e-04 1.791530e-03 6.605696e-03 6.695252e-05 2.862331e-03 0.000000e+00 0.000000e+00 0.000000e+00 0.000000e+00 0.000000e+00 0.000000e+00 0.000000e+00 0.000000e+00 0.000000e+00 0.000000e+00 1.226694e-02
1.000000e+01 ROT 3.447265e+11 2.902724e-09 0.000000e+00 0.000000e+00 9.463352e-04 1.802785e-03 3.985615e-03 6.737630e-05 2.879769e-03 0.000000e+00 0.000000e+00 0.000000e+00 0.000000e+00 0.000000e+00 0.000000e+00 0.000000e+00 0.000000e+00 0.000000e+00 0.000000e+00 9.681880e-03
1.000000e+01 PB 2.798627e+09 0.000000e+00 0.000000e+00 0.000000e+00 0.000000e+00 1.384689e-04 0.000000e+00 1.711054e-04 0.000000e+00 0.000000e+00 0.000000e+00 0.000000e+00 7.498343e+01 8.538002e+00 0.000000e+00 0.000000e+00 0.000000e+00 0.000000e+00 0.000000e+00 8.352174e+01
1.000000e+01 BB 2.674860e+06 0.000000e+00 0.000000e+00 0.000000e+00 0.000000e+00 0.000000e+00 0.000000e+00 0.000000e+00 0.000000e+00 0.000000e+00 0.000000e+00 0.000000e+00 0.000000e+00 0.000000e+00 0.000000e+00 0.000000e+00 0.000000e+00 0.000000e+00 0.000000e+00 0.000000e+00
1.000000e+01 DL 1.111456e+11 0.000000e+00 0.000000e+00 0.000000e+00 0.000000e+00 1.983885e-04 0.000000e+00 2.265770e-04 4.206596e-04 3.029725e-04 0.000000e+00 0.000000e+00 5.919891e+01 6.719915e+00 0.000000e+00 0.000000e+00 0.000000e+00 0.000000e+00 0.000000e+00 6.591998e+01
1.000000e+01 DR 3.453169e+09 0.000000e+00 0.000000e+00 0.000000e+00 0.000000e+00 4.621147e-04 0.000000e+00 5.678845e-04 7.175222e-03 2.645309e-03 0.000000e+00 0.000000e+00 1.341074e+02 1.515287e+01 0.000000e+00 0.000000e+00 0.000000e+00 0.000000e+00 0.000000e+00 1.492711e+02
1.000000e+01 DC 1.943695e+09 0.000000e+00 0.000000e+00 0.000000e+00 0.000000e+00 2.463438e-04 0.000000e+00 2.375843e-04 1.226093e-04 5.337225e-04 0.000000e+00 0.000000e+00 1.287399e+01 1.512857e+00 0.000000e+00 0.000000e+00 0.000000e+00 0.000000e+00 0.000000e+00 1.438799e+01
1.500000e+01 WAE 3.025863e+06 0.000000e+00 0.000000e+00 0.000000e+00 5.746222e+01 0.000000e+00 0.000000e+00 0.000000e+00 0.000000e+00 0.000000e+00 0.000000e+00 0.000000e+00 0.000000e+00 0.000000e+00 0.000000e+00 0.000000e+00 0.000000e+00 0.000000e+00 0.000000e+00 5.746222e+01
1.500000e+01 YPH 2.517298e+07 0.000000e+00 0.000000e+00 0.000000e+00 7.807472e+01 4.643907e-02 0.000000e+00 0.000000e+00 0.000000e+00 0.000000e+00 0.000000e+00 0.000000e+00 0.000000e+00 0.000000e+00 0.000000e+00 0.000000e+00 0.000000e+00 0.000000e+00 0.000000e+00 7.812116e+01
1.500000e+01 GZS 1.829812e+07 0.000000e+00 0.000000e+00 0.000000e+00 1.060597e+02 0.000000e+00 0.000000e+00 0.000000e+00 0.000000e+00 0.000000e+00 0.000000e+00 0.000000e+00 0.000000e+00 0.000000e+00 0.000000e+00 0.000000e+00 0.000000e+00 0.000000e+00 0.000000e+00 1.060597e+02
1.500000e+01 RDG 2.231491e+06 0.000000e+00 0.000000e+00 0.000000e+00 3.931812e+01 4.028078e-02 0.000000e+00 0.000000e+00 0.000000e+00 0.000000e+00 0.000000e+00 0.000000e+00 0.000000e+00 0.000000e+00 0.000000e+00 0.000000e+00 0.000000e+00 0.000000e+00 0.000000e+00 3.935840e+01
1.500000e+01 DRE 5.199688e+10 3.361897e-07 0.000000e+00 0.000000e+00 1.722429e-03 1.411772e-03 0.000000e+00 1.620894e-04 0.000000e+00 0.000000e+00 0.000000e+00 0.000000e+00 0.000000e+00 0.000000e+00 0.000000e+00 0.000000e+00 0.000000e+00 0.000000e+00 0.000000e+00 3.296291e-03
1.500000e+01 CHI 1.152187e+09 3.283900e-09 3.404311e-13 0.000000e+00 3.727582e-02 5.875316e-02 1.266990e-01 3.669063e-03 0.000000e+00 0.000000e+00 0.000000e+00 0.000000e+00 0.000000e+00 0.000000e+00 0.000000e+00 0.000000e+00 0.000000e+00 0.000000e+00 0.000000e+00 2.263971e-01
1.500000e+01 DIA 2.941458e+11 3.459563e-10 0.000000e+00 0.000000e+00 0.000000e+00 0.000000e+00 1.625183e-03 0.000000e+00 8.804367e-05 0.000000e+00 0.000000e+00 0.000000e+00 2.272918e+01 2.625589e+00 0.000000e+00 0.000000e+00 0.000000e+00 0.000000e+00 0.000000e+00 2.535648e+01
1.500000e+01 GRN 2.360444e+11 1.730160e-10 0.000000e+00 0.000000e+00 0.000000e+00 0.000000e+00 1.642641e-03 0.000000e+00 8.816076e-05 0.000000e+00 0.000000e+00 0.000000e+00 2.279123e+01 2.632552e+00 0.000000e+00 0.000000e+00 0.000000e+00 0.000000e+00 0.000000e+00 2.542551e+01
1.500000e+01 CAL 3.572968e+12 3.433292e-09 0.000000e+00 0.000000e+00 1.764837e-03 3.354549e-03 1.349886e-02 1.291236e-04 2.926292e-03 0.000000e+00 0.000000e+00 0.000000e+00 0.000000e+00 0.000000e+00 0.000000e+00 0.000000e+00 0.000000e+00 0.000000e+00 0.000000e+00 2.167366e-02
1.500000e+01 ROT 3.447265e+11 2.066619e-09 0.000000e+00 0.000000e+00 1.777187e-03 3.378022e-03 8.231006e-03 1.300307e-04 2.945441e-03 0.000000e+00 0.000000e+00 0.000000e+00 0.000000e+00 0.000000e+00 0.000000e+00 0.000000e+00 0.000000e+00 0.000000e+00 0.000000e+00 1.646169e-02
1.500000e+01 PB 2.798627e+09 0.000000e+00 0.000000e+00 0.000000e+00 0.000000e+00 1.266652e-04 0.000000e+00 1.845527e-04 0.000000e+00 0.000000e+00 0.000000e+00 0.000000e+00 5.502196e+01 6.251100e+00 0.000000e+00 0.000000e+00 0.000000e+00 0.000000e+00 0.000000e+00 6.127337e+01
1.500000e+01 BB 2.674860e+06 0.000000e+00 0.000000e+00 0.000000e+00 0.000000e+00 0.000000e+00 0.000000e+00 0.000000e+00 0.000000e+00 0.000000e+00 0.000000e+00 0.000000e+00 0.000000e+00 0.000000e+00 0.000000e+00 0.000000e+00 0.000000e+00 0.000000e+00 0.000000e+00 0.000000e+00
1.500000e+01 DL 1.111456e+11 0.000000e+00 0.000000e+00 0.000000e+00 0.000000e+00 1.374931e-04 0.000000e+00 1.611764e-04 2.830864e-04 5.764027e-04 0.000000e+00 0.000000e+00 3.987954e+01 4.525888e+00 0.000000e+00 0.000000e+00 0.000000e+00 0.000000e+00 0.000000e+00 4.440659e+01
1.500000e+01 DR 3.453169e+09 0.000000e+00 0.000000e+00 0.000000e+00 0.000000e+00 3.425883e-04 0.000000e+00 4.457954e-04 4.907170e-03 5.394750e-03 0.000000e+00 0.000000e+00 9.186750e+01 1.037547e+01 0.000000e+00 0.000000e+00 0.000000e+00 0.000000e+00 0.000000e+00 1.022541e+02
1.500000e+01 DC 1.943695e+09 0.000000e+00 0.000000e+00 0.000000e+00 0.000000e+00 1.642292e-04 0.000000e+00 1.583896e-04 8.173952e-05 3.558150e-04 0.000000e+00 0.000000e+00 8.582659e+00 1.008571e+00 0.000000e+00 0.000000e+00 0.000000e+00 0.000000e+00 0.000000e+00 9.591990e+00
2.000000e+01 WAE 3.025863e+06 0.000000e+00 0.000000e+00 0.000000e+00 5.703782e+01 0.000000e+00 0.000000e+00 0.000000e+00 0.000000e+00 0.000000e+00 0.000000e+00 0.000000e+00 0.000000e+00 0.000000e+00 0.000000e+00 0.000000e+00 0.000000e+00 0.000000e+00 0.000000e+00 5.703782e+01
2.000000e+01 YPH 2.517298e+07 0.000000e+00 0.000000e+00 0.000000e+00 7.801274e+01 4.393758e-02 0.000000e+00 0.000000e+00 0.000000e+00 0.000000e+00 0.000000e+00 0.000000e+00 0.000000e+00 0.000000e+00 0.000000e+00 0.000000e+00 0.000000e+00 0.000000e+00 0.000000e+00 7.805668e+01
2.000000e+01 GZS 1.829812e+07 0.000000e+00 0.000000e+00 0.000000e+00 1.095486e+02 0.000000e+00 0.000000e+00 0.000000e+00 0.000000e+00 0.000000e+00 0.000000e+00 0.000000e+00 0.000000e+00 0.000000e+00 0.000000e+00 0.000000e+00 0.000000e+00 0.000000e+00 0.000000e+00 1.095486e+02
2.000000e+01 RDG 2.231491e+06 0.000000e+00 0.000000e+00 0.000000e+00 3.939355e+01 4.116811e-02 0.000000e+00 0.000000e+00 0.000000e+00 0.000000e+00 0.000000e+00 0.000000e+00 0.000000e+00 0.000000e+00 0.000000e+00 0.000000e+00 0.000000e+00 0.000000e+00 0.000000e+00 3.943472e+01
2.000000e+01 DRE 5.199688e+10 2.644446e-07 0.000000e+00 0.000000e+00 2.239482e-03 1.846193e-03 0.000000e+00 2.140097e-04 0.000000e+00 0.000000e+00 0.000000e+00 0.000000e+00 0.000000e+00 0.000000e+00 0.000000e+00 0.000000e+00 0.000000e+00 0.000000e+00 0.000000e+00 4.299685e-03
2.000000e+01 CHI 1.152187e+09 3.270885e-09 3.377509e-13 0.000000e+00 3.771430e-02 5.957746e-02 1.367656e-01 3.774031e-03 0.000000e+00 0.000000e+00 0.000000e+00 0.000000e+00 0.000000e+00 0.000000e+00 0.000000e+00 0.000000e+00 0.000000e+00 0.000000e+00 0.000000e+00 2.378314e-01
2.000000e+01 DIA 2.941458e+11 2.594765e-10 0.000000e+00 0.000000e+00 0.000000e+00 0.000000e+00 1.250946e-03 0.000000e+00 6.614053e-05 0.000000e+00 0.000000e+00 0.000000e+00 1.708674e+01 1.973622e+00 0.000000e+00 0.000000e+00 0.000000e+00 0.000000e+00 0.000000e+00 1.906168e+01
2.000000e+01 GRN 2.360444e+11 1.297678e-10 0.000000e+00 0.000000e+00 0.000000e+00 0.000000e+00 1.271931e-03 0.000000e+00 6.625488e-05 0.000000e+00 0.000000e+00 0.000000e+00 1.714309e+01 1.979934e+00 0.000000e+00 0.000000e+00 0.000000e+00 0.000000e+00 0.000000e+00 1.912437e+01
2.000000e+01 CAL 3.572968e+12 2.715639e-09 0.000000e+00 0.000000e+00 2.203263e-03 4.177833e-03 1.764859e-02 1.634770e-04 2.954870e-03 0.000000e+00 0.000000e+00 0.000000e+00 0.000000e+00 0.000000e+00 0.000000e+00 0.000000e+00 0.000000e+00 0.000000e+00 0.000000e+00 2.714803e-02
2.000000e+01 ROT 3.447265e+11 1.635030e-09 0.000000e+00 0.000000e+00 2.219441e-03 4.208504e-03 1.101681e-02 1.646814e-04 2.975204e-03 0.000000e+00 0.000000e+00 0.000000e+00 0.000000e+00 0.000000e+00 0.000000e+00 0.000000e+00 0.000000e+00 0.000000e+00 0.000000e+00 2.058464e-02
2.000000e+01 PB 2.798627e+09 0.000000e+00 0.000000e+00 0.000000e+00 0.000000e+00 1.215785e-04 0.000000e+00 1.923382e-04 0.000000e+00 0.000000e+00 0.000000e+00 0.000000e+00 4.503703e+01 5.107377e+00 0.000000e+00 0.000000e+00 0.000000e+00 0.000000e+00 0.000000e+00 5.014472e+01
2.000000e+01 BB 2.674860e+06 0.000000e+00 0.000000e+00 0.000000e+00 0.000000e+00 0.000000e+00 0.000000e+00 0.000000e+00 0.000000e+00 0.000000e+00 0.000000e+00 0.000000e+00 0.000000e+00 0.000000e+00 0.000000e+00 0.000000e+00 0.000000e+00 0.000000e+00 0.000000e+00 0.000000e+00
2.000000e+01 DL 1.111456e+11 0.000000e+00 0.000000e+00 0.000000e+00 0.000000e+00 1.067447e-04 0.000000e+00 1.278493e-04 2.137026e-04 7.474714e-04 0.000000e+00 0.000000e+00 3.016664e+01 3.422976e+00 0.000000e+00 0.000000e+00 0.000000e+00 0.000000e+00 0.000000e+00 3.359081e+01
2.000000e+01 DR 3.453169e+09 0.000000e+00 0.000000e+00 0.000000e+00 0.000000e+00 2.830073e-04 0.000000e+00 3.845487e-04 3.772280e-03 7.308361e-03 0.000000e+00 0.000000e+00 7.071017e+01 7.982710e+00 0.000000e+00 0.000000e+00 0.000000e+00 0.000000e+00 0.000000e+00 7.870463e+01
2.000000e+01 DC 1.943695e+09 0.000000e+00 0.000000e+00 0.000000e+00 0.000000e+00 1.231719e-04 0.000000e+00 1.187922e-04 6.130464e-05 2.668612e-04 0.000000e+00 0.000000e+00 6.436994e+00 7.564284e-01 0.000000e+00 0.000000e+00 0.000000e+00 0.000000e+00 0.000000e+00 7.193993e+00
2.500000e+01 WAE 3.025863e+06 0.000000e+00 0.000000e+00 0.000000e+00 5.721441e+01 0.000000e+00 0.000000e+00 0.000000e+00 0.000000e+00 0.000000e+00 0.000000e+00 0.000000e+00 0.000000e+00 0.000000e+00 0.000000e+00 0.000000e+00 0.000000e+00 0.000000e+00 0.000000e+00 5.721441e+01
2.500000e+01 YPH 2.517298e+07 0.000000e+00 0.000000e+00 0.000000e+00 7.815477e+01 4.269331e-02 0.000000e+00 0.000000e+00 0.000000e+00 0.000000e+00 0.000000e+00 0.000000e+00 0.000000e+00 0.000000e+00 0.000000e+00 0.000000e+00 0.000000e+00 0.000000e+00 0.000000e+00 7.819746e+01
2.500000e+01 GZS 1.829812e+07 0.000000e+00 0.000000e+00 0.000000e+00 1.112863e+02 0.000000e+00 0.000000e+00 0.000000e+00 0.000000e+00 0.000000e+00 0.000000e+00 0.000000e+00 0.000000e+00 0.000000e+00 0.000000e+00 0.000000e+00 0.000000e+00 0.000000e+00 0.000000e+00 1.112863e+02
2.500000e+01 RDG 2.231491e+06 0.000000e+00 0.000000e+00 0.000000e+00 3.959649e+01 4.215377e-02 0.000000e+00 0.000000e+00 0.000000e+00 0.000000e+00 0.000000e+00 0.000000e+00 0.000000e+00 0.000000e+00 0.000000e+00 0.000000e+00 0.000000e+00 0.000000e+00 0.000000e+00 3.963864e+01
2.500000e+01 DRE 5.199688e+10 2.213643e-07 0.000000e+00 0.000000e+00 2.552627e-03 2.119349e-03 0.000000e+00 2.475155e-04 0.000000e+00 0.000000e+00 0.000000e+00 0.000000e+00 0.000000e+00 0.000000e+00 0.000000e+00 0.000000e+00 0.000000e+00 0.000000e+00 0.000000e+00 4.919492e-03
2.500000e+01 CHI 1.152187e+09 3.257552e-09 3.350205e-13 0.000000e+00 3.809799e-02 6.025280e-02 1.474930e-01 3.867004e-03 0.000000e+00 0.000000e+00 0.000000e+00 0.000000e+00 0.000000e+00 0.000000e+00 0.000000e+00 0.000000e+00 0.000000e+00 0.000000e+00 0.000000e+00 2.497108e-01
2.500000e+01 DIA 2.941458e+11 2.075887e-10 0.000000e+00 0.000000e+00 0.000000e+00 0.000000e+00 1.026647e-03 0.000000e+00 5.299836e-05 0.000000e+00 0.000000e+00 0.000000e+00 1.370124e+01 1.582439e+00 0.000000e+00 0.000000e+00 0.000000e+00 0.000000e+00 0.000000e+00 1.528476e+01
2.500000e+01 GRN 2.360444e+11 1.038189e-10 0.000000e+00 0.000000e+00 0.000000e+00 0.000000e+00 1.049808e-03 0.000000e+00 5.311098e-05 0.000000e+00 0.000000e+00 0.000000e+00 1.375417e+01 1.588361e+00 0.000000e+00 0.000000e+00 0.000000e+00 0.000000e+00 0.000000e+00 1.534363e+01
2.500000e+01 CAL 3.572968e+12 2.284914e-09 0.000000e+00 0.000000e+00 2.485384e-03 4.694778e-03 2.072679e-02 1.864122e-04 2.969247e-03 0.000000e+00 0.000000e+00 0.000000e+00 0.000000e+00 0.000000e+00 0.000000e+00 0.000000e+00 0.000000e+00 0.000000e+00 0.000000e+00 3.106261e-02
2.500000e+01 ROT 3.447265e+11 1.376027e-09 0.000000e+00 0.000000e+00 2.504351e-03 4.730586e-03 1.326520e-02 1.878394e-04 2.990557e-03 0.000000e+00 0.000000e+00 0.000000e+00 0.000000e+00 0.000000e+00 0.000000e+00 0.000000e+00 0.000000e+00 0.000000e+00 0.000000e+00 2.367853e-02
2.500000e+01 PB 2.798627e+09 0.000000e+00 0.000000e+00 0.000000e+00 0.000000e+00 1.190099e-04 0.000000e+00 1.975631e-04 0.000000e+00 0.000000e+00 0.000000e+00 0.000000e+00 3.904248e+01 4.420901e+00 0.000000e+00 0.000000e+00 0.000000e+00 0.000000e+00 0.000000e+00 4.346370e+01
2.500000e+01 BB 2.674860e+06 0.000000e+00 0.000000e+00 0.000000e+00 0.000000e+00 0.000000e+00 0.000000e+00 0.000000e+00 0.000000e+00 0.000000e+00 0.000000e+00 0.000000e+00 0.000000e+00 0.000000e+00 0.000000e+00 0.000000e+00 0.000000e+00 0.000000e+00 0.000000e+00 0.000000e+00
2.500000e+01 DL 1.111456e+11 0.000000e+00 0.000000e+00 0.000000e+00 0.000000e+00 8.838080e-05 0.000000e+00 1.079627e-04 1.720620e-04 8.483258e-04 0.000000e+00 0.000000e+00 2.433927e+01 2.761282e+00 0.000000e+00 0.000000e+00 0.000000e+00 0.000000e+00 0.000000e+00 2.710177e+01
2.500000e+01 DR 3.453169e+09 0.000000e+00 0.000000e+00 0.000000e+00 0.000000e+00 2.486165e-04 0.000000e+00 3.500333e-04 3.091133e-03 8.618906e-03 0.000000e+00 0.000000e+00 5.805887e+01 6.551923e+00 0.000000e+00 0.000000e+00 0.000000e+00 0.000000e+00 0.000000e+00 6.462310e+01
2.500000e+01 DC 1.943695e+09 0.000000e+00 0.000000e+00 0.000000e+00 0.000000e+00 9.853752e-05 0.000000e+00 9.503374e-05 4.904371e-05 2.134890e-04 0.000000e+00 0.000000e+00 5.149595e+00 6.051428e-01 0.000000e+00 0.000000e+00 0.000000e+00 0.000000e+00 0.000000e+00 5.755194e+00
3.000000e+01 WAE 3.025863e+06 0.000000e+00 0.000000e+00 0.000000e+00 5.811067e+01 0.000000e+00 0.000000e+00 0.000000e+00 0.000000e+00 0.000000e+00 0.000000e+00 0.000000e+00 0.000000e+00 0.000000e+00 0.000000e+00 0.000000e+00 0.000000e+00 0.000000e+00 0.000000e+00 5.811067e+01
3.000000e+01 YPH 2.517298e+07 0.000000e+00 0.000000e+00 0.000000e+00 7.864646e+01 4.187966e-02 0.000000e+00 0.000000e+00 0.000000e+00 0.000000e+00 0.000000e+00 0.000000e+00 0.000000e+00 0.000000e+00 0.000000e+00 0.000000e+00 0.000000e+00 0.000000e+00 0.000000e+00 7.868834e+01
3.000000e+01 GZS 1.829812e+07 0.000000e+00 0.000000e+00 0.000000e+00 1.114601e+02 0.000000e+00 0.000000e+00 0.000000e+00 0.000000e+00 0.000000e+00 0.000000e+00 0.000000e+00 0.000000e+00 0.000000e+00 0.000000e+00 0.000000e+00 0.000000e+00 0.000000e+00 0.000000e+00 1.114601e+02
3.000000e+01 RDG 2.231491e+06 0.000000e+00 0.000000e+00 0.000000e+00 4.000220e+01 4.320808e-02 0.000000e+00 0.000000e+00 0.000000e+00 0.000000e+00 0.000000e+00 0.000000e+00 0.000000e+00 0.000000e+00 0.000000e+00 0.000000e+00 0.000000e+00 0.000000e+00 0.000000e+00 4.004541e+01
3.000000e+01 DRE 5.199688e+10 1.926164e-07 0.000000e+00 0.000000e+00 2.764424e-03 2.312158e-03 0.000000e+00 2.718975e-04 0.000000e+00 0.000000e+00 0.000000e+00 0.000000e+00 0.000000e+00 0.000000e+00 0.000000e+00 0.000000e+00 0.000000e+00 0.000000e+00 0.000000e+00 5.348479e-03
3.000000e+01 CHI 1.152187e+09 3.243861e-09 3.322331e-13 0.000000e+00 3.844267e-02 6.085260e-02 1.590916e-01 3.954599e-03 0.000000e+00 0.000000e+00 0.000000e+00 0.000000e+00 0.000000e+00 0.000000e+00 0.000000e+00 0.000000e+00 0.000000e+00 0.000000e+00 0.000000e+00 2.623415e-01
3.000000e+01 DIA 2.941458e+11 1.729968e-10 0.000000e+00 0.000000e+00 0.000000e+00 0.000000e+00 8.773237e-04 0.000000e+00 4.423666e-05 0.000000e+00 0.000000e+00 0.000000e+00 1.144421e+01 1.321648e+00 0.000000e+00 0.000000e+00 0.000000e+00 0.000000e+00 0.000000e+00 1.276678e+01
3.000000e+01 GRN 2.360444e+11 8.651959e-11 0.000000e+00 0.000000e+00 0.000000e+00 0.000000e+00 9.019864e-04 0.000000e+00 4.434809e-05 0.000000e+00 0.000000e+00 0.000000e+00 1.149484e+01 1.327309e+00 0.000000e+00 0.000000e+00 0.000000e+00 0.000000e+00 0.000000e+00 1.282309e+01
3.000000e+01 CAL 3.572968e+12 1.997647e-09 0.000000e+00 0.000000e+00 2.688278e-03 5.058988e-03 2.334086e-02 2.037192e-04 2.976505e-03 0.000000e+00 0.000000e+00 0.000000e+00 0.000000e+00 0.000000e+00 0.000000e+00 0.000000e+00 0.000000e+00 0.000000e+00 0.000000e+00 3.426835e-02
3.000000e+01 ROT 3.447265e+11 1.203315e-09 0.000000e+00 0.000000e+00 2.709519e-03 5.098927e-03 1.531720e-02 2.053346e-04 2.998684e-03 0.000000e+00 0.000000e+00 0.000000e+00 0.000000e+00 0.000000e+00 0.000000e+00 0.000000e+00 0.000000e+00 0.000000e+00 0.000000e+00 2.632966e-02
3.000000e+01 PB 2.798627e+09 0.000000e+00 0.000000e+00 0.000000e+00 0.000000e+00 1.177117e-04 0.000000e+00 2.015266e-04 0.000000e+00 0.000000e+00 0.000000e+00 0.000000e+00 3.504299e+01 3.963034e+00 0.000000e+00 0.000000e+00 0.000000e+00 0.000000e+00 0.000000e+00 3.900634e+01
3.000000e+01 BB 2.674860e+06 0.000000e+00 0.000000e+00 0.000000e+00 0.000000e+00 0.000000e+00 0.000000e+00 0.000000e+00 0.000000e+00 0.000000e+00 0.000000e+00 0.000000e+00 0.000000e+00 0.000000e+00 0.000000e+00 0.000000e+00 0.000000e+00 0.000000e+00 0.000000e+00 0.000000e+00
3.000000e+01 DL 1.111456e+11 0.000000e+00 0.000000e+00 0.000000e+00 0.000000e+00 7.621786e-05 0.000000e+00 9.481080e-05 1.443027e-04 9.128374e-04 0.000000e+00 0.000000e+00 2.045549e+01 2.320286e+00 0.000000e+00 0.000000e+00 0.000000e+00 0.000000e+00 0.000000e+00 2.277700e+01
3.000000e+01 DR 3.453169e+09 0.000000e+00 0.000000e+00 0.000000e+00 0.000000e+00 2.269755e-04 0.000000e+00 3.291501e-04 2.636862e-03 9.626227e-03 0.000000e+00 0.000000e+00 4.966587e+01 5.602713e+00 0.000000e+00 0.000000e+00 0.000000e+00 0.000000e+00 0.000000e+00 5.528140e+01
3.000000e+01 DC 1.943695e+09 0.000000e+00 0.000000e+00 0.000000e+00 0.000000e+00 8.211460e-05 0.000000e+00 7.919478e-05 4.086976e-05 1.779075e-04 0.000000e+00 0.000000e+00 4.291330e+00 5.042856e-01 0.000000e+00 0.000000e+00 0.000000e+00 0.000000e+00 0.000000e+00 4.795995e+00
3.500000e+01 WAE 3.025863e+06 0.000000e+00 0.000000e+00 0.000000e+00 5.869554e+01 0.000000e+00 0.000000e+00 0.000000e+00 0.000000e+00 0.000000e+00 0.000000e+00 0.000000e+00 0.000000e+00 0.000000e+00 0.000000e+00 0.000000e+00 0.000000e+00 0.000000e+00 0.000000e+00 5.869554e+01
3.500000e+01 YPH 2.517298e+07 0.000000e+00 0.000000e+00 0.000000e+00 7.886536e+01 4.122770e-02 0.000000e+00 0.000000e+00 0.000000e+00 0.000000e+00 0.000000e+00 0.000000e+00 0.000000e+00 0.000000e+00 0.000000e+00 0.000000e+00 0.000000e+00 0.000000e+00 0.000000e+00 7.890659e+01
3.500000e+01 GZS 1.829812e+07 0.000000e+00 0.000000e+00 0.000000e+00 1.128828e+02 0.000000e+00 0.000000e+00 0.000000e+00 0.000000e+00 0.000000e+00 0.000000e+00 0.000000e+00 0.000000e+00 0.000000e+00 0.000000e+00 0.000000e+00 0.000000e+00 0.000000e+00 0.000000e+00 1.128828e+02
3.500000e+01 RDG 2.231491e+06 0.000000e+00 0.000000e+00 0.000000e+00 4.027077e+01 4.431998e-02 0.000000e+00 0.000000e+00 0.000000e+00 0.000000e+00 0.000000e+00 0.000000e+00 0.000000e+00 0.000000e+00 0.000000e+00 0.000000e+00 0.000000e+00 0.000000e+00 0.000000e+00 4.031509e+01
3.500000e+01 DRE 5.199688e+10 1.720585e-07 0.000000e+00 0.000000e+00 2.917303e-03 2.459354e-03 0.000000e+00 2.911468e-04 0.000000e+00 0.000000e+00 0.000000e+00 0.000000e+00 0.000000e+00 0.000000e+00 0.000000e+00 0.000000e+00 0.000000e+00 0.000000e+00 0.000000e+00 5.667804e-03
3.500000e+01 CHI 1.152187e+09 3.229769e-09 3.293817e-13 0.000000e+00 3.875395e-02 6.140857e-02 1.717079e-01 4.039683e-03 0.000000e+00 0.000000e+00 0.000000e+00 0.000000e+00 0.000000e+00 0.000000e+00 0.000000e+00 0.000000e+00 0.000000e+00 0.000000e+00 0.000000e+00 2.759101e-01
3.500000e+01 DIA 2.941458e+11 1.482883e-10 0.000000e+00 0.000000e+00 0.000000e+00 0.000000e+00 7.708473e-04 0.000000e+00 3.797811e-05 0.000000e+00 0.000000e+00 0.000000e+00 9.832018e+00 1.135367e+00 0.000000e+00 0.000000e+00 0.000000e+00 0.000000e+00 0.000000e+00 1.096819e+01
3.500000e+01 GRN 2.360444e+11 7.416296e-11 0.000000e+00 0.000000e+00 0.000000e+00 0.000000e+00 7.966279e-04 0.000000e+00 3.808862e-05 0.000000e+00 0.000000e+00 0.000000e+00 9.880998e+00 1.140840e+00 0.000000e+00 0.000000e+00 0.000000e+00 0.000000e+00 0.000000e+00 1.102267e+01
3.500000e+01 CAL 3.572968e+12 1.792351e-09 0.000000e+00 0.000000e+00 2.844929e-03 5.336366e-03 2.575960e-02 2.178867e-04 2.979677e-03 0.000000e+00 0.000000e+00 0.000000e+00 0.000000e+00 0.000000e+00 0.000000e+00 0.000000e+00 0.000000e+00 0.000000e+00 0.000000e+00 3.713846e-02
3.500000e+01 ROT 3.447265e+11 1.079908e-09 0.000000e+00 0.000000e+00 2.868155e-03 5.379885e-03 1.732777e-02 2.196731e-04 3.002663e-03 0.000000e+00 0.000000e+00 0.000000e+00 0.000000e+00 0.000000e+00 0.000000e+00 0.000000e+00 0.000000e+00 0.000000e+00 0.000000e+00 2.879815e-02
3.500000e+01 PB 2.798627e+09 0.000000e+00 0.000000e+00 0.000000e+00 0.000000e+00 1.171510e-04 0.000000e+00 2.047899e-04 0.000000e+00 0.000000e+00 0.000000e+00 0.000000e+00 3.218340e+01 3.635786e+00 0.000000e+00 0.000000e+00 0.000000e+00 0.000000e+00 0.000000e+00 3.581951e+01
3.500000e+01 BB 2.674860e+06 0.000000e+00 0.000000e+00 0.000000e+00 0.000000e+00 0.000000e+00 0.000000e+00 0.000000e+00 0.000000e+00 0.000000e+00 0.000000e+00 0.000000e+00 0.000000e+00 0.000000e+00 0.000000e+00 0.000000e+00 0.000000e+00 0.000000e+00 0.000000e+00 0.000000e+00
3.500000e+01 DL 1.111456e+11 0.000000e+00 0.000000e+00 0.000000e+00 0.000000e+00 6.760389e-05 0.000000e+00 8.551683e-05 1.244764e-04 9.553732e-04 0.000000e+00 0.000000e+00 1.768249e+01 2.005424e+00 0.000000e+00 0.000000e+00 0.000000e+00 0.000000e+00 0.000000e+00 1.968915e+01
3.500000e+01 DR 3.453169e+09 0.000000e+00 0.000000e+00 0.000000e+00 0.000000e+00 2.127813e-04 0.000000e+00 3.163344e-04 2.312238e-03 1.045872e-02 0.000000e+00 0.000000e+00 4.371157e+01 4.929294e+00 0.000000e+00 0.000000e+00 0.000000e+00 0.000000e+00 0.000000e+00 4.865417e+01
3.500000e+01 DC 1.943695e+09 0.000000e+00 0.000000e+00 0.000000e+00 0.000000e+00 7.038395e-05 0.000000e+00 6.788124e-05 3.503122e-05 1.524921e-04 0.000000e+00 0.000000e+00 3.678282e+00 4.322448e-01 0.000000e+00 0.000000e+00 0.000000e+00 0.000000e+00 0.000000e+00 4.110853e+00
4.000000e+01 WAE 3.025863e+06 0.000000e+00 0.000000e+00 0.000000e+00 5.759079e+01 0.000000e+00 0.000000e+00 0.000000e+00 0.000000e+00 0.000000e+00 0.000000e+00 0.000000e+00 0.000000e+00 0.000000e+00 0.000000e+00 0.000000e+00 0.000000e+00 0.000000e+00 0.000000e+00 5.759079e+01
4.000000e+01 YPH 2.517298e+07 0.000000e+00 0.000000e+00 0.000000e+00 7.894192e+01 4.091405e-02 0.000000e+00 0.000000e+00 0.000000e+00 0.000000e+00 0.000000e+00 0.000000e+00 0.000000e+00 0.000000e+00 0.000000e+00 0.000000e+00 0.000000e+00 0.000000e+00 0.000000e+00 7.898284e+01
4.000000e+01 GZS 1.829812e+07 0.000000e+00 0.000000e+00 0.000000e+00 1.152449e+02 0.000000e+00 0.000000e+00 0.000000e+00 0.000000e+00 0.000000e+00 0.000000e+00 0.000000e+00 0.000000e+00 0.000000e+00 0.000000e+00 0.000000e+00 0.000000e+00 0.000000e+00 0.000000e+00 1.152449e+02
4.000000e+01 RDG 2.231491e+06 0.000000e+00 0.000000e+00 0.000000e+00 4.047017e+01 4.368992e-02 0.000000e+00 0.000000e+00 0.000000e+00 0.000000e+00 0.000000e+00 0.000000e+00 0.000000e+00 0.000000e+00 0.000000e+00 0.000000e+00 0.000000e+00 0.000000e+00 0.000000e+00 4.051386e+01
4.000000e+01 DRE 5.199688e+10 1.566194e-07 0.000000e+00 0.000000e+00 3.033411e-03 2.578342e-03 0.000000e+00 3.072663e-04 0.000000e+00 0.000000e+00 0.000000e+00 0.000000e+00 0.000000e+00 0.000000e+00 0.000000e+00 0.000000e+00 0.000000e+00 0.000000e+00 0.000000e+00 5.919019e-03
4.000000e+01 CHI 1.152187e+09 3.215232e-09 3.264592e-13 0.000000e+00 3.904265e-02 6.193642e-02 1.854741e-01 4.123691e-03 0.000000e+00 0.000000e+00 0.000000e+00 0.000000e+00 0.000000e+00 0.000000e+00 0.000000e+00 0.000000e+00 0.000000e+00 0.000000e+00 0.000000e+00 2.905768e-01
4.000000e+01 DIA 2.941458e+11 1.297569e-10 0.000000e+00 0.000000e+00 0.000000e+00 0.000000e+00 6.911530e-04 0.000000e+00 3.328401e-05 0.000000e+00 0.000000e+00 0.000000e+00 8.622844e+00 9.956537e-01 0.000000e+00 0.000000e+00 0.000000e+00 0.000000e+00 0.000000e+00 9.619222e+00
4.000000e+01 GRN 2.360444e+11 6.489549e-11 0.000000e+00 0.000000e+00 0.000000e+00 0.000000e+00 7.178123e-04 0.000000e+00 3.339379e-05 0.000000e+00 0.000000e+00 0.000000e+00 8.670582e+00 1.000987e+00 0.000000e+00 0.000000e+00 0.000000e+00 0.000000e+00 0.000000e+00 9.672320e+00
4.000000e+01 CAL 3.572968e+12 1.638283e-09 0.000000e+00 0.000000e+00 2.972882e-03 5.559916e-03 2.812659e-02 2.301645e-04 2.980275e-03 0.000000e+00 0.000000e+00 0.000000e+00 0.000000e+00 0.000000e+00 0.000000e+00 0.000000e+00 0.000000e+00 0.000000e+00 0.000000e+00 3.986983e-02
4.000000e+01 ROT 3.447265e+11 9.873153e-10 0.000000e+00 0.000000e+00 2.997926e-03 5.606690e-03 1.938383e-02 2.321134e-04 3.004028e-03 0.000000e+00 0.000000e+00 0.000000e+00 0.000000e+00 0.000000e+00 0.000000e+00 0.000000e+00 0.000000e+00 0.000000e+00 0.000000e+00 3.122459e-02
4.000000e+01 PB 2.798627e+09 0.000000e+00 0.000000e+00 0.000000e+00 0.000000e+00 1.170627e-04 0.000000e+00 2.076361e-04 0.000000e+00 0.000000e+00 0.000000e+00 0.000000e+00 3.003612e+01 3.390161e+00 0.000000e+00 0.000000e+00 0.000000e+00 0.000000e+00 0.000000e+00 3.342661e+01
4.000000e+01 BB 2.674860e+06 0.000000e+00 0.000000e+00 0.000000e+00 0.000000e+00 0.000000e+00 0.000000e+00 0.000000e+00 0.000000e+00 0.000000e+00 0.000000e+00 0.000000e+00 0.000000e+00 0.000000e+00 0.000000e+00 0.000000e+00 0.000000e+00 0.000000e+00 0.000000e+00 0.000000e+00
4.000000e+01 DL 1.111456e+11 0.000000e+00 0.000000e+00 0.000000e+00 0.000000e+00 6.121348e-05 0.000000e+00 7.864332e-05 1.096087e-04 9.833648e-04 0.000000e+00 0.000000e+00 1.560390e+01 1.769412e+00 0.000000e+00 0.000000e+00 0.000000e+00 0.000000e+00 0.000000e+00 1.737454e+01
4.000000e+01 DR 3.453169e+09 0.000000e+00 0.000000e+00 0.000000e+00 0.000000e+00 2.033987e-04 0.000000e+00 3.088296e-04 2.068648e-03 1.117961e-02 0.000000e+00 0.000000e+00 3.928648e+01 4.428806e+00 0.000000e+00 0.000000e+00 0.000000e+00 0.000000e+00 0.000000e+00 4.372904e+01
4.000000e+01 DC 1.943695e+09 0.000000e+00 0.000000e+00 0.000000e+00 0.000000e+00 6.158595e-05 0.000000e+00 5.939609e-05 3.065232e-05 1.334306e-04 0.000000e+00 0.000000e+00 3.218497e+00 3.782142e-01 0.000000e+00 0.000000e+00 0.000000e+00 0.000000e+00 0.000000e+00 3.596996e+00
4.500000e+01 WAE 3.025863e+06 0.000000e+00 0.000000e+00 0.000000e+00 5.472018e+01 0.000000e+00 0.000000e+00 0.000000e+00 0.000000e+00 0.000000e+00 0.000000e+00 0.000000e+00 0.000000e+00 0.000000e+00 0.000000e+00 0.000000e+00 0.000000e+00 0.000000e+00 0.000000e+00 5.472018e+01
4.500000e+01 YPH 2.517298e+07 0.000000e+00 0.000000e+00 0.000000e+00 7.892430e+01 4.083254e-02 0.000000e+00 0.000000e+00 0.000000e+00 0.000000e+00 0.000000e+00 0.000000e+00 0.000000e+00 0.000000e+00 0.000000e+00 0.000000e+00 0.000000e+00 0.000000e+00 0.000000e+00 7.896513e+01
4.500000e+01 GZS 1.829812e+07 0.000000e+00 0.000000e+00 0.000000e+00 1.183496e+02 0.000000e+00 0.000000e+00 0.000000e+00 0.000000e+00 0.000000e+00 0.000000e+00 0.000000e+00 0.000000e+00 0.000000e+00 0.000000e+00 0.000000e+00 0.000000e+00 0.000000e+00 0.000000e+00 1.183496e+02
4.500000e+01 RDG 2.231491e+06 0.000000e+00 0.000000e+00 0.000000e+00 4.062467e+01 4.323015e-02 0.000000e+00 0.000000e+00 0.000000e+00 0.000000e+00 0.000000e+00 0.000000e+00 0.000000e+00 0.000000e+00 0.000000e+00 0.000000e+00 0.000000e+00 0.000000e+00 0.000000e+00 4.066790e+01
4.500000e+01 DRE 5.199688e+10 1.445928e-07 0.000000e+00 0.000000e+00 3.125005e-03 2.678800e-03 0.000000e+00 3.213717e-04 0.000000e+00 0.000000e+00 0.000000e+00 0.000000e+00 0.000000e+00 0.000000e+00 0.000000e+00 0.000000e+00 0.000000e+00 0.000000e+00 0.000000e+00 6.125177e-03
4.500000e+01 CHI 1.152187e+09 3.200200e-09 3.234578e-13 0.000000e+00 3.931488e-02 6.244410e-02 2.005201e-01 4.207369e-03 0.000000e+00 0.000000e+00 0.000000e+00 0.000000e+00 0.000000e+00 0.000000e+00 0.000000e+00 0.000000e+00 0.000000e+00 0.000000e+00 0.000000e+00 3.064864e-01
4.500000e+01 DIA 2.941458e+11 1.153436e-10 0.000000e+00 0.000000e+00 0.000000e+00 0.000000e+00 6.293162e-04 0.000000e+00 2.963288e-05 0.000000e+00 0.000000e+00 0.000000e+00 7.682350e+00 8.869861e-01 0.000000e+00 0.000000e+00 0.000000e+00 0.000000e+00 0.000000e+00 8.569995e+00
4.500000e+01 GRN 2.360444e+11 5.768746e-11 0.000000e+00 0.000000e+00 0.000000e+00 0.000000e+00 6.566951e-04 0.000000e+00 2.974206e-05 0.000000e+00 0.000000e+00 0.000000e+00 7.729116e+00 8.922090e-01 0.000000e+00 0.000000e+00 0.000000e+00 0.000000e+00 0.000000e+00 8.622011e+00
4.500000e+01 CAL 3.572968e+12 1.518362e-09 0.000000e+00 0.000000e+00 3.081962e-03 5.747972e-03 3.053081e-02 2.412493e-04 2.979137e-03 0.000000e+00 0.000000e+00 0.000000e+00 0.000000e+00 0.000000e+00 0.000000e+00 0.000000e+00 0.000000e+00 0.000000e+00 0.000000e+00 4.258114e-02
4.500000e+01 ROT 3.447265e+11 9.152614e-10 0.000000e+00 0.000000e+00 3.108725e-03 5.797803e-03 2.154304e-02 2.433572e-04 3.003630e-03 0.000000e+00 0.000000e+00 0.000000e+00 0.000000e+00 0.000000e+00 0.000000e+00 0.000000e+00 0.000000e+00 0.000000e+00 0.000000e+00 3.369656e-02
4.500000e+01 PB 2.798627e+09 0.000000e+00 0.000000e+00 0.000000e+00 0.000000e+00 1.172999e-04 0.000000e+00 2.102229e-04 0.000000e+00 0.000000e+00 0.000000e+00 0.000000e+00 2.836358e+01 3.198937e+00 0.000000e+00 0.000000e+00 0.000000e+00 0.000000e+00 0.000000e+00 3.156285e+01
4.500000e+01 BB 2.674860e+06 0.000000e+00 0.000000e+00 0.000000e+00 0.000000e+00 0.000000e+00 0.000000e+00 0.000000e+00 0.000000e+00 0.000000e+00 0.000000e+00 0.000000e+00 0.000000e+00 0.000000e+00 0.000000e+00 0.000000e+00 0.000000e+00 0.000000e+00 0.000000e+00 0.000000e+00
4.500000e+01 DL 1.111456e+11 0.000000e+00 0.000000e+00 0.000000e+00 0.000000e+00 5.631092e-05 0.000000e+00 7.339265e-05 9.804718e-05 1.001447e-03 0.000000e+00 0.000000e+00 1.398838e+01 1.585984e+00 0.000000e+00 0.000000e+00 0.000000e+00 0.000000e+00 0.000000e+00 1.557560e+01
4.500000e+01 DR 3.453169e+09 0.000000e+00 0.000000e+00 0.000000e+00 0.000000e+00 1.973867e-04 0.000000e+00 3.051419e-04 1.879085e-03 1.182262e-02 0.000000e+00 0.000000e+00 3.588590e+01 4.044172e+00 0.000000e+00 0.000000e+00 0.000000e+00 0.000000e+00 0.000000e+00 3.994428e+01
4.500000e+01 DC 1.943695e+09 0.000000e+00 0.000000e+00 0.000000e+00 0.000000e+00 5.474307e-05 0.000000e+00 5.279652e-05 2.724651e-05 1.186050e-04 0.000000e+00 0.000000e+00 2.860886e+00 3.361904e-01 0.000000e+00 0.000000e+00 0.000000e+00 0.000000e+00 0.000000e+00 3.197330e+00
5.000000e+01 WAE 3.025863e+06 0.000000e+00 0.000000e+00 0.000000e+00 5.238169e+01 0.000000e+00 0.000000e+00 0.000000e+00 0.000000e+00 0.000000e+00 0.000000e+00 0.000000e+00 0.000000e+00 0.000000e+00 0.000000e+00 0.000000e+00 0.000000e+00 0.000000e+00 0.000000e+00 5.238169e+01
5.000000e+01 YPH 2.517298e+07 0.000000e+00 0.000000e+00 0.000000e+00 7.877064e+01 4.091989e-02 0.000000e+00 0.000000e+00 0.000000e+00 0.000000e+00 0.000000e+00 0.000000e+00 0.000000e+00 0.000000e+00 0.000000e+00 0.000000e+00 0.000000e+00 0.000000e+00 0.000000e+00 7.881156e+01
5.000000e+01 GZS 1.829812e+07 0.000000e+00 0.000000e+00 0.000000e+00 1.216752e+02 0.000000e+00 0.000000e+00 0.000000e+00 0.000000e+00 0.000000e+00 0.000000e+00 0.000000e+00 0.000000e+00 0.000000e+00 0.000000e+00 0.000000e+00 0.000000e+00 0.000000e+00 0.000000e+00 1.216752e+02
5.000000e+01 RDG 2.231491e+06 0.000000e+00 0.000000e+00 0.000000e+00 4.070823e+01 4.306467e-02 0.000000e+00 0.000000e+00 0.000000e+00 0.000000e+00 0.000000e+00 0.000000e+00 0.000000e+00 0.000000e+00 0.000000e+00 0.000000e+00 0.000000e+00 0.000000e+00 0.000000e+00 4.075130e+01
5.000000e+01 DRE 5.199688e+10 1.349551e-07 0.000000e+00 0.000000e+00 3.199314e-03 2.766558e-03 0.000000e+00 3.341374e-04 0.000000e+00 0.000000e+00 0.000000e+00 0.000000e+00 0.000000e+00 0.000000e+00 0.000000e+00 0.000000e+00 0.000000e+00 0.000000e+00 0.000000e+00 6.300010e-03
5.000000e+01 CHI 1.152187e+09 3.184619e-09 3.203696e-13 0.000000e+00 3.958224e-02 6.293592e-02 2.169816e-01 4.291132e-03 0.000000e+00 0.000000e+00 0.000000e+00 0.000000e+00 0.000000e+00 0.000000e+00 0.000000e+00 0.000000e+00 0.000000e+00 0.000000e+00 0.000000e+00 3.237909e-01
5.000000e+01 DIA 2.941458e+11 1.038129e-10 0.000000e+00 0.000000e+00 0.000000e+00 0.000000e+00 5.799821e-04 0.000000e+00 2.671184e-05 0.000000e+00 0.000000e+00 0.000000e+00 6.929930e+00 8.000502e-01 0.000000e+00 0.000000e+00 0.000000e+00 0.000000e+00 0.000000e+00 7.730587e+00
5.000000e+01 GRN 2.360444e+11 5.192103e-11 0.000000e+00 0.000000e+00 0.000000e+00 0.000000e+00 6.079701e-04 0.000000e+00 2.682050e-05 0.000000e+00 0.000000e+00 0.000000e+00 6.975912e+00 8.051847e-01 0.000000e+00 0.000000e+00 0.000000e+00 0.000000e+00 0.000000e+00 7.781732e+00
5.000000e+01 CAL 3.572968e+12 1.422338e-09 0.000000e+00 0.000000e+00 3.179248e-03 5.911561e-03 3.303543e-02 2.515626e-04 2.976763e-03 0.000000e+00 0.000000e+00 0.000000e+00 0.000000e+00 0.000000e+00 0.000000e+00 0.000000e+00 0.000000e+00 0.000000e+00 0.000000e+00 4.535456e-02
5.000000e+01 ROT 3.447265e+11 8.575819e-10 0.000000e+00 0.000000e+00 3.207684e-03 5.964329e-03 2.385001e-02 2.538291e-04 3.001975e-03 0.000000e+00 0.000000e+00 0.000000e+00 0.000000e+00 0.000000e+00 0.000000e+00 0.000000e+00 0.000000e+00 0.000000e+00 0.000000e+00 3.627783e-02
5.000000e+01 PB 2.798627e+09 0.000000e+00 0.000000e+00 0.000000e+00 0.000000e+00 1.177751e-04 0.000000e+00 2.126463e-04 0.000000e+00 0.000000e+00 0.000000e+00 0.000000e+00 2.702323e+01 3.045779e+00 0.000000e+00 0.000000e+00 0.000000e+00 0.000000e+00 0.000000e+00 3.006934e+01
5.000000e+01 BB 2.674860e+06 0.000000e+00 0.000000e+00 0.000000e+00 0.000000e+00 0.000000e+00 0.000000e+00 0.000000e+00 0.000000e+00 0.000000e+00 0.000000e+00 0.000000e+00 0.000000e+00 0.000000e+00 0.000000e+00 0.000000e+00 0.000000e+00 0.000000e+00 0.000000e+00 0.000000e+00
5.000000e+01 DL 1.111456e+11 0.000000e+00 0.000000e+00 0.000000e+00 0.000000e+00 5.245563e-05 0.000000e+00 6.928764e-05 8.880072e-05 1.012813e-03 0.000000e+00 0.000000e+00 1.269720e+01 1.439384e+00 0.000000e+00 0.000000e+00 0.000000e+00 0.000000e+00 0.000000e+00 1.413780e+01
5.000000e+01 DR 3.453169e+09 0.000000e+00 0.000000e+00 0.000000e+00 0.000000e+00 1.939100e-04 0.000000e+00 3.044224e-04 1.727467e-03 1.240693e-02 0.000000e+00 0.000000e+00 3.320857e+01 3.741319e+00 0.000000e+00 0.000000e+00 0.000000e+00 0.000000e+00 0.000000e+00 3.696452e+01
5.000000e+01 DC 1.943695e+09 0.000000e+00 0.000000e+00 0.000000e+00 0.000000e+00 4.926876e-05 0.000000e+00 4.751687e-05 2.452186e-05 1.067445e-04 0.000000e+00 0.000000e+00 2.574798e+00 3.025714e-01 0.000000e+00 0.000000e+00 0.000000e+00 0.000000e+00 0.000000e+00 2.877597e+00
5.500000e+01 WAE 3.025863e+06 0.000000e+00 0.000000e+00 0.000000e+00 5.042100e+01 0.000000e+00 0.000000e+00 0.000000e+00 0.000000e+00 0.000000e+00 0.000000e+00 0.000000e+00 0.000000e+00 0.000000e+00 0.000000e+00 0.000000e+00 0.000000e+00 0.000000e+00 0.000000e+00 5.042100e+01
5.500000e+01 YPH 2.517298e+07 0.000000e+00 0.000000e+00 0.000000e+00 7.851153e+01 4.113622e-02 0.000000e+00 0.000000e+00 0.000000e+00 0.000000e+00 0.000000e+00 0.000000e+00 0.000000e+00 0.000000e+00 0.000000e+00 0.000000e+00 0.000000e+00 0.000000e+00 0.000000e+00 7.855266e+01
5.500000e+01 GZS 1.829812e+07 0.000000e+00 0.000000e+00 0.000000e+00 1.247786e+02 0.000000e+00 0.000000e+00 0.000000e+00 0.000000e+00 0.000000e+00 0.000000e+00 0.000000e+00 0.000000e+00 0.000000e+00 0.000000e+00 0.000000e+00 0.000000e+00 0.000000e+00 0.000000e+00 1.247786e+02
5.500000e+01 RDG 2.231491e+06 0.000000e+00 0.000000e+00 0.000000e+00 4.073527e+01 4.312350e-02 0.000000e+00 0.000000e+00 0.000000e+00 0.000000e+00 0.000000e+00 0.000000e+00 0.000000e+00 0.000000e+00 0.000000e+00 0.000000e+00 0.000000e+00 0.000000e+00 0.000000e+00 4.077839e+01
5.500000e+01 DRE 5.199688e+10 1.270548e-07 0.000000e+00 0.000000e+00 3.261012e-03 2.845346e-03 0.000000e+00 3.459969e-04 0.000000e+00 0.000000e+00 0.000000e+00 0.000000e+00 0.000000e+00 0.000000e+00 0.000000e+00 0.000000e+00 0.000000e+00 0.000000e+00 0.000000e+00 6.452354e-03
5.500000e+01 CHI 1.152187e+09 3.168433e-09 3.171861e-13 0.000000e+00 3.985477e-02 6.341399e-02 2.350083e-01 4.375194e-03 0.000000e+00 0.000000e+00 0.000000e+00 0.000000e+00 0.000000e+00 0.000000e+00 0.000000e+00 0.000000e+00 0.000000e+00 0.000000e+00 0.000000e+00 3.426522e-01
5.500000e+01 DIA 2.941458e+11 9.437879e-11 0.000000e+00 0.000000e+00 0.000000e+00 0.000000e+00 5.397434e-04 0.000000e+00 2.432176e-05 0.000000e+00 0.000000e+00 0.000000e+00 6.314290e+00 7.289189e-01 0.000000e+00 0.000000e+00 0.000000e+00 0.000000e+00 0.000000e+00 7.043773e+00
5.500000e+01 GRN 2.360444e+11 4.720305e-11 0.000000e+00 0.000000e+00 0.000000e+00 0.000000e+00 5.682607e-04 0.000000e+00 2.442997e-05 0.000000e+00 0.000000e+00 0.000000e+00 6.359625e+00 7.339805e-01 0.000000e+00 0.000000e+00 0.000000e+00 0.000000e+00 0.000000e+00 7.094198e+00
5.500000e+01 CAL 3.572968e+12 1.343689e-09 0.000000e+00 0.000000e+00 3.270053e-03 6.057715e-03 3.569157e-02 2.613757e-04 2.973466e-03 0.000000e+00 0.000000e+00 0.000000e+00 0.000000e+00 0.000000e+00 0.000000e+00 0.000000e+00 0.000000e+00 0.000000e+00 0.000000e+00 4.825418e-02
5.500000e+01 ROT 3.447265e+11 8.103535e-10 0.000000e+00 0.000000e+00 3.300162e-03 6.113351e-03 2.634428e-02 2.638027e-04 2.999383e-03 0.000000e+00 0.000000e+00 0.000000e+00 0.000000e+00 0.000000e+00 0.000000e+00 0.000000e+00 0.000000e+00 0.000000e+00 0.000000e+00 3.902098e-02
5.500000e+01 PB 2.798627e+09 0.000000e+00 0.000000e+00 0.000000e+00 0.000000e+00 1.184334e-04 0.000000e+00 2.149686e-04 0.000000e+00 0.000000e+00 0.000000e+00 0.000000e+00 2.592432e+01 2.920289e+00 0.000000e+00 0.000000e+00 0.000000e+00 0.000000e+00 0.000000e+00 2.884494e+01
5.500000e+01 BB 2.674860e+06 0.000000e+00 0.000000e+00 0.000000e+00 0.000000e+00 0.000000e+00 0.000000e+00 0.000000e+00 0.000000e+00 0.000000e+00 0.000000e+00 0.000000e+00 0.000000e+00 0.000000e+00 0.000000e+00 0.000000e+00 0.000000e+00 0.000000e+00 0.000000e+00 0.000000e+00
5.500000e+01 DL 1.111456e+11 0.000000e+00 0.000000e+00 0.000000e+00 0.000000e+00 4.936809e-05 0.000000e+00 6.602599e-05 8.123907e-05 1.019652e-03 0.000000e+00 0.000000e+00 1.164208e+01 1.319590e+00 0.000000e+00 0.000000e+00 0.000000e+00 0.000000e+00 0.000000e+00 1.296289e+01
5.500000e+01 DR 3.453169e+09 0.000000e+00 0.000000e+00 0.000000e+00 0.000000e+00 1.924717e-04 0.000000e+00 3.061804e-04 1.604351e-03 1.294461e-02 0.000000e+00 0.000000e+00 3.106781e+01 3.499125e+00 0.000000e+00 0.000000e+00 0.000000e+00 0.000000e+00 0.000000e+00 3.458198e+01
5.500000e+01 DC 1.943695e+09 0.000000e+00 0.000000e+00 0.000000e+00 0.000000e+00 4.478978e-05 0.000000e+00 4.319715e-05 2.229260e-05 9.704045e-05 0.000000e+00 0.000000e+00 2.340725e+00 2.750649e-01 0.000000e+00 0.000000e+00 0.000000e+00 0.000000e+00 0.000000e+00 2.615997e+00
6.000000e+01 WAE 3.025863e+06 0.000000e+00 0.000000e+00 0.000000e+00 4.873532e+01 0.000000e+00 0.000000e+00 0.000000e+00 0.000000e+00 0.000000e+00 0.000000e+00 0.000000e+00 0.000000e+00 0.000000e+00 0.000000e+00 0.000000e+00 0.000000e+00 0.000000e+00 0.000000e+00 4.873532e+01
6.000000e+01 YPH 2.517298e+07 0.000000e+00 0.000000e+00 0.000000e+00 7.815572e+01 4.028310e-02 0.000000e+00 0.000000e+00 0.000000e+00 0.000000e+00 0.000000e+00 0.000000e+00 0.000000e+00 0.000000e+00 0.000000e+00 0.000000e+00 0.000000e+00 0.000000e+00 0.000000e+00 7.819601e+01
6.000000e+01 GZS 1.829812e+07 0.000000e+00 0.000000e+00 0.000000e+00 1.282645e+02 0.000000e+00 0.000000e+00 0.000000e+00 0.000000e+00 0.000000e+00 0.000000e+00 0.000000e+00 0.000000e+00 0.000000e+00 0.000000e+00 0.000000e+00 0.000000e+00 0.000000e+00 0.000000e+00 1.282645e+02
6.000000e+01 RDG 2.231491e+06 0.000000e+00 0.000000e+00 0.000000e+00 4.071086e+01 4.336083e-02 0.000000e+00 0.000000e+00 0.000000e+00 0.000000e+00 0.000000e+00 0.000000e+00 0.000000e+00 0.000000e+00 0.000000e+00 0.000000e+00 0.000000e+00 0.000000e+00 0.000000e+00 4.075422e+01
6.000000e+01 DRE 5.199688e+10 1.204575e-07 0.000000e+00 0.000000e+00 3.313205e-03 2.917666e-03 0.000000e+00 3.572433e-04 0.000000e+00 0.000000e+00 0.000000e+00 0.000000e+00 0.000000e+00 0.000000e+00 0.000000e+00 0.000000e+00 0.000000e+00 0.000000e+00 0.000000e+00 6.588114e-03
6.000000e+01 CHI 1.152187e+09 3.151579e-09 3.138986e-13 0.000000e+00 4.011395e-02 6.387903e-02 2.547539e-01 4.459639e-03 0.000000e+00 0.000000e+00 0.000000e+00 0.000000e+00 0.000000e+00 0.000000e+00 0.000000e+00 0.000000e+00 0.000000e+00 0.000000e+00 0.000000e+00 3.632065e-01
6.000000e+01 DIA 2.941458e+11 8.651699e-11 0.000000e+00 0.000000e+00 0.000000e+00 0.000000e+00 5.063288e-04 0.000000e+00 2.232992e-05 0.000000e+00 0.000000e+00 0.000000e+00 5.801233e+00 6.696409e-01 0.000000e+00 0.000000e+00 0.000000e+00 0.000000e+00 0.000000e+00 6.471403e+00
6.000000e+01 GRN 2.360444e+11 4.327139e-11 0.000000e+00 0.000000e+00 0.000000e+00 0.000000e+00 5.353161e-04 0.000000e+00 2.243771e-05 0.000000e+00 0.000000e+00 0.000000e+00 5.846023e+00 6.746414e-01 0.000000e+00 0.000000e+00 0.000000e+00 0.000000e+00 0.000000e+00 6.521222e+00
6.000000e+01 CAL 3.572968e+12 1.278066e-09 0.000000e+00 0.000000e+00 3.353901e-03 6.191145e-03 3.854381e-02 2.708722e-04 2.969453e-03 0.000000e+00 0.000000e+00 0.000000e+00 0.000000e+00 0.000000e+00 0.000000e+00 0.000000e+00 0.000000e+00 0.000000e+00 0.000000e+00 5.132918e-02
6.000000e+01 ROT 3.447265e+11 7.709599e-10 0.000000e+00 0.000000e+00 3.385672e-03 6.249613e-03 2.906291e-02 2.734630e-04 2.996061e-03 0.000000e+00 0.000000e+00 0.000000e+00 0.000000e+00 0.000000e+00 0.000000e+00 0.000000e+00 0.000000e+00 0.000000e+00 0.000000e+00 4.196772e-02
6.000000e+01 PB 2.798627e+09 0.000000e+00 0.000000e+00 0.000000e+00 0.000000e+00 1.192387e-04 0.000000e+00 2.172322e-04 0.000000e+00 0.000000e+00 0.000000e+00 0.000000e+00 2.500635e+01 2.815535e+00 0.000000e+00 0.000000e+00 0.000000e+00 0.000000e+00 0.000000e+00 2.782222e+01
6.000000e+01 BB 2.674860e+06 0.000000e+00 0.000000e+00 0.000000e+00 0.000000e+00 0.000000e+00 0.000000e+00 0.000000e+00 0.000000e+00 0.000000e+00 0.000000e+00 0.000000e+00 0.000000e+00 0.000000e+00 0.000000e+00 0.000000e+00 0.000000e+00 0.000000e+00 0.000000e+00 0.000000e+00
6.000000e+01 DL 1.111456e+11 0.000000e+00 0.000000e+00 0.000000e+00 0.000000e+00 4.686289e-05 0.000000e+00 6.340760e-05 7.494275e-05 1.023411e-03 0.000000e+00 0.000000e+00 1.076426e+01 1.219927e+00 0.000000e+00 0.000000e+00 0.000000e+00 0.000000e+00 0.000000e+00 1.198539e+01
6.000000e+01 DR 3.453169e+09 0.000000e+00 0.000000e+00 0.000000e+00 0.000000e+00 1.927751e-04 0.000000e+00 3.101416e-04 1.503752e-03 1.344426e-02 0.000000e+00 0.000000e+00 2.934140e+01 3.303762e+00 0.000000e+00 0.000000e+00 0.000000e+00 0.000000e+00 0.000000e+00 3.266061e+01
6.000000e+01 DC 1.943695e+09 0.000000e+00 0.000000e+00 0.000000e+00 0.000000e+00 4.105730e-05 0.000000e+00 3.959739e-05 2.043488e-05 8.895375e-05 0.000000e+00 0.000000e+00 2.145665e+00 2.521428e-01 0.000000e+00 0.000000e+00 0.000000e+00 0.000000e+00 0.000000e+00 2.397998e+00
6.500000e+01 WAE 3.025863e+06 0.000000e+00 0.000000e+00 0.000000e+00 4.725357e+01 0.000000e+00 0.000000e+00 0.000000e+00 0.000000e+00 0.000000e+00 0.000000e+00 0.000000e+00 0.000000e+00 0.000000e+00 0.000000e+00 0.000000e+00 0.000000e+00 0.000000e+00 0.000000e+00 4.725357e+01
6.500000e+01 YPH 2.517298e+07 0.000000e+00 0.000000e+00 0.000000e+00 7.914627e+01 3.916693e-02 0.000000e+00 0.000000e+00 0.000000e+00 0.000000e+00 0.000000e+00 0.000000e+00 0.000000e+00 0.000000e+00 0.000000e+00 0.000000e+00 0.000000e+00 0.000000e+00 0.000000e+00 7.918544e+01
6.500000e+01 GZS 1.829812e+07 0.000000e+00 0.000000e+00 0.000000e+00 1.280396e+02 0.000000e+00 0.000000e+00 0.000000e+00 0.000000e+00 0.000000e+00 0.000000e+00 0.000000e+00 0.000000e+00 0.000000e+00 0.000000e+00 0.000000e+00 0.000000e+00 0.000000e+00 0.000000e+00 1.280396e+02
6.500000e+01 RDG 2.231491e+06 0.000000e+00 0.000000e+00 0.000000e+00 4.147836e+01 4.301282e-02 0.000000e+00 0.000000e+00 0.000000e+00 0.000000e+00 0.000000e+00 0.000000e+00 0.000000e+00 0.000000e+00 0.000000e+00 0.000000e+00 0.000000e+00 0.000000e+00 0.000000e+00 4.152137e+01
6.500000e+01 DRE 5.199688e+10 1.148626e-07 0.000000e+00 0.000000e+00 3.359501e-03 2.985199e-03 0.000000e+00 3.680731e-04 0.000000e+00 0.000000e+00 0.000000e+00 0.000000e+00 0.000000e+00 0.000000e+00 0.000000e+00 0.000000e+00 0.000000e+00 0.000000e+00 0.000000e+00 6.712773e-03
6.500000e+01 CHI 1.152187e+09 3.133989e-09 3.104981e-13 0.000000e+00 4.036268e-02 6.432945e-02 2.763910e-01 4.544340e-03 0.000000e+00 0.000000e+00 0.000000e+00 0.000000e+00 0.000000e+00 0.000000e+00 0.000000e+00 0.000000e+00 0.000000e+00 0.000000e+00 0.000000e+00 3.856275e-01
6.500000e+01 DIA 2.941458e+11 7.986470e-11 0.000000e+00 0.000000e+00 0.000000e+00 0.000000e+00 4.781661e-04 0.000000e+00 2.064440e-05 0.000000e+00 0.000000e+00 0.000000e+00 5.367085e+00 6.194806e-01 0.000000e+00 0.000000e+00 0.000000e+00 0.000000e+00 0.000000e+00 5.987064e+00
6.500000e+01 GRN 2.360444e+11 3.994461e-11 0.000000e+00 0.000000e+00 0.000000e+00 0.000000e+00 5.075784e-04 0.000000e+00 2.075181e-05 0.000000e+00 0.000000e+00 0.000000e+00 5.411408e+00 6.244290e-01 0.000000e+00 0.000000e+00 0.000000e+00 0.000000e+00 0.000000e+00 6.036365e+00
6.500000e+01 CAL 3.572968e+12 1.222457e-09 0.000000e+00 0.000000e+00 3.432592e-03 6.315003e-03 4.163563e-02 2.801737e-04 2.964863e-03 0.000000e+00 0.000000e+00 0.000000e+00 0.000000e+00 0.000000e+00 0.000000e+00 0.000000e+00 0.000000e+00 0.000000e+00 0.000000e+00 5.462826e-02
6.500000e+01 ROT 3.447265e+11 7.375897e-10 0.000000e+00 0.000000e+00 3.466024e-03 6.376290e-03 3.204448e-02 2.829327e-04 2.992152e-03 0.000000e+00 0.000000e+00 0.000000e+00 0.000000e+00 0.000000e+00 0.000000e+00 0.000000e+00 0.000000e+00 0.000000e+00 0.000000e+00 4.516188e-02
6.500000e+01 PB 2.798627e+09 0.000000e+00 0.000000e+00 0.000000e+00 0.000000e+00 1.201641e-04 0.000000e+00 2.194620e-04 0.000000e+00 0.000000e+00 0.000000e+00 0.000000e+00 2.422740e+01 2.726712e+00 0.000000e+00 0.000000e+00 0.000000e+00 0.000000e+00 0.000000e+00 2.695445e+01
6.500000e+01 BB 2.674860e+06 0.000000e+00 0.000000e+00 0.000000e+00 0.000000e+00 0.000000e+00 0.000000e+00 0.000000e+00 0.000000e+00 0.000000e+00 0.000000e+00 0.000000e+00 0.000000e+00 0.000000e+00 0.000000e+00 0.000000e+00 0.000000e+00 0.000000e+00 0.000000e+00 0.000000e+00
6.500000e+01 DL 1.111456e+11 0.000000e+00 0.000000e+00 0.000000e+00 0.000000e+00 4.481196e-05 0.000000e+00 6.129425e-05 6.962087e-05 1.025017e-03 0.000000e+00 0.000000e+00 1.002302e+01 1.135772e+00 0.000000e+00 0.000000e+00 0.000000e+00 0.000000e+00 0.000000e+00 1.115999e+01
6.500000e+01 DR 3.453169e+09 0.000000e+00 0.000000e+00 0.000000e+00 0.000000e+00 1.946271e-04 0.000000e+00 3.161392e-04 1.420788e-03 1.391184e-02 0.000000e+00 0.000000e+00 2.794119e+01 3.145261e+00 0.000000e+00 0.000000e+00 0.000000e+00 0.000000e+00 0.000000e+00 3.110229e+01
6.500000e+01 DC 1.943695e+09 0.000000e+00 0.000000e+00 0.000000e+00 0.000000e+00 3.789905e-05 0.000000e+00 3.655144e-05 1.886297e-05 8.211115e-05 0.000000e+00 0.000000e+00 1.980614e+00 2.327472e-01 0.000000e+00 0.000000e+00 0.000000e+00 0.000000e+00 0.000000e+00 2.213536e+00
7.000000e+01 WAE 3.025863e+06 0.000000e+00 0.000000e+00 0.000000e+00 4.592511e+01 0.000000e+00 0.000000e+00 0.000000e+00 0.000000e+00 0.000000e+00 0.000000e+00 0.000000e+00 0.000000e+00 0.000000e+00 0.000000e+00 0.000000e+00 0.000000e+00 0.000000e+00 0.000000e+00 4.592511e+01
7.000000e+01 YPH 2.517298e+07 0.000000e+00 0.000000e+00 0.000000e+00 8.062373e+01 3.827869e-02 0.000000e+00 0.000000e+00 0.000000e+00 0.000000e+00 0.000000e+00 0.000000e+00 0.000000e+00 0.000000e+00 0.000000e+00 0.000000e+00 0.000000e+00 0.000000e+00 0.000000e+00 8.066201e+01
7.000000e+01 GZS 1.829812e+07 0.000000e+00 0.000000e+00 0.000000e+00 1.263791e+02 0.000000e+00 0.000000e+00 0.000000e+00 0.000000e+00 0.000000e+00 0.000000e+00 0.000000e+00 0.000000e+00 0.000000e+00 0.000000e+00 0.000000e+00 0.000000e+00 0.000000e+00 0.000000e+00 1.263791e+02
7.000000e+01 RDG 2.231491e+06 0.000000e+00 0.000000e+00 0.000000e+00 4.254652e+01 4.254881e-02 0.000000e+00 0.000000e+00 0.000000e+00 0.000000e+00 0.000000e+00 0.000000e+00 0.000000e+00 0.000000e+00 0.000000e+00 0.000000e+00 0.000000e+00 0.000000e+00 0.000000e+00 4.258907e+01
7.000000e+01 DRE 5.199688e+10 1.100553e-07 0.000000e+00 0.000000e+00 3.400676e-03 3.049049e-03 0.000000e+00 3.786137e-04 0.000000e+00 0.000000e+00 0.000000e+00 0.000000e+00 0.000000e+00 0.000000e+00 0.000000e+00 0.000000e+00 0.000000e+00 0.000000e+00 0.000000e+00 6.828339e-03
7.000000e+01 CHI 1.152187e+09 3.115588e-09 3.069750e-13 0.000000e+00 4.059918e-02 6.476125e-02 3.001182e-01 4.628935e-03 0.000000e+00 0.000000e+00 0.000000e+00 0.000000e+00 0.000000e+00 0.000000e+00 0.000000e+00 0.000000e+00 0.000000e+00 0.000000e+00 0.000000e+00 4.101075e-01
7.000000e+01 DIA 2.941458e+11 7.416274e-11 0.000000e+00 0.000000e+00 0.000000e+00 0.000000e+00 4.541323e-04 0.000000e+00 1.919956e-05 0.000000e+00 0.000000e+00 0.000000e+00 4.994934e+00 5.764841e-01 0.000000e+00 0.000000e+00 0.000000e+00 0.000000e+00 0.000000e+00 5.571892e+00
7.000000e+01 GRN 2.360444e+11 3.709308e-11 0.000000e+00 0.000000e+00 0.000000e+00 0.000000e+00 4.839349e-04 0.000000e+00 1.930663e-05 0.000000e+00 0.000000e+00 0.000000e+00 5.038851e+00 5.813872e-01 0.000000e+00 0.000000e+00 0.000000e+00 0.000000e+00 0.000000e+00 5.620742e+00
7.000000e+01 CAL 3.572968e+12 1.174709e-09 0.000000e+00 0.000000e+00 3.507416e-03 6.431370e-03 4.501297e-02 2.893556e-04 2.959790e-03 0.000000e+00 0.000000e+00 0.000000e+00 0.000000e+00 0.000000e+00 0.000000e+00 0.000000e+00 0.000000e+00 0.000000e+00 0.000000e+00 5.820090e-02
7.000000e+01 ROT 3.447265e+11 7.089483e-10 0.000000e+00 0.000000e+00 3.542520e-03 6.495479e-03 3.533175e-02 2.922880e-04 2.987752e-03 0.000000e+00 0.000000e+00 0.000000e+00 0.000000e+00 0.000000e+00 0.000000e+00 0.000000e+00 0.000000e+00 0.000000e+00 0.000000e+00 4.864979e-02
7.000000e+01 PB 2.798627e+09 0.000000e+00 0.000000e+00 0.000000e+00 0.000000e+00 1.211869e-04 0.000000e+00 2.216688e-04 0.000000e+00 0.000000e+00 0.000000e+00 0.000000e+00 2.355752e+01 2.650390e+00 0.000000e+00 0.000000e+00 0.000000e+00 0.000000e+00 0.000000e+00 2.620825e+01
7.000000e+01 BB 2.674860e+06 0.000000e+00 0.000000e+00 0.000000e+00 0.000000e+00 0.000000e+00 0.000000e+00 0.000000e+00 0.000000e+00 0.000000e+00 0.000000e+00 0.000000e+00 0.000000e+00 0.000000e+00 0.000000e+00 0.000000e+00 0.000000e+00 0.000000e+00 0.000000e+00 0.000000e+00
7.000000e+01 DL 1.111456e+11 0.000000e+00 0.000000e+00 0.000000e+00 0.000000e+00 4.312447e-05 0.000000e+00 5.958813e-05 6.506558e-05 1.025058e-03 0.000000e+00 0.000000e+00 9.389309e+00 1.063827e+00 0.000000e+00 0.000000e+00 0.000000e+00 0.000000e+00 0.000000e+00 1.045433e+01
7.000000e+01 DR 3.453169e+09 0.000000e+00 0.000000e+00 0.000000e+00 0.000000e+00 1.979362e-04 0.000000e+00 3.241299e-04 1.351986e-03 1.435155e-02 0.000000e+00 0.000000e+00 2.680580e+01 3.016683e+00 0.000000e+00 0.000000e+00 0.000000e+00 0.000000e+00 0.000000e+00 2.983871e+01
7.000000e+01 DC 1.943695e+09 0.000000e+00 0.000000e+00 0.000000e+00 0.000000e+00 3.519197e-05 0.000000e+00 3.394062e-05 1.751561e-05 7.624607e-05 0.000000e+00 0.000000e+00 1.839141e+00 2.161224e-01 0.000000e+00 0.000000e+00 0.000000e+00 0.000000e+00 0.000000e+00 2.055427e+00
7.500000e+01 WAE 3.025863e+06 0.000000e+00 0.000000e+00 0.000000e+00 4.471322e+01 0.000000e+00 0.000000e+00 0.000000e+00 0.000000e+00 0.000000e+00 0.000000e+00 0.000000e+00 0.000000e+00 0.000000e+00 0.000000e+00 0.000000e+00 0.000000e+00 0.000000e+00 0.000000e+00 4.471322e+01
7.500000e+01 YPH 2.517298e+07 0.000000e+00 0.000000e+00 0.000000e+00 8.263584e+01 3.757479e-02 0.000000e+00 0.000000e+00 0.000000e+00 0.000000e+00 0.000000e+00 0.000000e+00 0.000000e+00 0.000000e+00 0.000000e+00 0.000000e+00 0.000000e+00 0.000000e+00 0.000000e+00 8.267341e+01
7.500000e+01 GZS 1.829812e+07 0.000000e+00 0.000000e+00 0.000000e+00 1.229641e+02 0.000000e+00 0.000000e+00 0.000000e+00 0.000000e+00 0.000000e+00 0.000000e+00 0.000000e+00 0.000000e+00 0.000000e+00 0.000000e+00 0.000000e+00 0.000000e+00 0.000000e+00 0.000000e+00 1.229641e+02
7.500000e+01 RDG 2.231491e+06 0.000000e+00 0.000000e+00 0.000000e+00 4.395092e+01 4.226870e-02 0.000000e+00 0.000000e+00 0.000000e+00 0.000000e+00 0.000000e+00 0.000000e+00 0.000000e+00 0.000000e+00 0.000000e+00 0.000000e+00 0.000000e+00 0.000000e+00 0.000000e+00 4.399318e+01
7.500000e+01 DRE 5.199688e+10 1.058781e-07 0.000000e+00 0.000000e+00 3.438073e-03 3.110079e-03 0.000000e+00 3.889671e-04 0.000000e+00 0.000000e+00 0.000000e+00 0.000000e+00 0.000000e+00 0.000000e+00 0.000000e+00 0.000000e+00 0.000000e+00 0.000000e+00 0.000000e+00 6.937119e-03
7.500000e+01 CHI 1.152187e+09 3.096294e-09 3.033194e-13 0.000000e+00 4.082295e-02 6.517126e-02 3.261311e-01 4.713115e-03 0.000000e+00 0.000000e+00 0.000000e+00 0.000000e+00 0.000000e+00 0.000000e+00 0.000000e+00 0.000000e+00 0.000000e+00 0.000000e+00 0.000000e+00 4.368384e-01
7.500000e+01 DIA 2.941458e+11 6.922104e-11 0.000000e+00 0.000000e+00 0.000000e+00 0.000000e+00 4.334043e-04 0.000000e+00 1.794728e-05 0.000000e+00 0.000000e+00 0.000000e+00 4.672380e+00 5.392184e-01 0.000000e+00 0.000000e+00 0.000000e+00 0.000000e+00 0.000000e+00 5.212050e+00
7.500000e+01 GRN 2.360444e+11 3.462175e-11 0.000000e+00 0.000000e+00 0.000000e+00 0.000000e+00 4.635702e-04 0.000000e+00 1.805403e-05 0.000000e+00 0.000000e+00 0.000000e+00 4.715940e+00 5.440818e-01 0.000000e+00 0.000000e+00 0.000000e+00 0.000000e+00 0.000000e+00 5.260503e+00
7.500000e+01 CAL 3.572968e+12 1.133244e-09 0.000000e+00 0.000000e+00 3.579323e-03 6.541842e-03 4.872248e-02 2.984787e-04 2.954301e-03 0.000000e+00 0.000000e+00 0.000000e+00 0.000000e+00 0.000000e+00 0.000000e+00 0.000000e+00 0.000000e+00 0.000000e+00 0.000000e+00 6.209642e-02
7.500000e+01 ROT 3.447265e+11 6.840860e-10 0.000000e+00 0.000000e+00 3.616118e-03 6.608787e-03 3.896933e-02 3.015903e-04 2.982927e-03 0.000000e+00 0.000000e+00 0.000000e+00 0.000000e+00 0.000000e+00 0.000000e+00 0.000000e+00 0.000000e+00 0.000000e+00 0.000000e+00 5.247875e-02
7.500000e+01 PB 2.798627e+09 0.000000e+00 0.000000e+00 0.000000e+00 0.000000e+00 1.222924e-04 0.000000e+00 2.238637e-04 0.000000e+00 0.000000e+00 0.000000e+00 0.000000e+00 2.297470e+01 2.584047e+00 0.000000e+00 0.000000e+00 0.000000e+00 0.000000e+00 0.000000e+00 2.555910e+01
7.500000e+01 BB 2.674860e+06 0.000000e+00 0.000000e+00 0.000000e+00 0.000000e+00 0.000000e+00 0.000000e+00 0.000000e+00 0.000000e+00 0.000000e+00 0.000000e+00 0.000000e+00 0.000000e+00 0.000000e+00 0.000000e+00 0.000000e+00 0.000000e+00 0.000000e+00 0.000000e+00 0.000000e+00
7.500000e+01 DL 1.111456e+11 0.000000e+00 0.000000e+00 0.000000e+00 0.000000e+00 4.173510e-05 0.000000e+00 5.821963e-05 6.112461e-05 1.023906e-03 0.000000e+00 0.000000e+00 8.841860e+00 1.001676e+00 0.000000e+00 0.000000e+00 0.000000e+00 0.000000e+00 0.000000e+00 9.844722e+00
7.500000e+01 DR 3.453169e+09 0.000000e+00 0.000000e+00 0.000000e+00 0.000000e+00 2.026720e-04 0.000000e+00 3.341392e-04 1.294839e-03 1.476632e-02 0.000000e+00 0.000000e+00 2.589115e+01 2.913041e+00 0.000000e+00 0.000000e+00 0.000000e+00 0.000000e+00 0.000000e+00 2.882079e+01
7.500000e+01 DC 1.943695e+09 0.000000e+00 0.000000e+00 0.000000e+00 0.000000e+00 3.284584e-05 0.000000e+00 3.167791e-05 1.634790e-05 7.116300e-05 0.000000e+00 0.000000e+00 1.716532e+00 2.017143e-01 0.000000e+00 0.000000e+00 0.000000e+00 0.000000e+00 0.000000e+00 1.918398e+00
8.000000e+01 WAE 3.025863e+06 0.000000e+00 0.000000e+00 0.000000e+00 4.305511e+01 0.000000e+00 0.000000e+00 0.000000e+00 0.000000e+00 0.000000e+00 0.000000e+00 0.000000e+00 0.000000e+00 0.000000e+00 0.000000e+00 0.000000e+00 0.000000e+00 0.000000e+00 0.000000e+00 4.305511e+01
8.000000e+01 YPH 2.517298e+07 0.000000e+00 0.000000e+00 0.000000e+00 8.510268e+01 3.702277e-02 0.000000e+00 0.000000e+00 0.000000e+00 0.000000e+00 0.000000e+00 0.000000e+00 0.000000e+00 0.000000e+00 0.000000e+00 0.000000e+00 0.000000e+00 0.000000e+00 0.000000e+00 8.513970e+01
8.000000e+01 GZS 1.829812e+07 0.000000e+00 0.000000e+00 0.000000e+00 1.181510e+02 0.000000e+00 0.000000e+00 0.000000e+00 0.000000e+00 0.000000e+00 0.000000e+00 0.000000e+00 0.000000e+00 0.000000e+00 0.000000e+00 0.000000e+00 0.000000e+00 0.000000e+00 0.000000e+00 1.181510e+02
8.000000e+01 RDG 2.231491e+06 0.000000e+00 0.000000e+00 0.000000e+00 4.565267e+01 4.214346e-02 0.000000e+00 0.000000e+00 0.000000e+00 0.000000e+00 0.000000e+00 0.000000e+00 0.000000e+00 0.000000e+00 0.000000e+00 0.000000e+00 0.000000e+00 0.000000e+00 0.000000e+00 4.569481e+01
8.000000e+01 DRE 5.199688e+10 1.022129e-07 0.000000e+00 0.000000e+00 3.472598e-03 3.168966e-03 0.000000e+00 3.992148e-04 0.000000e+00 0.000000e+00 0.000000e+00 0.000000e+00 0.000000e+00 0.000000e+00 0.000000e+00 0.000000e+00 0.000000e+00 0.000000e+00 0.000000e+00 7.040779e-03
8.000000e+01 CHI 1.152187e+09 3.076018e-09 2.995210e-13 0.000000e+00 4.103279e-02 6.555634e-02 3.546252e-01 4.796556e-03 0.000000e+00 0.000000e+00 0.000000e+00 0.000000e+00 0.000000e+00 0.000000e+00 0.000000e+00 0.000000e+00 0.000000e+00 0.000000e+00 0.000000e+00 4.660109e-01
8.000000e+01 DIA 2.941458e+11 6.489705e-11 0.000000e+00 0.000000e+00 0.000000e+00 0.000000e+00 4.153650e-04 0.000000e+00 1.685144e-05 0.000000e+00 0.000000e+00 0.000000e+00 4.390121e+00 5.066088e-01 0.000000e+00 0.000000e+00 0.000000e+00 0.000000e+00 0.000000e+00 4.897162e+00
8.000000e+01 GRN 2.360444e+11 3.245934e-11 0.000000e+00 0.000000e+00 0.000000e+00 0.000000e+00 4.458728e-04 0.000000e+00 1.695789e-05 0.000000e+00 0.000000e+00 0.000000e+00 4.433361e+00 5.114368e-01 0.000000e+00 0.000000e+00 0.000000e+00 0.000000e+00 0.000000e+00 4.945261e+00
8.000000e+01 CAL 3.572968e+12 1.096876e-09 0.000000e+00 0.000000e+00 3.649034e-03 6.647639e-03 5.281329e-02 3.075910e-04 2.948440e-03 0.000000e+00 0.000000e+00 0.000000e+00 0.000000e+00 0.000000e+00 0.000000e+00 0.000000e+00 0.000000e+00 0.000000e+00 0.000000e+00 6.636599e-02
8.000000e+01 ROT 3.447265e+11 6.622896e-10 0.000000e+00 0.000000e+00 3.687545e-03 6.717444e-03 4.300519e-02 3.108882e-04 2.977723e-03 0.000000e+00 0.000000e+00 0.000000e+00 0.000000e+00 0.000000e+00 0.000000e+00 0.000000e+00 0.000000e+00 0.000000e+00 0.000000e+00 5.669879e-02
8.000000e+01 PB 2.798627e+09 0.000000e+00 0.000000e+00 0.000000e+00 0.000000e+00 1.234702e-04 0.000000e+00 2.260569e-04 0.000000e+00 0.000000e+00 0.000000e+00 0.000000e+00 2.246244e+01 2.525791e+00 0.000000e+00 0.000000e+00 0.000000e+00 0.000000e+00 0.000000e+00 2.498859e+01
8.000000e+01 BB 2.674860e+06 0.000000e+00 0.000000e+00 0.000000e+00 0.000000e+00 0.000000e+00 0.000000e+00 0.000000e+00 0.000000e+00 0.000000e+00 0.000000e+00 0.000000e+00 0.000000e+00 0.000000e+00 0.000000e+00 0.000000e+00 0.000000e+00 0.000000e+00 0.000000e+00 0.000000e+00
8.000000e+01 DL 1.111456e+11 0.000000e+00 0.000000e+00 0.000000e+00 0.000000e+00 4.059637e-05 0.000000e+00 5.713894e-05 5.768390e-05 1.021790e-03 0.000000e+00 0.000000e+00 8.364754e+00 9.475123e-01 0.000000e+00 0.000000e+00 0.000000e+00 0.000000e+00 0.000000e+00 9.313443e+00
8.000000e+01 DR 3.453169e+09 0.000000e+00 0.000000e+00 0.000000e+00 0.000000e+00 2.088665e-04 0.000000e+00 3.462751e-04 1.247512e-03 1.515810e-02 0.000000e+00 0.000000e+00 2.516574e+01 2.830772e+00 0.000000e+00 0.000000e+00 0.000000e+00 0.000000e+00 0.000000e+00 2.801348e+01
8.000000e+01 DC 1.943695e+09 0.000000e+00 0.000000e+00 0.000000e+00 0.000000e+00 3.079298e-05 0.000000e+00 2.969804e-05 1.532616e-05 6.671531e-05 0.000000e+00 0.000000e+00 1.609249e+00 1.891071e-01 0.000000e+00 0.000000e+00 0.000000e+00 0.000000e+00 0.000000e+00 1.798498e+00
8.500000e+01 WAE 3.025863e+06 0.000000e+00 0.000000e+00 0.000000e+00 4.144076e+01 0.000000e+00 0.000000e+00 0.000000e+00 0.000000e+00 0.000000e+00 0.000000e+00 0.000000e+00 0.000000e+00 0.000000e+00 0.000000e+00 0.000000e+00 0.000000e+00 0.000000e+00 0.000000e+00 4.144076e+01
8.500000e+01 YPH 2.517298e+07 0.000000e+00 0.000000e+00 0.000000e+00 8.752692e+01 3.659805e-02 0.000000e+00 0.000000e+00 0.000000e+00 0.000000e+00 0.000000e+00 0.000000e+00 0.000000e+00 0.000000e+00 0.000000e+00 0.000000e+00 0.000000e+00 0.000000e+00 0.000000e+00 8.756352e+01
8.500000e+01 GZS 1.829812e+07 0.000000e+00 0.000000e+00 0.000000e+00 1.135160e+02 0.000000e+00 0.000000e+00 0.000000e+00 0.000000e+00 0.000000e+00 0.000000e+00 0.000000e+00 0.000000e+00 0.000000e+00 0.000000e+00 0.000000e+00 0.000000e+00 0.000000e+00 0.000000e+00 1.135160e+02
8.500000e+01 RDG 2.231491e+06 0.000000e+00 0.000000e+00 0.000000e+00 4.735485e+01 4.197821e-02 0.000000e+00 0.000000e+00 0.000000e+00 0.000000e+00 0.000000e+00 0.000000e+00 0.000000e+00 0.000000e+00 0.000000e+00 0.000000e+00 0.000000e+00 0.000000e+00 0.000000e+00 4.739683e+01
8.500000e+01 DRE 5.199688e+10 9.896929e-08 0.000000e+00 0.000000e+00 3.504419e-03 3.226254e-03 0.000000e+00 4.094242e-04 0.000000e+00 0.000000e+00 0.000000e+00 0.000000e+00 0.000000e+00 0.000000e+00 0.000000e+00 0.000000e+00 0.000000e+00 0.000000e+00 0.000000e+00 7.140098e-03
8.500000e+01 CHI 1.152187e+09 3.054661e-09 2.955694e-13 0.000000e+00 4.122634e-02 6.591319e-02 3.857937e-01 4.878898e-03 0.000000e+00 0.000000e+00 0.000000e+00 0.000000e+00 0.000000e+00 0.000000e+00 0.000000e+00 0.000000e+00 0.000000e+00 0.000000e+00 0.000000e+00 4.978121e-01
8.500000e+01 DIA 2.941458e+11 6.108177e-11 0.000000e+00 0.000000e+00 0.000000e+00 0.000000e+00 3.995428e-04 0.000000e+00 1.588445e-05 0.000000e+00 0.000000e+00 0.000000e+00 4.141044e+00 4.778332e-01 0.000000e+00 0.000000e+00 0.000000e+00 0.000000e+00 0.000000e+00 4.619292e+00
8.500000e+01 GRN 2.360444e+11 3.055133e-11 0.000000e+00 0.000000e+00 0.000000e+00 0.000000e+00 4.303755e-04 0.000000e+00 1.599060e-05 0.000000e+00 0.000000e+00 0.000000e+00 4.183996e+00 4.826296e-01 0.000000e+00 0.000000e+00 0.000000e+00 0.000000e+00 0.000000e+00 4.667072e+00
8.500000e+01 CAL 3.572968e+12 1.064699e-09 0.000000e+00 0.000000e+00 3.717121e-03 6.749713e-03 5.733831e-02 3.167316e-04 2.942236e-03 0.000000e+00 0.000000e+00 0.000000e+00 0.000000e+00 0.000000e+00 0.000000e+00 0.000000e+00 0.000000e+00 0.000000e+00 0.000000e+00 7.106411e-02
8.500000e+01 ROT 3.447265e+11 6.430135e-10 0.000000e+00 0.000000e+00 3.757379e-03 6.822409e-03 4.749175e-02 3.202212e-04 2.972169e-03 0.000000e+00 0.000000e+00 0.000000e+00 0.000000e+00 0.000000e+00 0.000000e+00 0.000000e+00 0.000000e+00 0.000000e+00 0.000000e+00 6.136393e-02
8.500000e+01 PB 2.798627e+09 0.000000e+00 0.000000e+00 0.000000e+00 0.000000e+00 1.247135e-04 0.000000e+00 2.282576e-04 0.000000e+00 0.000000e+00 0.000000e+00 0.000000e+00 2.200807e+01 2.474172e+00 0.000000e+00 0.000000e+00 0.000000e+00 0.000000e+00 0.000000e+00 2.448260e+01
8.500000e+01 BB 2.674860e+06 0.000000e+00 0.000000e+00 0.000000e+00 0.000000e+00 0.000000e+00 0.000000e+00 0.000000e+00 0.000000e+00 0.000000e+00 0.000000e+00 0.000000e+00 0.000000e+00 0.000000e+00 0.000000e+00 0.000000e+00 0.000000e+00 0.000000e+00 0.000000e+00 0.000000e+00
8.500000e+01 DL 1.111456e+11 0.000000e+00 0.000000e+00 0.000000e+00 0.000000e+00 3.967340e-05 0.000000e+00 5.631022e-05 5.465639e-05 1.018851e-03 0.000000e+00 0.000000e+00 7.945853e+00 8.999564e-01 0.000000e+00 0.000000e+00 0.000000e+00 0.000000e+00 0.000000e+00 8.846979e+00
8.500000e+01 DR 3.453169e+09 0.000000e+00 0.000000e+00 0.000000e+00 0.000000e+00 2.165968e-04 0.000000e+00 3.607025e-04 1.208651e-03 1.552815e-02 0.000000e+00 0.000000e+00 2.460683e+01 2.767306e+00 0.000000e+00 0.000000e+00 0.000000e+00 0.000000e+00 0.000000e+00 2.739145e+01
8.500000e+01 DC 1.943695e+09 0.000000e+00 0.000000e+00 0.000000e+00 0.000000e+00 2.898163e-05 0.000000e+00 2.795110e-05 1.442462e-05 6.279088e-05 0.000000e+00 0.000000e+00 1.514587e+00 1.779832e-01 0.000000e+00 0.000000e+00 0.000000e+00 0.000000e+00 0.000000e+00 1.692704e+00
9.000000e+01 WAE 3.025863e+06 0.000000e+00 0.000000e+00 0.000000e+00 4.023772e+01 0.000000e+00 0.000000e+00 0.000000e+00 0.000000e+00 0.000000e+00 0.000000e+00 0.000000e+00 0.000000e+00 0.000000e+00 0.000000e+00 0.000000e+00 0.000000e+00 0.000000e+00 0.000000e+00 4.023772e+01
9.000000e+01 YPH 2.517298e+07 0.000000e+00 0.000000e+00 0.000000e+00 8.992106e+01 3.628190e-02 0.000000e+00 0.000000e+00 0.000000e+00 0.000000e+00 0.000000e+00 0.000000e+00 0.000000e+00 0.000000e+00 0.000000e+00 0.000000e+00 0.000000e+00 0.000000e+00 0.000000e+00 8.995735e+01
9.000000e+01 GZS 1.829812e+07 0.000000e+00 0.000000e+00 0.000000e+00 1.090340e+02 0.000000e+00 0.000000e+00 0.000000e+00 0.000000e+00 0.000000e+00 0.000000e+00 0.000000e+00 0.000000e+00 0.000000e+00 0.000000e+00 0.000000e+00 0.000000e+00 0.000000e+00 0.000000e+00 1.090340e+02
9.000000e+01 RDG 2.231491e+06 0.000000e+00 0.000000e+00 0.000000e+00 4.906571e+01 4.153954e-02 0.000000e+00 0.000000e+00 0.000000e+00 0.000000e+00 0.000000e+00 0.000000e+00 0.000000e+00 0.000000e+00 0.000000e+00 0.000000e+00 0.000000e+00 0.000000e+00 0.000000e+00 4.910725e+01
9.000000e+01 DRE 5.199688e+10 9.607707e-08 0.000000e+00 0.000000e+00 3.534052e-03 3.282415e-03 0.000000e+00 4.196559e-04 0.000000e+00 0.000000e+00 0.000000e+00 0.000000e+00 0.000000e+00 0.000000e+00 0.000000e+00 0.000000e+00 0.000000e+00 0.000000e+00 0.000000e+00 7.236123e-03
9.000000e+01 CHI 1.152187e+09 3.032120e-09 2.914549e-13 0.000000e+00 4.140144e-02 6.623857e-02 4.198229e-01 4.959769e-03 0.000000e+00 0.000000e+00 0.000000e+00 0.000000e+00 0.000000e+00 0.000000e+00 0.000000e+00 0.000000e+00 0.000000e+00 0.000000e+00 0.000000e+00 5.324227e-01
9.000000e+01 DIA 2.941458e+11 5.769040e-11 0.000000e+00 0.000000e+00 0.000000e+00 0.000000e+00 3.855706e-04 0.000000e+00 1.502481e-05 0.000000e+00 0.000000e+00 0.000000e+00 3.919615e+00 4.522526e-01 0.000000e+00 0.000000e+00 0.000000e+00 0.000000e+00 0.000000e+00 4.372268e+00
9.000000e+01 GRN 2.360444e+11 2.885533e-11 0.000000e+00 0.000000e+00 0.000000e+00 0.000000e+00 4.167148e-04 0.000000e+00 1.513069e-05 0.000000e+00 0.000000e+00 0.000000e+00 3.962306e+00 4.570201e-01 0.000000e+00 0.000000e+00 0.000000e+00 0.000000e+00 0.000000e+00 4.419758e+00
9.000000e+01 CAL 3.572968e+12 1.036004e-09 0.000000e+00 0.000000e+00 3.784003e-03 6.848855e-03 6.235512e-02 3.259355e-04 2.935707e-03 0.000000e+00 0.000000e+00 0.000000e+00 0.000000e+00 0.000000e+00 0.000000e+00 0.000000e+00 0.000000e+00 0.000000e+00 0.000000e+00 7.624962e-02
9.000000e+01 ROT 3.447265e+11 6.258325e-10 0.000000e+00 0.000000e+00 3.826044e-03 6.924482e-03 5.248666e-02 3.296253e-04 2.966283e-03 0.000000e+00 0.000000e+00 0.000000e+00 0.000000e+00 0.000000e+00 0.000000e+00 0.000000e+00 0.000000e+00 0.000000e+00 0.000000e+00 6.653310e-02
9.000000e+01 PB 2.798627e+09 0.000000e+00 0.000000e+00 0.000000e+00 0.000000e+00 1.260186e-04 0.000000e+00 2.304758e-04 0.000000e+00 0.000000e+00 0.000000e+00 0.000000e+00 2.160172e+01 2.428057e+00 0.000000e+00 0.000000e+00 0.000000e+00 0.000000e+00 0.000000e+00 2.403013e+01
9.000000e+01 BB 2.674860e+06 0.000000e+00 0.000000e+00 0.000000e+00 0.000000e+00 0.000000e+00 0.000000e+00 0.000000e+00 0.000000e+00 0.000000e+00 0.000000e+00 0.000000e+00 0.000000e+00 0.000000e+00 0.000000e+00 0.000000e+00 0.000000e+00 0.000000e+00 0.000000e+00 0.000000e+00
9.000000e+01 DL 1.111456e+11 0.000000e+00 0.000000e+00 0.000000e+00 0.000000e+00 3.894082e-05 0.000000e+00 5.570835e-05 5.197452e-05 1.015170e-03 0.000000e+00 0.000000e+00 7.575754e+00 8.579409e-01 0.000000e+00 0.000000e+00 0.000000e+00 0.000000e+00 0.000000e+00 8.434857e+00
9.000000e+01 DR 3.453169e+09 0.000000e+00 0.000000e+00 0.000000e+00 0.000000e+00 2.259819e-04 0.000000e+00 3.776420e-04 1.177256e-03 1.587710e-02 0.000000e+00 0.000000e+00 2.419807e+01 2.720792e+00 0.000000e+00 0.000000e+00 0.000000e+00 0.000000e+00 0.000000e+00 2.693652e+01
9.000000e+01 DC 1.943695e+09 0.000000e+00 0.000000e+00 0.000000e+00 0.000000e+00 2.737154e-05 0.000000e+00 2.639826e-05 1.362325e-05 5.930250e-05 0.000000e+00 0.000000e+00 1.430443e+00 1.680952e-01 0.000000e+00 0.000000e+00 0.000000e+00 0.000000e+00 0.000000e+00 1.598665e+00
9.500000e+01 WAE 9.607036e+08 0.000000e+00 0.000000e+00 0.000000e+00 1.233436e-01 0.000000e+00 0.000000e+00 0.000000e+00 0.000000e+00 0.000000e+00 0.000000e+00 0.000000e+00 0.000000e+00 0.000000e+00 0.000000e+00 0.000000e+00 0.000000e+00 0.000000e+00 0.000000e+00 1.233436e-01
9.500000e+01 YPH 2.517298e+07 0.000000e+00 0.000000e+00 0.000000e+00 9.191791e+01 3.533270e-02 0.000000e+00 0.000000e+00 0.000000e+00 0.000000e+00 0.000000e+00 0.000000e+00 0.000000e+00 0.000000e+00 0.000000e+00 0.000000e+00 0.000000e+00 0.000000e+00 0.000000e+00 9.195324e+01
9.500000e+01 GZS 1.829812e+07 0.000000e+00 0.000000e+00 0.000000e+00 1.048289e+02 0.000000e+00 0.000000e+00 0.000000e+00 0.000000e+00 0.000000e+00 0.000000e+00 0.000000e+00 0.000000e+00 0.000000e+00 0.000000e+00 0.000000e+00 0.000000e+00 0.000000e+00 0.000000e+00 1.048289e+02
9.500000e+01 RDG 2.231491e+06 0.000000e+00 0.000000e+00 0.000000e+00 5.055479e+01 4.123703e-02 0.000000e+00 0.000000e+00 0.000000e+00 0.000000e+00 0.000000e+00 0.000000e+00 0.000000e+00 0.000000e+00 0.000000e+00 0.000000e+00 0.000000e+00 0.000000e+00 0.000000e+00 5.059602e+01
9.500000e+01 DRE 5.199688e+10 9.348076e-08 0.000000e+00 0.000000e+00 3.550557e-03 3.337860e-03 0.000000e+00 4.299650e-04 0.000000e+00 0.000000e+00 0.000000e+00 0.000000e+00 0.000000e+00 0.000000e+00 0.000000e+00 0.000000e+00 0.000000e+00 0.000000e+00 0.000000e+00 7.318382e-03
9.500000e+01 CHI 1.152187e+09 3.008283e-09 2.871682e-13 0.000000e+00 4.153694e-02 6.652900e-02 4.568861e-01 5.038754e-03 0.000000e+00 0.000000e+00 0.000000e+00 0.000000e+00 0.000000e+00 0.000000e+00 0.000000e+00 0.000000e+00 0.000000e+00 0.000000e+00 0.000000e+00 5.699908e-01
9.500000e+01 DIA 2.941458e+11 5.465603e-11 0.000000e+00 0.000000e+00 0.000000e+00 0.000000e+00 3.731592e-04 0.000000e+00 1.425559e-05 0.000000e+00 0.000000e+00 0.000000e+00 3.721468e+00 4.293620e-01 0.000000e+00 0.000000e+00 0.000000e+00 0.000000e+00 0.000000e+00 4.151217e+00
9.500000e+01 GRN 2.360444e+11 2.733785e-11 0.000000e+00 0.000000e+00 0.000000e+00 0.000000e+00 4.046044e-04 0.000000e+00 1.436121e-05 0.000000e+00 0.000000e+00 0.000000e+00 3.763917e+00 4.341031e-01 0.000000e+00 0.000000e+00 0.000000e+00 0.000000e+00 0.000000e+00 4.198439e+00
9.500000e+01 CAL 3.572968e+12 1.010234e-09 0.000000e+00 0.000000e+00 3.850015e-03 6.945729e-03 6.792699e-02 3.352342e-04 2.928859e-03 0.000000e+00 0.000000e+00 0.000000e+00 0.000000e+00 0.000000e+00 0.000000e+00 0.000000e+00 0.000000e+00 0.000000e+00 0.000000e+00 8.198683e-02
9.500000e+01 ROT 3.447265e+11 6.104100e-10 0.000000e+00 0.000000e+00 3.893877e-03 7.024332e-03 5.805373e-02 3.391322e-04 2.960071e-03 0.000000e+00 0.000000e+00 0.000000e+00 0.000000e+00 0.000000e+00 0.000000e+00 0.000000e+00 0.000000e+00 0.000000e+00 0.000000e+00 7.227114e-02
9.500000e+01 PB 2.798627e+09 0.000000e+00 0.000000e+00 0.000000e+00 0.000000e+00 1.273839e-04 0.000000e+00 2.327215e-04 0.000000e+00 0.000000e+00 0.000000e+00 0.000000e+00 2.123554e+01 2.386550e+00 0.000000e+00 0.000000e+00 0.000000e+00 0.000000e+00 0.000000e+00 2.362245e+01
9.500000e+01 BB 2.674860e+06 0.000000e+00 0.000000e+00 0.000000e+00 0.000000e+00 0.000000e+00 0.000000e+00 0.000000e+00 0.000000e+00 0.000000e+00 0.000000e+00 0.000000e+00 0.000000e+00 0.000000e+00 0.000000e+00 0.000000e+00 0.000000e+00 0.000000e+00 0.000000e+00 0.000000e+00
9.500000e+01 DL 1.111456e+11 0.000000e+00 0.000000e+00 0.000000e+00 0.000000e+00 3.838043e-05 0.000000e+00 5.531634e-05 4.958511e-05 1.010786e-03 0.000000e+00 0.000000e+00 7.247067e+00 8.206268e-01 0.000000e+00 0.000000e+00 0.000000e+00 0.000000e+00 0.000000e+00 8.068848e+00
9.500000e+01 DR 3.453169e+09 0.000000e+00 0.000000e+00 0.000000e+00 0.000000e+00 2.371796e-04 0.000000e+00 3.973667e-04 1.152585e-03 1.620510e-02 0.000000e+00 0.000000e+00 2.392788e+01 2.689922e+00 0.000000e+00 0.000000e+00 0.000000e+00 0.000000e+00 0.000000e+00 2.663579e+01
9.500000e+01 DC 1.943695e+09 0.000000e+00 0.000000e+00 0.000000e+00 0.000000e+00 2.593093e-05 0.000000e+00 2.500888e-05 1.290624e-05 5.618132e-05 0.000000e+00 0.000000e+00 1.355157e+00 1.592481e-01 0.000000e+00 0.000000e+00 0.000000e+00 0.000000e+00 0.000000e+00 1.514525e+00
1.000000e+02 WAE 9.607036e+08 0.000000e+00 0.000000e+00 0.000000e+00 1.202589e-01 0.000000e+00 0.000000e+00 0.000000e+00 0.000000e+00 0.000000e+00 0.000000e+00 0.000000e+00 0.000000e+00 0.000000e+00 0.000000e+00 0.000000e+00 0.000000e+00 0.000000e+00 0.000000e+00 1.202589e-01
1.000000e+02 YPH 2.517298e+07 0.000000e+00 0.000000e+00 0.000000e+00 9.370808e+01 3.443021e-02 0.000000e+00 0.000000e+00 0.000000e+00 0.000000e+00 0.000000e+00 0.000000e+00 0.000000e+00 0.000000e+00 0.000000e+00 0.000000e+00 0.000000e+00 0.000000e+00 0.000000e+00 9.374251e+01
1.000000e+02 GZS 1.829812e+07 0.000000e+00 0.000000e+00 0.000000e+00 1.010033e+02 0.000000e+00 0.000000e+00 0.000000e+00 0.000000e+00 0.000000e+00 0.000000e+00 0.000000e+00 0.000000e+00 0.000000e+00 0.000000e+00 0.000000e+00 0.000000e+00 0.000000e+00 0.000000e+00 1.010033e+02
1.000000e+02 RDG 2.231491e+06 0.000000e+00 0.000000e+00 0.000000e+00 5.193858e+01 4.105558e-02 0.000000e+00 0.000000e+00 0.000000e+00 0.000000e+00 0.000000e+00 0.000000e+00 0.000000e+00 0.000000e+00 0.000000e+00 0.000000e+00 0.000000e+00 0.000000e+00 0.000000e+00 5.197963e+01
1.000000e+02 DRE 5.199688e+10 9.113598e-08 0.000000e+00 0.000000e+00 3.561719e-03 3.392983e-03 0.000000e+00 4.404067e-04 0.000000e+00 0.000000e+00 0.000000e+00 0.000000e+00 0.000000e+00 0.000000e+00 0.000000e+00 0.000000e+00 0.000000e+00 0.000000e+00 0.000000e+00 7.395109e-03
1.000000e+02 CHI 1.152187e+09 2.983035e-09 2.827014e-13 0.000000e+00 4.164297e-02 6.678099e-02 4.971347e-01 5.115418e-03 0.000000e+00 0.000000e+00 0.000000e+00 0.000000e+00 0.000000e+00 0.000000e+00 0.000000e+00 0.000000e+00 0.000000e+00 0.000000e+00 0.000000e+00 6.106740e-01
1.000000e+02 DIA 2.941458e+11 5.192509e-11 0.000000e+00 0.000000e+00 0.000000e+00 0.000000e+00 3.620781e-04 0.000000e+00 1.356323e-05 0.000000e+00 0.000000e+00 0.000000e+00 3.543106e+00 4.087576e-01 0.000000e+00 0.000000e+00 0.000000e+00 0.000000e+00 0.000000e+00 3.952240e+00
1.000000e+02 GRN 2.360444e+11 2.597211e-11 0.000000e+00 0.000000e+00 0.000000e+00 0.000000e+00 3.938161e-04 0.000000e+00 1.366859e-05 0.000000e+00 0.000000e+00 0.000000e+00 3.585331e+00 4.134744e-01 0.000000e+00 0.000000e+00 0.000000e+00 0.000000e+00 0.000000e+00 3.999213e+00
1.000000e+02 CAL 3.572968e+12 9.869386e-10 0.000000e+00 0.000000e+00 3.915432e-03 7.040924e-03 7.412380e-02 3.446594e-04 2.921694e-03 0.000000e+00 0.000000e+00 0.000000e+00 0.000000e+00 0.000000e+00 0.000000e+00 0.000000e+00 0.000000e+00 0.000000e+00 0.000000e+00 8.834651e-02
1.000000e+02 ROT 3.447265e+11 5.964761e-10 0.000000e+00 0.000000e+00 3.961157e-03 7.122557e-03 6.426375e-02 3.487745e-04 2.953536e-03 0.000000e+00 0.000000e+00 0.000000e+00 0.000000e+00 0.000000e+00 0.000000e+00 0.000000e+00 0.000000e+00 0.000000e+00 0.000000e+00 7.864977e-02
1.000000e+02 PB 2.798627e+09 0.000000e+00 0.000000e+00 0.000000e+00 0.000000e+00 1.288102e-04 0.000000e+00 2.350064e-04 0.000000e+00 0.000000e+00 0.000000e+00 0.000000e+00 2.090325e+01 2.348930e+00 0.000000e+00 0.000000e+00 0.000000e+00 0.000000e+00 0.000000e+00 2.325254e+01
1.000000e+02 BB 2.674860e+06 0.000000e+00 0.000000e+00 0.000000e+00 0.000000e+00 0.000000e+00 0.000000e+00 0.000000e+00 0.000000e+00 0.000000e+00 0.000000e+00 0.000000e+00 0.000000e+00 0.000000e+00 0.000000e+00 0.000000e+00 0.000000e+00 0.000000e+00 0.000000e+00 0.000000e+00
1.000000e+02 DL 1.111456e+11 0.000000e+00 0.000000e+00 0.000000e+00 0.000000e+00 3.798005e-05 0.000000e+00 5.512428e-05 4.744586e-05 1.005710e-03 0.000000e+00 0.000000e+00 6.953925e+00 7.873475e-01 0.000000e+00 0.000000e+00 0.000000e+00 0.000000e+00 0.000000e+00 7.742418e+00
1.000000e+02 DR 3.453169e+09 0.000000e+00 0.000000e+00 0.000000e+00 0.000000e+00 2.504007e-04 0.000000e+00 4.202275e-04 1.134115e-03 1.651187e-02 0.000000e+00 0.000000e+00 2.378881e+01 2.673854e+00 0.000000e+00 0.000000e+00 0.000000e+00 0.000000e+00 0.000000e+00 2.648098e+01
1.000000e+02 DC 1.943695e+09 0.000000e+00 0.000000e+00 0.000000e+00 0.000000e+00 2.463438e-05 0.000000e+00 2.375844e-05 1.226093e-05 5.337225e-05 0.000000e+00 0.000000e+00 1.287399e+00 1.512857e-01 0.000000e+00 0.000000e+00 0.000000e+00 0.000000e+00 0.000000e+00 1.438799e+00
1.050000e+02 WAE 9.607036e+08 0.000000e+00 0.000000e+00 0.000000e+00 1.175285e-01 0.000000e+00 0.000000e+00 0.000000e+00 0.000000e+00 0.000000e+00 0.000000e+00 0.000000e+00 0.000000e+00 0.000000e+00 0.000000e+00 0.000000e+00 0.000000e+00 0.000000e+00 0.000000e+00 1.175285e-01
1.050000e+02 YPH 1.392295e+09 0.000000e+00 0.000000e+00 0.000000e+00 1.725527e+00 6.069728e-04 0.000000e+00 0.000000e+00 0.000000e+00 0.000000e+00 0.000000e+00 0.000000e+00 0.000000e+00 0.000000e+00 0.000000e+00 0.000000e+00 0.000000e+00 0.000000e+00 0.000000e+00 1.726134e+00
1.050000e+02 GZS 1.829812e+07 0.000000e+00 0.000000e+00 0.000000e+00 9.754571e+01 0.000000e+00 0.000000e+00 0.000000e+00 0.000000e+00 0.000000e+00 0.000000e+00 0.000000e+00 0.000000e+00 0.000000e+00 0.000000e+00 0.000000e+00 0.000000e+00 0.000000e+00 0.000000e+00 9.754571e+01
1.050000e+02 RDG 2.231491e+06 0.000000e+00 0.000000e+00 0.000000e+00 5.330797e+01 4.069716e-02 0.000000e+00 0.000000e+00 0.000000e+00 0.000000e+00 0.000000e+00 0.000000e+00 0.000000e+00 0.000000e+00 0.000000e+00 0.000000e+00 0.000000e+00 0.000000e+00 0.000000e+00 5.334867e+01
1.050000e+02 DRE 5.199688e+10 8.900681e-08 0.000000e+00 0.000000e+00 3.572572e-03 3.446328e-03 0.000000e+00 4.510251e-04 0.000000e+00 0.000000e+00 0.000000e+00 0.000000e+00 0.000000e+00 0.000000e+00 0.000000e+00 0.000000e+00 0.000000e+00 0.000000e+00 0.000000e+00 7.469925e-03
1.050000e+02 CHI 1.152187e+09 2.956254e-09 2.780482e-13 0.000000e+00 4.172441e-02 6.696214e-02 5.406894e-01 5.189161e-03 0.000000e+00 0.000000e+00 0.000000e+00 0.000000e+00 0.000000e+00 0.000000e+00 0.000000e+00 0.000000e+00 0.000000e+00 0.000000e+00 0.000000e+00 6.545652e-01
1.050000e+02 DIA 2.941458e+11 4.945424e-11 0.000000e+00 0.000000e+00 0.000000e+00 0.000000e+00 3.521409e-04 0.000000e+00 1.293673e-05 0.000000e+00 0.000000e+00 0.000000e+00 3.381701e+00 3.901126e-01 0.000000e+00 0.000000e+00 0.000000e+00 0.000000e+00 0.000000e+00 3.772178e+00
1.050000e+02 GRN 2.360444e+11 2.473645e-11 0.000000e+00 0.000000e+00 0.000000e+00 0.000000e+00 3.841655e-04 0.000000e+00 1.304184e-05 0.000000e+00 0.000000e+00 0.000000e+00 3.423716e+00 3.948065e-01 0.000000e+00 0.000000e+00 0.000000e+00 0.000000e+00 0.000000e+00 3.818919e+00
1.050000e+02 CAL 3.572968e+12 9.657538e-10 0.000000e+00 0.000000e+00 3.980477e-03 7.124880e-03 8.102331e-02 3.542336e-04 2.914205e-03 0.000000e+00 0.000000e+00 0.000000e+00 0.000000e+00 0.000000e+00 0.000000e+00 0.000000e+00 0.000000e+00 0.000000e+00 0.000000e+00 9.539710e-02
1.050000e+02 ROT 3.447265e+11 5.838115e-10 0.000000e+00 0.000000e+00 4.028112e-03 7.209438e-03 7.119583e-02 3.585750e-04 2.946669e-03 0.000000e+00 0.000000e+00 0.000000e+00 0.000000e+00 0.000000e+00 0.000000e+00 0.000000e+00 0.000000e+00 0.000000e+00 0.000000e+00 8.573863e-02
1.050000e+02 PB 2.798627e+09 0.000000e+00 0.000000e+00 0.000000e+00 0.000000e+00 1.302519e-04 0.000000e+00 2.373386e-04 0.000000e+00 0.000000e+00 0.000000e+00 0.000000e+00 2.059970e+01 2.314607e+00 0.000000e+00 0.000000e+00 0.000000e+00 0.000000e+00 0.000000e+00 2.291467e+01
1.050000e+02 BB 2.674860e+06 0.000000e+00 0.000000e+00 0.000000e+00 0.000000e+00 0.000000e+00 0.000000e+00 0.000000e+00 0.000000e+00 0.000000e+00 0.000000e+00 0.000000e+00 0.000000e+00 0.000000e+00 0.000000e+00 0.000000e+00 0.000000e+00 0.000000e+00 0.000000e+00 0.000000e+00
1.050000e+02 DL 1.111456e+11 0.000000e+00 0.000000e+00 0.000000e+00 0.000000e+00 3.772233e-05 0.000000e+00 5.512701e-05 4.552269e-05 9.999337e-04 0.000000e+00 0.000000e+00 6.691616e+00 7.575682e-01 0.000000e+00 0.000000e+00 0.000000e+00 0.000000e+00 0.000000e+00 7.450322e+00
1.050000e+02 DR 3.453169e+09 0.000000e+00 0.000000e+00 0.000000e+00 0.000000e+00 2.657219e-04 0.000000e+00 4.466152e-04 1.121481e-03 1.679673e-02 0.000000e+00 0.000000e+00 2.377613e+01 2.672053e+00 0.000000e+00 0.000000e+00 0.000000e+00 0.000000e+00 0.000000e+00 2.646681e+01
1.050000e+02 DC 1.943695e+09 0.000000e+00 0.000000e+00 0.000000e+00 0.000000e+00 2.346132e-05 0.000000e+00 2.262708e-05 1.167707e-05 5.083071e-05 0.000000e+00 0.000000e+00 1.226094e+00 1.440816e-01 0.000000e+00 0.000000e+00 0.000000e+00 0.000000e+00 0.000000e+00 1.370284e+00
1.100000e+02 WAE 3.004147e+05 0.000000e+00 0.000000e+00 0.000000e+00 5.102972e+03 0.000000e+00 0.000000e+00 0.000000e+00 0.000000e+00 0.000000e+00 0.000000e+00 0.000000e+00 0.000000e+00 0.000000e+00 0.000000e+00 0.000000e+00 0.000000e+00 0.000000e+00 0.000000e+00 5.102972e+03
1.100000e+02 YPH 3.914344e+06 0.000000e+00 0.000000e+00 0.000000e+00 1.911188e+02 1.558670e-02 0.000000e+00 0.000000e+00 0.000000e+00 0.000000e+00 0.000000e+00 0.000000e+00 0.000000e+00 0.000000e+00 0.000000e+00 0.000000e+00 0.000000e+00 0.000000e+00 0.000000e+00 1.911344e+02
1.100000e+02 GZS 1.829812e+07 0.000000e+00 0.000000e+00 0.000000e+00 9.387422e+01 0.000000e+00 0.000000e+00 0.000000e+00 0.000000e+00 0.000000e+00 0.000000e+00 0.000000e+00 0.000000e+00 0.000000e+00 0.000000e+00 0.000000e+00 0.000000e+00 0.000000e+00 0.000000e+00 9.387422e+01
1.100000e+02 RDG 2.231491e+06 0.000000e+00 0.000000e+00 0.000000e+00 5.490338e+01 4.013461e-02 0.000000e+00 0.000000e+00 0.000000e+00 0.000000e+00 0.000000e+00 0.000000e+00 0.000000e+00 0.000000e+00 0.000000e+00 0.000000e+00 0.000000e+00 0.000000e+00 0.000000e+00 5.494352e+01
1.100000e+02 DRE 5.199688e+10 8.706385e-08 0.000000e+00 0.000000e+00 3.630113e-03 3.485134e-03 0.000000e+00 4.618555e-04 0.000000e+00 0.000000e+00 0.000000e+00 0.000000e+00 0.000000e+00 0.000000e+00 0.000000e+00 0.000000e+00 0.000000e+00 0.000000e+00 0.000000e+00 7.577103e-03
1.100000e+02 CHI 1.152187e+09 2.927805e-09 2.732030e-13 0.000000e+00 4.369041e-02 6.687522e-02 5.876194e-01 5.259211e-03 0.000000e+00 0.000000e+00 0.000000e+00 0.000000e+00 0.000000e+00 0.000000e+00 0.000000e+00 0.000000e+00 0.000000e+00 0.000000e+00 0.000000e+00 7.034442e-01
1.100000e+02 DIA 2.941458e+11 4.720801e-11 0.000000e+00 0.000000e+00 0.000000e+00 0.000000e+00 3.431959e-04 0.000000e+00 1.236713e-05 0.000000e+00 0.000000e+00 0.000000e+00 3.234936e+00 3.731593e-01 0.000000e+00 0.000000e+00 0.000000e+00 0.000000e+00 0.000000e+00 3.608451e+00
1.100000e+02 GRN 2.360444e+11 2.361312e-11 0.000000e+00 0.000000e+00 0.000000e+00 0.000000e+00 3.755029e-04 0.000000e+00 1.247200e-05 0.000000e+00 0.000000e+00 0.000000e+00 3.276751e+00 3.778316e-01 0.000000e+00 0.000000e+00 0.000000e+00 0.000000e+00 0.000000e+00 3.654971e+00
1.100000e+02 CAL 3.572968e+12 9.463794e-10 0.000000e+00 0.000000e+00 4.307927e-03 7.188137e-03 8.871220e-02 3.639716e-04 2.906376e-03 0.000000e+00 0.000000e+00 0.000000e+00 0.000000e+00 0.000000e+00 0.000000e+00 0.000000e+00 0.000000e+00 0.000000e+00 0.000000e+00 1.034786e-01
1.100000e+02 ROT 3.447265e+11 5.722356e-10 0.000000e+00 0.000000e+00 4.361972e-03 7.275340e-03 7.893843e-02 3.685491e-04 2.939455e-03 0.000000e+00 0.000000e+00 0.000000e+00 0.000000e+00 0.000000e+00 0.000000e+00 0.000000e+00 0.000000e+00 0.000000e+00 0.000000e+00 9.388375e-02
1.100000e+02 PB 2.798627e+09 0.000000e+00 0.000000e+00 0.000000e+00 0.000000e+00 1.312847e-04 0.000000e+00 2.397212e-04 0.000000e+00 0.000000e+00 0.000000e+00 0.000000e+00 2.032064e+01 2.283095e+00 0.000000e+00 0.000000e+00 0.000000e+00 0.000000e+00 0.000000e+00 2.260411e+01
1.100000e+02 BB 2.674860e+06 0.000000e+00 0.000000e+00 0.000000e+00 0.000000e+00 0.000000e+00 0.000000e+00 0.000000e+00 0.000000e+00 0.000000e+00 0.000000e+00 0.000000e+00 0.000000e+00 0.000000e+00 0.000000e+00 0.000000e+00 0.000000e+00 0.000000e+00 0.000000e+00 0.000000e+00
1.100000e+02 DL 1.111456e+11 0.000000e+00 0.000000e+00 0.000000e+00 0.000000e+00 3.751147e-05 0.000000e+00 5.533231e-05 4.378885e-05 9.934300e-04 0.000000e+00 0.000000e+00 6.456545e+00 7.308803e-01 0.000000e+00 0.000000e+00 0.000000e+00 0.000000e+00 0.000000e+00 7.188556e+00
1.100000e+02 DR 3.453169e+09 0.000000e+00 0.000000e+00 0.000000e+00 0.000000e+00 2.817994e-04 0.000000e+00 4.775180e-04 1.114935e-03 1.705860e-02 0.000000e+00 0.000000e+00 2.390041e+01 2.685707e+00 0.000000e+00 0.000000e+00 0.000000e+00 0.000000e+00 0.000000e+00 2.660505e+01
1.100000e+02 DC 1.943695e+09 0.000000e+00 0.000000e+00 0.000000e+00 0.000000e+00 2.239489e-05 0.000000e+00 2.159858e-05 1.114630e-05 4.852023e-05 0.000000e+00 0.000000e+00 1.170363e+00 1.375325e-01 0.000000e+00 0.000000e+00 0.000000e+00 0.000000e+00 0.000000e+00 1.307999e+00
1.150000e+02 WAE 3.004147e+05 0.000000e+00 0.000000e+00 0.000000e+00 1.031001e+04 0.000000e+00 0.000000e+00 0.000000e+00 0.000000e+00 0.000000e+00 0.000000e+00 0.000000e+00 0.000000e+00 0.000000e+00 0.000000e+00 0.000000e+00 0.000000e+00 0.000000e+00 0.000000e+00 1.031001e+04
1.150000e+02 YPH 3.914344e+06 0.000000e+00 0.000000e+00 0.000000e+00 3.749203e+02 1.074863e-01 0.000000e+00 0.000000e+00 0.000000e+00 0.000000e+00 0.000000e+00 0.000000e+00 0.000000e+00 0.000000e+00 0.000000e+00 0.000000e+00 0.000000e+00 0.000000e+00 0.000000e+00 3.750278e+02
1.150000e+02 GZS 1.829812e+07 0.000000e+00 0.000000e+00 0.000000e+00 9.004265e+01 0.000000e+00 0.000000e+00 0.000000e+00 0.000000e+00 0.000000e+00 0.000000e+00 0.000000e+00 0.000000e+00 0.000000e+00 0.000000e+00 0.000000e+00 0.000000e+00 0.000000e+00 0.000000e+00 9.004265e+01
1.150000e+02 RDG 2.231491e+06 0.000000e+00 0.000000e+00 0.000000e+00 5.604943e+01 3.977871e-02 0.000000e+00 0.000000e+00 0.000000e+00 0.000000e+00 0.000000e+00 0.000000e+00 0.000000e+00 0.000000e+00 0.000000e+00 0.000000e+00 0.000000e+00 0.000000e+00 0.000000e+00 5.608921e+01
1.150000e+02 DRE 5.199688e+10 8.528283e-08 0.000000e+00 0.000000e+00 3.686063e-03 3.424405e-03 0.000000e+00 4.729502e-04 0.000000e+00 0.000000e+00 0.000000e+00 0.000000e+00 0.000000e+00 0.000000e+00 0.000000e+00 0.000000e+00 0.000000e+00 0.000000e+00 0.000000e+00 7.583418e-03
1.150000e+02 CHI 1.152187e+09 2.897368e-09 2.681373e-13 0.000000e+00 5.330981e-02 6.528178e-02 6.377993e-01 5.324277e-03 0.000000e+00 0.000000e+00 0.000000e+00 0.000000e+00 0.000000e+00 0.000000e+00 0.000000e+00 0.000000e+00 0.000000e+00 0.000000e+00 0.000000e+00 7.617152e-01
1.150000e+02 DIA 2.941458e+11 4.515711e-11 0.000000e+00 0.000000e+00 0.000000e+00 0.000000e+00 3.351201e-04 0.000000e+00 1.184700e-05 0.000000e+00 0.000000e+00 0.000000e+00 3.100896e+00 3.576765e-01 0.000000e+00 0.000000e+00 0.000000e+00 0.000000e+00 0.000000e+00 3.458919e+00
1.150000e+02 GRN 2.360444e+11 2.258747e-11 0.000000e+00 0.000000e+00 0.000000e+00 0.000000e+00 3.677075e-04 0.000000e+00 1.195163e-05 0.000000e+00 0.000000e+00 0.000000e+00 3.142520e+00 3.623281e-01 0.000000e+00 0.000000e+00 0.000000e+00 0.000000e+00 0.000000e+00 3.505228e+00
1.150000e+02 CAL 3.572968e+12 9.285598e-10 0.000000e+00 0.000000e+00 5.812015e-03 7.106266e-03 9.728645e-02 3.738904e-04 2.898161e-03 0.000000e+00 0.000000e+00 0.000000e+00 0.000000e+00 0.000000e+00 0.000000e+00 0.000000e+00 0.000000e+00 0.000000e+00 0.000000e+00 1.134768e-01
1.150000e+02 ROT 3.447265e+11 5.615944e-10 0.000000e+00 0.000000e+00 5.893044e-03 7.193673e-03 8.758970e-02 3.787145e-04 2.931846e-03 0.000000e+00 0.000000e+00 0.000000e+00 0.000000e+00 0.000000e+00 0.000000e+00 0.000000e+00 0.000000e+00 0.000000e+00 0.000000e+00 1.039870e-01
1.150000e+02 PB 2.798627e+09 0.000000e+00 0.000000e+00 0.000000e+00 0.000000e+00 1.286110e-04 0.000000e+00 2.421596e-04 0.000000e+00 0.000000e+00 0.000000e+00 0.000000e+00 2.006236e+01 2.253968e+00 0.000000e+00 0.000000e+00 0.000000e+00 0.000000e+00 0.000000e+00 2.231670e+01
1.150000e+02 BB 2.674860e+06 0.000000e+00 0.000000e+00 0.000000e+00 0.000000e+00 0.000000e+00 0.000000e+00 0.000000e+00 0.000000e+00 0.000000e+00 0.000000e+00 0.000000e+00 0.000000e+00 0.000000e+00 0.000000e+00 0.000000e+00 0.000000e+00 0.000000e+00 0.000000e+00 0.000000e+00
1.150000e+02 DL 1.111456e+11 0.000000e+00 0.000000e+00 0.000000e+00 0.000000e+00 3.660278e-05 0.000000e+00 5.582455e-05 4.222965e-05 9.860962e-04 0.000000e+00 0.000000e+00 6.247491e+00 7.071425e-01 0.000000e+00 0.000000e+00 0.000000e+00 0.000000e+00 0.000000e+00 6.955755e+00
1.150000e+02 DR 3.453169e+09 0.000000e+00 0.000000e+00 0.000000e+00 0.000000e+00 2.844565e-04 0.000000e+00 5.166878e-04 1.117000e-03 1.729527e-02 0.000000e+00 0.000000e+00 2.423411e+01 2.722947e+00 0.000000e+00 0.000000e+00 0.000000e+00 0.000000e+00 0.000000e+00 2.697627e+01
1.150000e+02 DC 1.943695e+09 0.000000e+00 0.000000e+00 0.000000e+00 0.000000e+00 2.142120e-05 0.000000e+00 2.065951e-05 1.066168e-05 4.641065e-05 0.000000e+00 0.000000e+00 1.119477e+00 1.315528e-01 0.000000e+00 0.000000e+00 0.000000e+00 0.000000e+00 0.000000e+00 1.251129e+00
1.200000e+02 WAE 3.004147e+05 0.000000e+00 0.000000e+00 0.000000e+00 1.321936e+04 0.000000e+00 0.000000e+00 0.000000e+00 0.000000e+00 0.000000e+00 0.000000e+00 0.000000e+00 0.000000e+00 0.000000e+00 0.000000e+00 0.000000e+00 0.000000e+00 0.000000e+00 0.000000e+00 1.321936e+04
1.200000e+02 YPH 3.914344e+06 0.000000e+00 0.000000e+00 0.000000e+00 4.899173e+02 2.038684e-01 0.000000e+00 0.000000e+00 0.000000e+00 0.000000e+00 0.000000e+00 0.000000e+00 0.000000e+00 0.000000e+00 0.000000e+00 0.000000e+00 0.000000e+00 0.000000e+00 0.000000e+00 4.901212e+02
1.200000e+02 GZS 1.829812e+07 0.000000e+00 0.000000e+00 0.000000e+00 8.644603e+01 0.000000e+00 0.000000e+00 0.000000e+00 0.000000e+00 0.000000e+00 0.000000e+00 0.000000e+00 0.000000e+00 0.000000e+00 0.000000e+00 0.000000e+00 0.000000e+00 0.000000e+00 0.000000e+00 8.644603e+01
1.200000e+02 RDG 2.231491e+06 0.000000e+00 0.000000e+00 0.000000e+00 5.711662e+01 3.951304e-02 0.000000e+00 0.000000e+00 0.000000e+00 0.000000e+00 0.000000e+00 0.000000e+00 0.000000e+00 0.000000e+00 0.000000e+00 0.000000e+00 0.000000e+00 0.000000e+00 0.000000e+00 5.715613e+01
1.200000e+02 DRE 5.199688e+10 8.364353e-08 0.000000e+00 0.000000e+00 3.734579e-03 3.400916e-03 0.000000e+00 4.843683e-04 0.000000e+00 0.000000e+00 0.000000e+00 0.000000e+00 0.000000e+00 0.000000e+00 0.000000e+00 0.000000e+00 0.000000e+00 0.000000e+00 0.000000e+00 7.619863e-03
1.200000e+02 CHI 1.152187e+09 2.864508e-09 2.628153e-13 0.000000e+00 6.929649e-02 6.420049e-02 6.908627e-01 5.382554e-03 0.000000e+00 0.000000e+00 0.000000e+00 0.000000e+00 0.000000e+00 0.000000e+00 0.000000e+00 0.000000e+00 0.000000e+00 0.000000e+00 0.000000e+00 8.297422e-01
1.200000e+02 DIA 2.941458e+11 4.327711e-11 0.000000e+00 0.000000e+00 0.000000e+00 0.000000e+00 3.278126e-04 0.000000e+00 1.137015e-05 0.000000e+00 0.000000e+00 0.000000e+00 2.977984e+00 3.434795e-01 0.000000e+00 0.000000e+00 0.000000e+00 0.000000e+00 0.000000e+00 3.321802e+00
1.200000e+02 GRN 2.360444e+11 2.164729e-11 0.000000e+00 0.000000e+00 0.000000e+00 0.000000e+00 3.606806e-04 0.000000e+00 1.147455e-05 0.000000e+00 0.000000e+00 0.000000e+00 3.019422e+00 3.481111e-01 0.000000e+00 0.000000e+00 0.000000e+00 0.000000e+00 0.000000e+00 3.367905e+00
1.200000e+02 CAL 3.572968e+12 9.120753e-10 0.000000e+00 0.000000e+00 8.409015e-03 7.080815e-03 1.068521e-01 3.840025e-04 2.889486e-03 0.000000e+00 0.000000e+00 0.000000e+00 0.000000e+00 0.000000e+00 0.000000e+00 0.000000e+00 0.000000e+00 0.000000e+00 0.000000e+00 1.256154e-01
1.200000e+02 ROT 3.447265e+11 5.517558e-10 0.000000e+00 0.000000e+00 8.537404e-03 7.169413e-03 9.725837e-02 3.890843e-04 2.923768e-03 0.000000e+00 0.000000e+00 0.000000e+00 0.000000e+00 0.000000e+00 0.000000e+00 0.000000e+00 0.000000e+00 0.000000e+00 0.000000e+00 1.162780e-01
1.200000e+02 PB 2.798627e+09 0.000000e+00 0.000000e+00 0.000000e+00 0.000000e+00 1.273320e-04 0.000000e+00 2.446686e-04 0.000000e+00 0.000000e+00 0.000000e+00 0.000000e+00 1.982157e+01 2.226853e+00 0.000000e+00 0.000000e+00 0.000000e+00 0.000000e+00 0.000000e+00 2.204880e+01
1.200000e+02 BB 2.674860e+06 0.000000e+00 0.000000e+00 0.000000e+00 0.000000e+00 0.000000e+00 0.000000e+00 0.000000e+00 0.000000e+00 0.000000e+00 0.000000e+00 0.000000e+00 0.000000e+00 0.000000e+00 0.000000e+00 0.000000e+00 0.000000e+00 0.000000e+00 0.000000e+00 0.000000e+00
1.200000e+02 DL 1.111456e+11 0.000000e+00 0.000000e+00 0.000000e+00 0.000000e+00 3.615620e-05 0.000000e+00 5.665430e-05 4.083038e-05 9.777804e-04 0.000000e+00 0.000000e+00 6.062717e+00 6.861567e-01 0.000000e+00 0.000000e+00 0.000000e+00 0.000000e+00 0.000000e+00 6.749985e+00
1.200000e+02 DR 3.453169e+09 0.000000e+00 0.000000e+00 0.000000e+00 0.000000e+00 2.967709e-04 0.000000e+00 5.660589e-04 1.128506e-03 1.750304e-02 0.000000e+00 0.000000e+00 2.480139e+01 2.786501e+00 0.000000e+00 0.000000e+00 0.000000e+00 0.000000e+00 0.000000e+00 2.760739e+01
1.200000e+02 DC 1.943695e+09 0.000000e+00 0.000000e+00 0.000000e+00 0.000000e+00 2.052865e-05 0.000000e+00 1.979870e-05 1.021744e-05 4.447687e-05 0.000000e+00 0.000000e+00 1.072832e+00 1.260714e-01 0.000000e+00 0.000000e+00 0.000000e+00 0.000000e+00 0.000000e+00 1.198999e+00
1.250000e+02 WAE 3.004147e+05 0.000000e+00 0.000000e+00 0.000000e+00 1.513875e+04 0.000000e+00 0.000000e+00 0.000000e+00 0.000000e+00 0.000000e+00 0.000000e+00 0.000000e+00 0.000000e+00 0.000000e+00 0.000000e+00 0.000000e+00 0.000000e+00 0.000000e+00 0.000000e+00 1.513875e+04
1.250000e+02 YPH 3.914344e+06 0.000000e+00 0.000000e+00 0.000000e+00 6.744225e+02 3.030873e-01 0.000000e+00 0.000000e+00 0.000000e+00 0.000000e+00 0.000000e+00 0.000000e+00 0.000000e+00 0.000000e+00 0.000000e+00 0.000000e+00 0.000000e+00 0.000000e+00 0.000000e+00 6.747256e+02
1.250000e+02 GZS 1.829812e+07 0.000000e+00 0.000000e+00 0.000000e+00 8.310831e+01 0.000000e+00 0.000000e+00 0.000000e+00 0.000000e+00 0.000000e+00 0.000000e+00 0.000000e+00 0.000000e+00 0.000000e+00 0.000000e+00 0.000000e+00 0.000000e+00 0.000000e+00 0.000000e+00 8.310831e+01
1.250000e+02 RDG 2.231491e+06 0.000000e+00 0.000000e+00 0.000000e+00 5.851848e+01 3.932452e-02 0.000000e+00 0.000000e+00 0.000000e+00 0.000000e+00 0.000000e+00 0.000000e+00 0.000000e+00 0.000000e+00 0.000000e+00 0.000000e+00 0.000000e+00 0.000000e+00 0.000000e+00 5.855780e+01
1.250000e+02 DRE 5.199688e+10 8.212894e-08 0.000000e+00 0.000000e+00 3.776599e-03 3.411213e-03 0.000000e+00 4.961523e-04 0.000000e+00 0.000000e+00 0.000000e+00 0.000000e+00 0.000000e+00 0.000000e+00 0.000000e+00 0.000000e+00 0.000000e+00 0.000000e+00 0.000000e+00 7.683965e-03
1.250000e+02 CHI 1.152187e+09 2.828856e-09 2.572212e-13 0.000000e+00 9.018497e-02 6.352171e-02 7.462493e-01 5.432010e-03 0.000000e+00 0.000000e+00 0.000000e+00 0.000000e+00 0.000000e+00 0.000000e+00 0.000000e+00 0.000000e+00 0.000000e+00 0.000000e+00 0.000000e+00 9.053880e-01
1.250000e+02 DIA 2.941458e+11 4.154751e-11 0.000000e+00 0.000000e+00 0.000000e+00 0.000000e+00 3.211897e-04 0.000000e+00 1.093139e-05 0.000000e+00 0.000000e+00 0.000000e+00 2.864856e+00 3.304131e-01 0.000000e+00 0.000000e+00 0.000000e+00 0.000000e+00 0.000000e+00 3.195601e+00
1.250000e+02 GRN 2.360444e+11 2.078233e-11 0.000000e+00 0.000000e+00 0.000000e+00 0.000000e+00 3.543403e-04 0.000000e+00 1.103557e-05 0.000000e+00 0.000000e+00 0.000000e+00 2.906111e+00 3.350251e-01 0.000000e+00 0.000000e+00 0.000000e+00 0.000000e+00 0.000000e+00 3.241502e+00
1.250000e+02 CAL 3.572968e+12 8.967384e-10 0.000000e+00 0.000000e+00 1.199396e-02 7.105636e-03 1.175264e-01 3.943057e-04 2.880274e-03 0.000000e+00 0.000000e+00 0.000000e+00 0.000000e+00 0.000000e+00 0.000000e+00 0.000000e+00 0.000000e+00 0.000000e+00 0.000000e+00 1.399005e-01
1.250000e+02 ROT 3.447265e+11 5.426066e-10 0.000000e+00 0.000000e+00 1.218942e-02 7.196362e-03 1.080650e-01 3.996565e-04 2.915141e-03 0.000000e+00 0.000000e+00 0.000000e+00 0.000000e+00 0.000000e+00 0.000000e+00 0.000000e+00 0.000000e+00 0.000000e+00 0.000000e+00 1.307655e-01
1.250000e+02 PB 2.798627e+09 0.000000e+00 0.000000e+00 0.000000e+00 0.000000e+00 1.273172e-04 0.000000e+00 2.472589e-04 0.000000e+00 0.000000e+00 0.000000e+00 0.000000e+00 1.959545e+01 2.201426e+00 0.000000e+00 0.000000e+00 0.000000e+00 0.000000e+00 0.000000e+00 2.179725e+01
1.250000e+02 BB 2.674860e+06 0.000000e+00 0.000000e+00 0.000000e+00 0.000000e+00 0.000000e+00 0.000000e+00 0.000000e+00 0.000000e+00 0.000000e+00 0.000000e+00 0.000000e+00 0.000000e+00 0.000000e+00 0.000000e+00 0.000000e+00 0.000000e+00 0.000000e+00 0.000000e+00 0.000000e+00
1.250000e+02 DL 1.111456e+11 0.000000e+00 0.000000e+00 0.000000e+00 0.000000e+00 3.620386e-05 0.000000e+00 5.784018e-05 3.957564e-05 9.683446e-04 0.000000e+00 0.000000e+00 5.900026e+00 6.676743e-01 0.000000e+00 0.000000e+00 0.000000e+00 0.000000e+00 0.000000e+00 6.568803e+00
1.250000e+02 DR 3.453169e+09 0.000000e+00 0.000000e+00 0.000000e+00 0.000000e+00 3.207341e-04 0.000000e+00 6.264687e-04 1.149333e-03 1.767761e-02 0.000000e+00 0.000000e+00 2.559892e+01 2.876019e+00 0.000000e+00 0.000000e+00 0.000000e+00 0.000000e+00 0.000000e+00 2.849471e+01
1.250000e+02 DC 1.943695e+09 0.000000e+00 0.000000e+00 0.000000e+00 0.000000e+00 1.970751e-05 0.000000e+00 1.900675e-05 9.808742e-06 4.269780e-05 0.000000e+00 0.000000e+00 1.029919e+00 1.210286e-01 0.000000e+00 0.000000e+00 0.000000e+00 0.000000e+00 0.000000e+00 1.151039e+00
1.300000e+02 WAE 3.004147e+05 0.000000e+00 0.000000e+00 0.000000e+00 1.653035e+04 0.000000e+00 0.000000e+00 0.000000e+00 0.000000e+00 0.000000e+00 0.000000e+00 0.000000e+00 0.000000e+00 0.000000e+00 0.000000e+00 0.000000e+00 0.000000e+00 0.000000e+00 0.000000e+00 1.653035e+04
1.300000e+02 YPH 3.914344e+06 0.000000e+00 0.000000e+00 0.000000e+00 9.341832e+02 4.048028e-01 0.000000e+00 0.000000e+00 0.000000e+00 0.000000e+00 0.000000e+00 0.000000e+00 0.000000e+00 0.000000e+00 0.000000e+00 0.000000e+00 0.000000e+00 0.000000e+00 0.000000e+00 9.345880e+02
1.300000e+02 GZS 1.829812e+07 0.000000e+00 0.000000e+00 0.000000e+00 8.000864e+01 0.000000e+00 0.000000e+00 0.000000e+00 0.000000e+00 0.000000e+00 0.000000e+00 0.000000e+00 0.000000e+00 0.000000e+00 0.000000e+00 0.000000e+00 0.000000e+00 0.000000e+00 0.000000e+00 8.000864e+01
1.300000e+02 RDG 2.231491e+06 0.000000e+00 0.000000e+00 0.000000e+00 6.040620e+01 3.920105e-02 0.000000e+00 0.000000e+00 0.000000e+00 0.000000e+00 0.000000e+00 0.000000e+00 0.000000e+00 0.000000e+00 0.000000e+00 0.000000e+00 0.000000e+00 0.000000e+00 0.000000e+00 6.044540e+01
1.300000e+02 DRE 5.199688e+10 8.072462e-08 0.000000e+00 0.000000e+00 3.812907e-03 3.452204e-03 0.000000e+00 5.083343e-04 0.000000e+00 0.000000e+00 0.000000e+00 0.000000e+00 0.000000e+00 0.000000e+00 0.000000e+00 0.000000e+00 0.000000e+00 0.000000e+00 0.000000e+00 7.773446e-03
1.300000e+02 CHI 1.152187e+09 2.790160e-09 2.513643e-13 0.000000e+00 1.145633e-01 6.313926e-02 8.032140e-01 5.470635e-03 0.000000e+00 0.000000e+00 0.000000e+00 0.000000e+00 0.000000e+00 0.000000e+00 0.000000e+00 0.000000e+00 0.000000e+00 0.000000e+00 0.000000e+00 9.863872e-01
1.300000e+02 DIA 2.941458e+11 3.995097e-11 0.000000e+00 0.000000e+00 0.000000e+00 0.000000e+00 3.151814e-04 0.000000e+00 1.052634e-05 0.000000e+00 0.000000e+00 0.000000e+00 2.760375e+00 3.183461e-01 0.000000e+00 0.000000e+00 0.000000e+00 0.000000e+00 0.000000e+00 3.079047e+00
1.300000e+02 GRN 2.360444e+11 1.998390e-11 0.000000e+00 0.000000e+00 0.000000e+00 0.000000e+00 3.486188e-04 0.000000e+00 1.063029e-05 0.000000e+00 0.000000e+00 0.000000e+00 2.801448e+00 3.229385e-01 0.000000e+00 0.000000e+00 0.000000e+00 0.000000e+00 0.000000e+00 3.124746e+00
1.300000e+02 CAL 3.572968e+12 8.823879e-10 0.000000e+00 0.000000e+00 1.647853e-02 7.175006e-03 1.294388e-01 4.047878e-04 2.870448e-03 0.000000e+00 0.000000e+00 0.000000e+00 0.000000e+00 0.000000e+00 0.000000e+00 0.000000e+00 0.000000e+00 0.000000e+00 0.000000e+00 1.563676e-01
1.300000e+02 ROT 3.447265e+11 5.340499e-10 0.000000e+00 0.000000e+00 1.676032e-02 7.268742e-03 1.201427e-01 4.104192e-04 2.905887e-03 0.000000e+00 0.000000e+00 0.000000e+00 0.000000e+00 0.000000e+00 0.000000e+00 0.000000e+00 0.000000e+00 0.000000e+00 0.000000e+00 1.474881e-01
1.300000e+02 PB 2.798627e+09 0.000000e+00 0.000000e+00 0.000000e+00 0.000000e+00 1.284496e-04 0.000000e+00 2.499372e-04 0.000000e+00 0.000000e+00 0.000000e+00 0.000000e+00 1.938152e+01 2.177404e+00 0.000000e+00 0.000000e+00 0.000000e+00 0.000000e+00 0.000000e+00 2.155931e+01
1.300000e+02 BB 2.674860e+06 0.000000e+00 0.000000e+00 0.000000e+00 0.000000e+00 0.000000e+00 0.000000e+00 0.000000e+00 0.000000e+00 0.000000e+00 0.000000e+00 0.000000e+00 0.000000e+00 0.000000e+00 0.000000e+00 0.000000e+00 0.000000e+00 0.000000e+00 0.000000e+00 0.000000e+00
1.300000e+02 DL 1.111456e+11 0.000000e+00 0.000000e+00 0.000000e+00 0.000000e+00 3.678595e-05 0.000000e+00 5.940207e-05 3.845224e-05 9.576854e-04 0.000000e+00 0.000000e+00 5.757506e+00 6.514787e-01 0.000000e+00 0.000000e+00 0.000000e+00 0.000000e+00 0.000000e+00 6.410077e+00
1.300000e+02 DR 3.453169e+09 0.000000e+00 0.000000e+00 0.000000e+00 0.000000e+00 3.585766e-04 0.000000e+00 6.988993e-04 1.179454e-03 1.781466e-02 0.000000e+00 0.000000e+00 2.662460e+01 2.991288e+00 0.000000e+00 0.000000e+00 0.000000e+00 0.000000e+00 0.000000e+00 2.963594e+01
1.300000e+02 DC 1.943695e+09 0.000000e+00 0.000000e+00 0.000000e+00 0.000000e+00 1.894953e-05 0.000000e+00 1.827572e-05 9.431483e-06 4.105558e-05 0.000000e+00 0.000000e+00 9.903069e-01 1.163736e-01 0.000000e+00 0.000000e+00 0.000000e+00 0.000000e+00 0.000000e+00 1.106768e+00
1.350000e+02 WAE 3.004147e+05 0.000000e+00 0.000000e+00 0.000000e+00 1.760306e+04 0.000000e+00 0.000000e+00 0.000000e+00 0.000000e+00 0.000000e+00 0.000000e+00 0.000000e+00 0.000000e+00 0.000000e+00 0.000000e+00 0.000000e+00 0.000000e+00 0.000000e+00 0.000000e+00 1.760306e+04
1.350000e+02 YPH 3.914344e+06 0.000000e+00 0.000000e+00 0.000000e+00 1.271460e+03 5.066188e-01 0.000000e+00 0.000000e+00 0.000000e+00 0.000000e+00 0.000000e+00 0.000000e+00 0.000000e+00 0.000000e+00 0.000000e+00 0.000000e+00 0.000000e+00 0.000000e+00 0.000000e+00 1.271967e+03
1.350000e+02 GZS 1.829812e+07 0.000000e+00 0.000000e+00 0.000000e+00 7.712562e+01 0.000000e+00 0.000000e+00 0.000000e+00 0.000000e+00 0.000000e+00 0.000000e+00 0.000000e+00 0.000000e+00 0.000000e+00 0.000000e+00 0.000000e+00 0.000000e+00 0.000000e+00 0.000000e+00 7.712562e+01
1.350000e+02 RDG 2.231491e+06 0.000000e+00 0.000000e+00 0.000000e+00 6.283833e+01 3.913143e-02 0.000000e+00 0.000000e+00 0.000000e+00 0.000000e+00 0.000000e+00 0.000000e+00 0.000000e+00 0.000000e+00 0.000000e+00 0.000000e+00 0.000000e+00 0.000000e+00 0.000000e+00 6.287746e+01
1.350000e+02 DRE 5.199688e+10 7.941830e-08 0.000000e+00 0.000000e+00 3.844158e-03 3.521060e-03 0.000000e+00 5.209422e-04 0.000000e+00 0.000000e+00 0.000000e+00 0.000000e+00 0.000000e+00 0.000000e+00 0.000000e+00 0.000000e+00 0.000000e+00 0.000000e+00 0.000000e+00 7.886161e-03
1.350000e+02 CHI 1.152187e+09 2.748282e-09 2.452768e-13 0.000000e+00 1.410721e-01 6.295153e-02 8.608116e-01 5.496557e-03 0.000000e+00 0.000000e+00 0.000000e+00 0.000000e+00 0.000000e+00 0.000000e+00 0.000000e+00 0.000000e+00 0.000000e+00 0.000000e+00 0.000000e+00 1.070332e+00
1.350000e+02 DIA 2.941458e+11 3.847268e-11 0.000000e+00 0.000000e+00 0.000000e+00 0.000000e+00 3.097293e-04 0.000000e+00 1.015123e-05 0.000000e+00 0.000000e+00 0.000000e+00 2.663572e+00 3.071663e-01 0.000000e+00 0.000000e+00 0.000000e+00 0.000000e+00 0.000000e+00 2.971058e+00
1.350000e+02 GRN 2.360444e+11 1.924462e-11 0.000000e+00 0.000000e+00 0.000000e+00 0.000000e+00 3.434596e-04 0.000000e+00 1.025497e-05 0.000000e+00 0.000000e+00 0.000000e+00 2.704461e+00 3.117390e-01 0.000000e+00 0.000000e+00 0.000000e+00 0.000000e+00 0.000000e+00 3.016554e+00
1.350000e+02 CAL 3.572968e+12 8.688838e-10 0.000000e+00 0.000000e+00 2.178797e-02 7.283493e-03 1.427318e-01 4.154318e-04 2.859929e-03 0.000000e+00 0.000000e+00 0.000000e+00 0.000000e+00 0.000000e+00 0.000000e+00 0.000000e+00 0.000000e+00 0.000000e+00 0.000000e+00 1.750787e-01
1.350000e+02 ROT 3.447265e+11 5.260012e-10 0.000000e+00 0.000000e+00 2.217502e-02 7.381069e-03 1.336385e-01 4.213555e-04 2.895927e-03 0.000000e+00 0.000000e+00 0.000000e+00 0.000000e+00 0.000000e+00 0.000000e+00 0.000000e+00 0.000000e+00 0.000000e+00 0.000000e+00 1.665119e-01
1.350000e+02 PB 2.798627e+09 0.000000e+00 0.000000e+00 0.000000e+00 0.000000e+00 1.306224e-04 0.000000e+00 2.527094e-04 0.000000e+00 0.000000e+00 0.000000e+00 0.000000e+00 1.917763e+01 2.154542e+00 0.000000e+00 0.000000e+00 0.000000e+00 0.000000e+00 0.000000e+00 2.133255e+01
1.350000e+02 BB 2.674860e+06 0.000000e+00 0.000000e+00 0.000000e+00 0.000000e+00 0.000000e+00 0.000000e+00 0.000000e+00 0.000000e+00 0.000000e+00 0.000000e+00 0.000000e+00 0.000000e+00 0.000000e+00 0.000000e+00 0.000000e+00 0.000000e+00 0.000000e+00 0.000000e+00 0.000000e+00
1.350000e+02 DL 1.111456e+11 0.000000e+00 0.000000e+00 0.000000e+00 0.000000e+00 3.795269e-05 0.000000e+00 6.136786e-05 3.744951e-05 9.457360e-04 0.000000e+00 0.000000e+00 5.633593e+00 6.373930e-01 0.000000e+00 0.000000e+00 0.000000e+00 0.000000e+00 0.000000e+00 6.272068e+00
1.350000e+02 DR 3.453169e+09 0.000000e+00 0.000000e+00 0.000000e+00 0.000000e+00 4.128341e-04 0.000000e+00 7.846069e-04 1.219000e-03 1.790996e-02 0.000000e+00 0.000000e+00 2.787922e+01 3.132426e+00 0.000000e+00 0.000000e+00 0.000000e+00 0.000000e+00 0.000000e+00 3.103198e+01
1.350000e+02 DC 1.943695e+09 0.000000e+00 0.000000e+00 0.000000e+00 0.000000e+00 1.824769e-05 0.000000e+00 1.759884e-05 9.082169e-06 3.953500e-05 0.000000e+00 0.000000e+00 9.536289e-01 1.120635e-01 0.000000e+00 0.000000e+00 0.000000e+00 0.000000e+00 0.000000e+00 1.065777e+00
1.400000e+02 WAE 3.004147e+05 0.000000e+00 0.000000e+00 0.000000e+00 1.843961e+04 0.000000e+00 0.000000e+00 0.000000e+00 0.000000e+00 0.000000e+00 0.000000e+00 0.000000e+00 0.000000e+00 0.000000e+00 0.000000e+00 0.000000e+00 0.000000e+00 0.000000e+00 0.000000e+00 1.843961e+04
1.400000e+02 YPH 3.914344e+06 0.000000e+00 0.000000e+00 0.000000e+00 1.661363e+03 6.067240e-01 0.000000e+00 0.000000e+00 0.000000e+00 0.000000e+00 0.000000e+00 0.000000e+00 0.000000e+00 0.000000e+00 0.000000e+00 0.000000e+00 0.000000e+00 0.000000e+00 0.000000e+00 1.661970e+03
1.400000e+02 GZS 1.829812e+07 0.000000e+00 0.000000e+00 0.000000e+00 7.444138e+01 0.000000e+00 0.000000e+00 0.000000e+00 0.000000e+00 0.000000e+00 0.000000e+00 0.000000e+00 0.000000e+00 0.000000e+00 0.000000e+00 0.000000e+00 0.000000e+00 0.000000e+00 0.000000e+00 7.444138e+01
1.400000e+02 RDG 2.231491e+06 0.000000e+00 0.000000e+00 0.000000e+00 6.565626e+01 3.910571e-02 0.000000e+00 0.000000e+00 0.000000e+00 0.000000e+00 0.000000e+00 0.000000e+00 0.000000e+00 0.000000e+00 0.000000e+00 0.000000e+00 0.000000e+00 0.000000e+00 0.000000e+00 6.569537e+01
1.400000e+02 DRE 5.199688e+10 7.819945e-08 0.000000e+00 0.000000e+00 3.871761e-03 3.615186e-03 0.000000e+00 5.340029e-04 0.000000e+00 0.000000e+00 0.000000e+00 0.000000e+00 0.000000e+00 0.000000e+00 0.000000e+00 0.000000e+00 0.000000e+00 0.000000e+00 0.000000e+00 8.020949e-03
1.400000e+02 CHI 1.152187e+09 2.703221e-09 2.390112e-13 0.000000e+00 1.669235e-01 6.286436e-02 9.179187e-01 5.508214e-03 0.000000e+00 0.000000e+00 0.000000e+00 0.000000e+00 0.000000e+00 0.000000e+00 0.000000e+00 0.000000e+00 0.000000e+00 0.000000e+00 0.000000e+00 1.153215e+00
1.400000e+02 DIA 2.941458e+11 3.709998e-11 0.000000e+00 0.000000e+00 0.000000e+00 0.000000e+00 3.047848e-04 0.000000e+00 9.802867e-06 0.000000e+00 0.000000e+00 0.000000e+00 2.573615e+00 2.967778e-01 0.000000e+00 0.000000e+00 0.000000e+00 0.000000e+00 0.000000e+00 2.870707e+00
1.400000e+02 GRN 2.360444e+11 1.855814e-11 0.000000e+00 0.000000e+00 0.000000e+00 0.000000e+00 3.388162e-04 0.000000e+00 9.906392e-06 0.000000e+00 0.000000e+00 0.000000e+00 2.614317e+00 3.013304e-01 0.000000e+00 0.000000e+00 0.000000e+00 0.000000e+00 0.000000e+00 2.915996e+00
1.400000e+02 CAL 3.572968e+12 8.561039e-10 0.000000e+00 0.000000e+00 2.754216e-02 7.425945e-03 1.575617e-01 4.262202e-04 2.848642e-03 0.000000e+00 0.000000e+00 0.000000e+00 0.000000e+00 0.000000e+00 0.000000e+00 0.000000e+00 0.000000e+00 0.000000e+00 0.000000e+00 1.958047e-01
1.400000e+02 ROT 3.447265e+11 5.183868e-10 0.000000e+00 0.000000e+00 2.804684e-02 7.528139e-03 1.487136e-01 4.324480e-04 2.885182e-03 0.000000e+00 0.000000e+00 0.000000e+00 0.000000e+00 0.000000e+00 0.000000e+00 0.000000e+00 0.000000e+00 0.000000e+00 0.000000e+00 1.876062e-01
1.400000e+02 PB 2.798627e+09 0.000000e+00 0.000000e+00 0.000000e+00 0.000000e+00 1.337391e-04 0.000000e+00 2.555826e-04 0.000000e+00 0.000000e+00 0.000000e+00 0.000000e+00 1.898184e+01 2.132618e+00 0.000000e+00 0.000000e+00 0.000000e+00 0.000000e+00 0.000000e+00 2.111484e+01
1.400000e+02 BB 2.674860e+06 0.000000e+00 0.000000e+00 0.000000e+00 0.000000e+00 0.000000e+00 0.000000e+00 0.000000e+00 0.000000e+00 0.000000e+00 0.000000e+00 0.000000e+00 0.000000e+00 0.000000e+00 0.000000e+00 0.000000e+00 0.000000e+00 0.000000e+00 0.000000e+00 0.000000e+00
1.400000e+02 DL 1.111456e+11 0.000000e+00 0.000000e+00 0.000000e+00 0.000000e+00 3.975498e-05 0.000000e+00 6.375967e-05 3.655761e-05 9.324756e-04 0.000000e+00 0.000000e+00 5.526713e+00 6.252395e-01 0.000000e+00 0.000000e+00 0.000000e+00 0.000000e+00 0.000000e+00 6.153025e+00
1.400000e+02 DR 3.453169e+09 0.000000e+00 0.000000e+00 0.000000e+00 0.000000e+00 4.858340e-04 0.000000e+00 8.843553e-04 1.267635e-03 1.795974e-02 0.000000e+00 0.000000e+00 2.935020e+01 3.298043e+00 0.000000e+00 0.000000e+00 0.000000e+00 0.000000e+00 0.000000e+00 3.266884e+01
1.400000e+02 DC 1.943695e+09 0.000000e+00 0.000000e+00 0.000000e+00 0.000000e+00 1.759599e-05 0.000000e+00 1.697031e-05 8.757806e-06 3.812304e-05 0.000000e+00 0.000000e+00 9.195707e-01 1.080612e-01 0.000000e+00 0.000000e+00 0.000000e+00 0.000000e+00 0.000000e+00 1.027713e+00
1.450000e+02 WAE 3.004147e+05 0.000000e+00 0.000000e+00 0.000000e+00 1.908470e+04 0.000000e+00 0.000000e+00 0.000000e+00 0.000000e+00 0.000000e+00 0.000000e+00 0.000000e+00 0.000000e+00 0.000000e+00 0.000000e+00 0.000000e+00 0.000000e+00 0.000000e+00 0.000000e+00 1.908470e+04
1.450000e+02 YPH 3.914344e+06 0.000000e+00 0.000000e+00 0.000000e+00 2.009077e+03 6.961900e-01 0.000000e+00 0.000000e+00 0.000000e+00 0.000000e+00 0.000000e+00 0.000000e+00 0.000000e+00 0.000000e+00 0.000000e+00 0.000000e+00 0.000000e+00 0.000000e+00 0.000000e+00 2.009773e+03
1.450000e+02 GZS 1.829812e+07 0.000000e+00 0.000000e+00 0.000000e+00 7.194126e+01 0.000000e+00 0.000000e+00 0.000000e+00 0.000000e+00 0.000000e+00 0.000000e+00 0.000000e+00 0.000000e+00 0.000000e+00 0.000000e+00 0.000000e+00 0.000000e+00 0.000000e+00 0.000000e+00 7.194126e+01
1.450000e+02 RDG 2.231491e+06 0.000000e+00 0.000000e+00 0.000000e+00 6.850774e+01 3.911868e-02 0.000000e+00 0.000000e+00 0.000000e+00 0.000000e+00 0.000000e+00 0.000000e+00 0.000000e+00 0.000000e+00 0.000000e+00 0.000000e+00 0.000000e+00 0.000000e+00 0.000000e+00 6.854686e+01
1.450000e+02 DRE 5.199688e+10 7.705898e-08 0.000000e+00 0.000000e+00 3.897885e-03 3.718978e-03 0.000000e+00 5.475521e-04 0.000000e+00 0.000000e+00 0.000000e+00 0.000000e+00 0.000000e+00 0.000000e+00 0.000000e+00 0.000000e+00 0.000000e+00 0.000000e+00 0.000000e+00 8.164414e-03
1.450000e+02 CHI 1.152187e+09 2.655215e-09 2.326432e-13 0.000000e+00 1.887722e-01 6.268634e-02 9.734443e-01 5.504944e-03 0.000000e+00 0.000000e+00 0.000000e+00 0.000000e+00 0.000000e+00 0.000000e+00 0.000000e+00 0.000000e+00 0.000000e+00 0.000000e+00 0.000000e+00 1.230408e+00
1.450000e+02 DIA 2.941458e+11 3.582196e-11 0.000000e+00 0.000000e+00 0.000000e+00 0.000000e+00 3.003058e-04 0.000000e+00 9.478481e-06 0.000000e+00 0.000000e+00 0.000000e+00 2.489788e+00 2.870977e-01 0.000000e+00 0.000000e+00 0.000000e+00 0.000000e+00 0.000000e+00 2.777196e+00
1.450000e+02 GRN 2.360444e+11 1.791900e-11 0.000000e+00 0.000000e+00 0.000000e+00 0.000000e+00 3.346483e-04 0.000000e+00 9.581795e-06 0.000000e+00 0.000000e+00 0.000000e+00 2.530298e+00 2.916296e-01 0.000000e+00 0.000000e+00 0.000000e+00 0.000000e+00 0.000000e+00 2.822272e+00
1.450000e+02 CAL 3.572968e+12 8.439453e-10 0.000000e+00 0.000000e+00 3.308838e-02 7.578650e-03 1.741003e-01 4.371514e-04 2.836535e-03 0.000000e+00 0.000000e+00 0.000000e+00 0.000000e+00 0.000000e+00 0.000000e+00 0.000000e+00 0.000000e+00 0.000000e+00 0.000000e+00 2.180410e-01
1.450000e+02 ROT 3.447265e+11 5.111446e-10 0.000000e+00 0.000000e+00 3.371026e-02 7.685790e-03 1.655455e-01 4.436955e-04 2.873599e-03 0.000000e+00 0.000000e+00 0.000000e+00 0.000000e+00 0.000000e+00 0.000000e+00 0.000000e+00 0.000000e+00 0.000000e+00 0.000000e+00 2.102588e-01
1.450000e+02 PB 2.798627e+09 0.000000e+00 0.000000e+00 0.000000e+00 0.000000e+00 1.372453e-04 0.000000e+00 2.585719e-04 0.000000e+00 0.000000e+00 0.000000e+00 0.000000e+00 1.879256e+01 2.111451e+00 0.000000e+00 0.000000e+00 0.000000e+00 0.000000e+00 0.000000e+00 2.090441e+01
1.450000e+02 BB 2.674860e+06 0.000000e+00 0.000000e+00 0.000000e+00 0.000000e+00 0.000000e+00 0.000000e+00 0.000000e+00 0.000000e+00 0.000000e+00 0.000000e+00 0.000000e+00 0.000000e+00 0.000000e+00 0.000000e+00 0.000000e+00 0.000000e+00 0.000000e+00 0.000000e+00 0.000000e+00
1.450000e+02 DL 1.111456e+11 0.000000e+00 0.000000e+00 0.000000e+00 0.000000e+00 4.198726e-05 0.000000e+00 6.653963e-05 3.576240e-05 9.179704e-04 0.000000e+00 0.000000e+00 5.434184e+00 6.147160e-01 0.000000e+00 0.000000e+00 0.000000e+00 0.000000e+00 0.000000e+00 6.049962e+00
1.450000e+02 DR 3.453169e+09 0.000000e+00 0.000000e+00 0.000000e+00 0.000000e+00 5.720936e-04 0.000000e+00 9.966954e-04 1.323355e-03 1.796190e-02 0.000000e+00 0.000000e+00 3.098007e+01 3.481703e+00 0.000000e+00 0.000000e+00 0.000000e+00 0.000000e+00 0.000000e+00 3.448263e+01
1.450000e+02 DC 1.943695e+09 0.000000e+00 0.000000e+00 0.000000e+00 0.000000e+00 1.698923e-05 0.000000e+00 1.638513e-05 8.455812e-06 3.680845e-05 0.000000e+00 0.000000e+00 8.878614e-01 1.043350e-01 0.000000e+00 0.000000e+00 0.000000e+00 0.000000e+00 0.000000e+00 9.922750e-01
1.500000e+02 WAE 3.004147e+05 0.000000e+00 0.000000e+00 0.000000e+00 1.961205e+04 0.000000e+00 0.000000e+00 0.000000e+00 0.000000e+00 0.000000e+00 0.000000e+00 0.000000e+00 0.000000e+00 0.000000e+00 0.000000e+00 0.000000e+00 0.000000e+00 0.000000e+00 0.000000e+00 1.961205e+04
1.500000e+02 YPH 3.914344e+06 0.000000e+00 0.000000e+00 0.000000e+00 2.291605e+03 7.666560e-01 0.000000e+00 0.000000e+00 0.000000e+00 0.000000e+00 0.000000e+00 0.000000e+00 0.000000e+00 0.000000e+00 0.000000e+00 0.000000e+00 0.000000e+00 0.000000e+00 0.000000e+00 2.292371e+03
1.500000e+02 GZS 1.829812e+07 0.000000e+00 0.000000e+00 0.000000e+00 6.960802e+01 0.000000e+00 0.000000e+00 0.000000e+00 0.000000e+00 0.000000e+00 0.000000e+00 0.000000e+00 0.000000e+00 0.000000e+00 0.000000e+00 0.000000e+00 0.000000e+00 0.000000e+00 0.000000e+00 6.960802e+01
1.500000e+02 RDG 2.231491e+06 0.000000e+00 0.000000e+00 0.000000e+00 7.140058e+01 3.916768e-02 0.000000e+00 0.000000e+00 0.000000e+00 0.000000e+00 0.000000e+00 0.000000e+00 0.000000e+00 0.000000e+00 0.000000e+00 0.000000e+00 0.000000e+00 0.000000e+00 0.000000e+00 7.143975e+01
1.500000e+02 DRE 5.199688e+10 7.598904e-08 0.000000e+00 0.000000e+00 3.922811e-03 3.819123e-03 0.000000e+00 5.616298e-04 0.000000e+00 0.000000e+00 0.000000e+00 0.000000e+00 0.000000e+00 0.000000e+00 0.000000e+00 0.000000e+00 0.000000e+00 0.000000e+00 0.000000e+00 8.303563e-03
1.500000e+02 CHI 1.152187e+09 2.604621e-09 2.262522e-13 0.000000e+00 2.067827e-01 6.229620e-02 1.026261e+00 5.486588e-03 0.000000e+00 0.000000e+00 0.000000e+00 0.000000e+00 0.000000e+00 0.000000e+00 0.000000e+00 0.000000e+00 0.000000e+00 0.000000e+00 0.000000e+00 1.300826e+00
1.500000e+02 DIA 2.941458e+11 3.462913e-11 0.000000e+00 0.000000e+00 0.000000e+00 0.000000e+00 2.962572e-04 0.000000e+00 9.175674e-06 0.000000e+00 0.000000e+00 0.000000e+00 2.411471e+00 2.780544e-01 0.000000e+00 0.000000e+00 0.000000e+00 0.000000e+00 0.000000e+00 2.689831e+00
1.500000e+02 GRN 2.360444e+11 1.732247e-11 0.000000e+00 0.000000e+00 0.000000e+00 0.000000e+00 3.309223e-04 0.000000e+00 9.278779e-06 0.000000e+00 0.000000e+00 0.000000e+00 2.451781e+00 2.825649e-01 0.000000e+00 0.000000e+00 0.000000e+00 0.000000e+00 0.000000e+00 2.734686e+00
1.500000e+02 CAL 3.572968e+12 8.323183e-10 0.000000e+00 0.000000e+00 3.844338e-02 7.721303e-03 1.925353e-01 4.482286e-04 2.823561e-03 0.000000e+00 0.000000e+00 0.000000e+00 0.000000e+00 0.000000e+00 0.000000e+00 0.000000e+00 0.000000e+00 0.000000e+00 0.000000e+00 2.419718e-01
1.500000e+02 ROT 3.447265e+11 5.042204e-10 0.000000e+00 0.000000e+00 3.918231e-02 7.833305e-03 1.843285e-01 4.551018e-04 2.861129e-03 0.000000e+00 0.000000e+00 0.000000e+00 0.000000e+00 0.000000e+00 0.000000e+00 0.000000e+00 0.000000e+00 0.000000e+00 0.000000e+00 2.346603e-01
1.500000e+02 PB 2.798627e+09 0.000000e+00 0.000000e+00 0.000000e+00 0.000000e+00 1.406421e-04 0.000000e+00 2.616893e-04 0.000000e+00 0.000000e+00 0.000000e+00 0.000000e+00 1.860842e+01 2.090883e+00 0.000000e+00 0.000000e+00 0.000000e+00 0.000000e+00 0.000000e+00 2.069971e+01
1.500000e+02 BB 2.674860e+06 0.000000e+00 0.000000e+00 0.000000e+00 0.000000e+00 0.000000e+00 0.000000e+00 0.000000e+00 0.000000e+00 0.000000e+00 0.000000e+00 0.000000e+00 0.000000e+00 0.000000e+00 0.000000e+00 0.000000e+00 0.000000e+00 0.000000e+00 0.000000e+00 0.000000e+00
1.500000e+02 DL 1.111456e+11 0.000000e+00 0.000000e+00 0.000000e+00 0.000000e+00 4.446017e-05 0.000000e+00 6.974048e-05 3.505663e-05 9.023317e-04 0.000000e+00 0.000000e+00 5.354842e+00 6.056910e-01 0.000000e+00 0.000000e+00 0.000000e+00 0.000000e+00 0.000000e+00 5.961584e+00
1.500000e+02 DR 3.453169e+09 0.000000e+00 0.000000e+00 0.000000e+00 0.000000e+00 6.669232e-04 0.000000e+00 1.123392e-03 1.386506e-03 1.791564e-02 0.000000e+00 0.000000e+00 3.277219e+01 3.683805e+00 0.000000e+00 0.000000e+00 0.000000e+00 0.000000e+00 0.000000e+00 3.647709e+01
1.500000e+02 DC 1.943695e+09 0.000000e+00 0.000000e+00 0.000000e+00 0.000000e+00 1.642292e-05 0.000000e+00 1.583896e-05 8.173952e-06 3.558150e-05 0.000000e+00 0.000000e+00 8.582660e-01 1.008571e-01 0.000000e+00 0.000000e+00 0.000000e+00 0.000000e+00 0.000000e+00 9.591992e-01
1.550000e+02 WAE 3.004147e+05 0.000000e+00 0.000000e+00 0.000000e+00 2.005788e+04 0.000000e+00 0.000000e+00 0.000000e+00 0.000000e+00 0.000000e+00 0.000000e+00 0.000000e+00 0.000000e+00 0.000000e+00 0.000000e+00 0.000000e+00 0.000000e+00 0.000000e+00 0.000000e+00 2.005788e+04
1.550000e+02 YPH 3.914344e+06 0.000000e+00 0.000000e+00 0.000000e+00 2.531086e+03 8.244089e-01 0.000000e+00 0.000000e+00 0.000000e+00 0.000000e+00 0.000000e+00 0.000000e+00 0.000000e+00 0.000000e+00 0.000000e+00 0.000000e+00 0.000000e+00 0.000000e+00 0.000000e+00 2.531910e+03
1.550000e+02 GZS 1.829812e+07 0.000000e+00 0.000000e+00 0.000000e+00 6.742495e+01 0.000000e+00 0.000000e+00 0.000000e+00 0.000000e+00 0.000000e+00 0.000000e+00 0.000000e+00 0.000000e+00 0.000000e+00 0.000000e+00 0.000000e+00 0.000000e+00 0.000000e+00 0.000000e+00 6.742495e+01
1.550000e+02 RDG 5.489286e+07 0.000000e+00 0.000000e+00 0.000000e+00 3.020944e+00 1.595604e-03 0.000000e+00 0.000000e+00 0.000000e+00 0.000000e+00 0.000000e+00 0.000000e+00 0.000000e+00 0.000000e+00 0.000000e+00 0.000000e+00 0.000000e+00 0.000000e+00 0.000000e+00 3.022539e+00
1.550000e+02 DRE 5.199688e+10 7.498276e-08 0.000000e+00 0.000000e+00 3.946633e-03 3.916065e-03 0.000000e+00 5.750792e-04 0.000000e+00 0.000000e+00 0.000000e+00 0.000000e+00 0.000000e+00 0.000000e+00 0.000000e+00 0.000000e+00 0.000000e+00 0.000000e+00 0.000000e+00 8.437777e-03
1.550000e+02 CHI 1.152187e+09 2.551828e-09 2.199102e-13 0.000000e+00 2.211686e-01 6.171243e-02 1.075126e+00 5.448350e-03 0.000000e+00 0.000000e+00 0.000000e+00 0.000000e+00 0.000000e+00 0.000000e+00 0.000000e+00 0.000000e+00 0.000000e+00 0.000000e+00 0.000000e+00 1.363455e+00
1.550000e+02 DIA 2.941458e+11 3.351327e-11 0.000000e+00 0.000000e+00 0.000000e+00 0.000000e+00 2.926099e-04 0.000000e+00 8.892358e-06 0.000000e+00 0.000000e+00 0.000000e+00 2.338121e+00 2.695853e-01 0.000000e+00 0.000000e+00 0.000000e+00 0.000000e+00 0.000000e+00 2.608008e+00
1.550000e+02 GRN 2.360444e+11 1.676443e-11 0.000000e+00 0.000000e+00 0.000000e+00 0.000000e+00 3.276113e-04 0.000000e+00 8.995255e-06 0.000000e+00 0.000000e+00 0.000000e+00 2.378224e+00 2.740734e-01 0.000000e+00 0.000000e+00 0.000000e+00 0.000000e+00 0.000000e+00 2.652633e+00
1.550000e+02 CAL 3.572968e+12 8.211415e-10 0.000000e+00 0.000000e+00 4.362994e-02 7.854449e-03 2.130694e-01 4.585682e-04 2.809665e-03 0.000000e+00 0.000000e+00 0.000000e+00 0.000000e+00 0.000000e+00 0.000000e+00 0.000000e+00 0.000000e+00 0.000000e+00 0.000000e+00 2.678220e-01
1.550000e+02 ROT 3.447265e+11 4.975650e-10 0.000000e+00 0.000000e+00 4.448619e-02 7.971232e-03 2.052726e-01 4.657642e-04 2.847716e-03 0.000000e+00 0.000000e+00 0.000000e+00 0.000000e+00 0.000000e+00 0.000000e+00 0.000000e+00 0.000000e+00 0.000000e+00 0.000000e+00 2.610435e-01
1.550000e+02 PB 2.798627e+09 0.000000e+00 0.000000e+00 0.000000e+00 0.000000e+00 1.439482e-04 0.000000e+00 2.644754e-04 0.000000e+00 0.000000e+00 0.000000e+00 0.000000e+00 1.842811e+01 2.070765e+00 0.000000e+00 0.000000e+00 0.000000e+00 0.000000e+00 0.000000e+00 2.049928e+01
1.550000e+02 BB 2.674860e+06 0.000000e+00 0.000000e+00 0.000000e+00 0.000000e+00 0.000000e+00 0.000000e+00 0.000000e+00 0.000000e+00 0.000000e+00 0.000000e+00 0.000000e+00 0.000000e+00 0.000000e+00 0.000000e+00 0.000000e+00 0.000000e+00 0.000000e+00 0.000000e+00 0.000000e+00
1.550000e+02 DL 1.111456e+11 0.000000e+00 0.000000e+00 0.000000e+00 0.000000e+00 4.721733e-05 0.000000e+00 7.318789e-05 3.443706e-05 8.856851e-04 0.000000e+00 0.000000e+00 5.288220e+00 5.981119e-01 0.000000e+00 0.000000e+00 0.000000e+00 0.000000e+00 0.000000e+00 5.887373e+00
1.550000e+02 DR 3.453169e+09 0.000000e+00 0.000000e+00 0.000000e+00 0.000000e+00 7.720407e-04 0.000000e+00 1.259775e-03 1.457973e-03 1.782087e-02 0.000000e+00 0.000000e+00 3.474251e+01 3.906175e+00 0.000000e+00 0.000000e+00 0.000000e+00 0.000000e+00 0.000000e+00 3.866999e+01
1.550000e+02 DC 1.943695e+09 0.000000e+00 0.000000e+00 0.000000e+00 0.000000e+00 1.589315e-05 0.000000e+00 1.532803e-05 7.910276e-06 3.443371e-05 0.000000e+00 0.000000e+00 8.305800e-01 9.760368e-02 0.000000e+00 0.000000e+00 0.000000e+00 0.000000e+00 0.000000e+00 9.282572e-01
1.600000e+02 WAE 3.004147e+05 0.000000e+00 0.000000e+00 0.000000e+00 2.044469e+04 0.000000e+00 0.000000e+00 0.000000e+00 0.000000e+00 0.000000e+00 0.000000e+00 0.000000e+00 0.000000e+00 0.000000e+00 0.000000e+00 0.000000e+00 0.000000e+00 0.000000e+00 0.000000e+00 2.044469e+04
1.600000e+02 YPH 3.914344e+06 0.000000e+00 0.000000e+00 0.000000e+00 2.741095e+03 8.732948e-01 0.000000e+00 0.000000e+00 0.000000e+00 0.000000e+00 0.000000e+00 0.000000e+00 0.000000e+00 0.000000e+00 0.000000e+00 0.000000e+00 0.000000e+00 0.000000e+00 0.000000e+00 2.741969e+03
1.600000e+02 GZS 1.829812e+07 0.000000e+00 0.000000e+00 0.000000e+00 6.537778e+01 0.000000e+00 0.000000e+00 0.000000e+00 0.000000e+00 0.000000e+00 0.000000e+00 0.000000e+00 0.000000e+00 0.000000e+00 0.000000e+00 0.000000e+00 0.000000e+00 0.000000e+00 0.000000e+00 6.537778e+01
1.600000e+02 RDG 5.489286e+07 0.000000e+00 0.000000e+00 0.000000e+00 3.140549e+00 1.600284e-03 0.000000e+00 0.000000e+00 0.000000e+00 0.000000e+00 0.000000e+00 0.000000e+00 0.000000e+00 0.000000e+00 0.000000e+00 0.000000e+00 0.000000e+00 0.000000e+00 0.000000e+00 3.142150e+00
1.600000e+02 DRE 5.199688e+10 7.403416e-08 0.000000e+00 0.000000e+00 3.969429e-03 4.010199e-03 0.000000e+00 5.879897e-04 0.000000e+00 0.000000e+00 0.000000e+00 0.000000e+00 0.000000e+00 0.000000e+00 0.000000e+00 0.000000e+00 0.000000e+00 0.000000e+00 0.000000e+00 8.567617e-03
1.600000e+02 CHI 1.152187e+09 2.497258e-09 2.136803e-13 0.000000e+00 2.321559e-01 6.095512e-02 1.118738e+00 5.391964e-03 0.000000e+00 0.000000e+00 0.000000e+00 0.000000e+00 0.000000e+00 0.000000e+00 0.000000e+00 0.000000e+00 0.000000e+00 0.000000e+00 0.000000e+00 1.417241e+00
1.600000e+02 DIA 2.941458e+11 3.246714e-11 0.000000e+00 0.000000e+00 0.000000e+00 0.000000e+00 2.893411e-04 0.000000e+00 8.626704e-06 0.000000e+00 0.000000e+00 0.000000e+00 2.269264e+00 2.616354e-01 0.000000e+00 0.000000e+00 0.000000e+00 0.000000e+00 0.000000e+00 2.531197e+00
1.600000e+02 GRN 2.360444e+11 1.624127e-11 0.000000e+00 0.000000e+00 0.000000e+00 0.000000e+00 3.246948e-04 0.000000e+00 8.729397e-06 0.000000e+00 0.000000e+00 0.000000e+00 2.309149e+00 2.661001e-01 0.000000e+00 0.000000e+00 0.000000e+00 0.000000e+00 0.000000e+00 2.575583e+00
1.600000e+02 CAL 3.572968e+12 8.103398e-10 0.000000e+00 0.000000e+00 4.866792e-02 7.978521e-03 2.359197e-01 4.681979e-04 2.794783e-03 0.000000e+00 0.000000e+00 0.000000e+00 0.000000e+00 0.000000e+00 0.000000e+00 0.000000e+00 0.000000e+00 0.000000e+00 0.000000e+00 2.958291e-01
1.600000e+02 ROT 3.447265e+11 4.911331e-10 0.000000e+00 0.000000e+00 4.964214e-02 8.100008e-03 2.286033e-01 4.757107e-04 2.833294e-03 0.000000e+00 0.000000e+00 0.000000e+00 0.000000e+00 0.000000e+00 0.000000e+00 0.000000e+00 0.000000e+00 0.000000e+00 0.000000e+00 2.896544e-01
1.600000e+02 PB 2.798627e+09 0.000000e+00 0.000000e+00 0.000000e+00 0.000000e+00 1.471823e-04 0.000000e+00 2.669637e-04 0.000000e+00 0.000000e+00 0.000000e+00 0.000000e+00 1.825038e+01 2.050954e+00 0.000000e+00 0.000000e+00 0.000000e+00 0.000000e+00 0.000000e+00 2.030175e+01
1.600000e+02 BB 2.674860e+06 0.000000e+00 0.000000e+00 0.000000e+00 0.000000e+00 0.000000e+00 0.000000e+00 0.000000e+00 0.000000e+00 0.000000e+00 0.000000e+00 0.000000e+00 0.000000e+00 0.000000e+00 0.000000e+00 0.000000e+00 0.000000e+00 0.000000e+00 0.000000e+00 0.000000e+00
1.600000e+02 DL 1.111456e+11 0.000000e+00 0.000000e+00 0.000000e+00 0.000000e+00 5.031204e-05 0.000000e+00 7.694203e-05 3.390190e-05 8.681735e-04 0.000000e+00 0.000000e+00 5.234003e+00 5.919433e-01 0.000000e+00 0.000000e+00 0.000000e+00 0.000000e+00 0.000000e+00 5.826976e+00
1.600000e+02 DR 3.453169e+09 0.000000e+00 0.000000e+00 0.000000e+00 0.000000e+00 8.895054e-04 0.000000e+00 1.408150e-03 1.538790e-03 1.767832e-02 0.000000e+00 0.000000e+00 3.690794e+01 4.150751e+00 0.000000e+00 0.000000e+00 0.000000e+00 0.000000e+00 0.000000e+00 4.108020e+01
1.600000e+02 DC 1.943695e+09 0.000000e+00 0.000000e+00 0.000000e+00 0.000000e+00 1.539649e-05 0.000000e+00 1.484902e-05 7.663080e-06 3.335766e-05 0.000000e+00 0.000000e+00 8.046244e-01 9.455357e-02 0.000000e+00 0.000000e+00 0.000000e+00 0.000000e+00 0.000000e+00 8.992492e-01
1.650000e+02 WAE 3.004147e+05 0.000000e+00 0.000000e+00 0.000000e+00 2.079031e+04 0.000000e+00 0.000000e+00 0.000000e+00 0.000000e+00 0.000000e+00 0.000000e+00 0.000000e+00 0.000000e+00 0.000000e+00 0.000000e+00 0.000000e+00 0.000000e+00 0.000000e+00 0.000000e+00 2.079031e+04
1.650000e+02 YPH 3.914344e+06 0.000000e+00 0.000000e+00 0.000000e+00 2.930502e+03 9.158139e-01 0.000000e+00 0.000000e+00 0.000000e+00 0.000000e+00 0.000000e+00 0.000000e+00 0.000000e+00 0.000000e+00 0.000000e+00 0.000000e+00 0.000000e+00 0.000000e+00 0.000000e+00 2.931418e+03
1.650000e+02 GZS 1.829812e+07 0.000000e+00 0.000000e+00 0.000000e+00 6.343120e+01 0.000000e+00 0.000000e+00 0.000000e+00 0.000000e+00 0.000000e+00 0.000000e+00 0.000000e+00 0.000000e+00 0.000000e+00 0.000000e+00 0.000000e+00 0.000000e+00 0.000000e+00 0.000000e+00 6.343120e+01
1.650000e+02 RDG 4.837650e+05 0.000000e+00 0.000000e+00 0.000000e+00 8.178610e+02 2.144328e-01 0.000000e+00 0.000000e+00 0.000000e+00 0.000000e+00 0.000000e+00 0.000000e+00 0.000000e+00 0.000000e+00 0.000000e+00 0.000000e+00 0.000000e+00 0.000000e+00 0.000000e+00 8.180754e+02
1.650000e+02 DRE 5.199688e+10 7.313796e-08 0.000000e+00 0.000000e+00 3.991295e-03 4.101881e-03 0.000000e+00 5.993219e-04 0.000000e+00 0.000000e+00 0.000000e+00 0.000000e+00 0.000000e+00 0.000000e+00 0.000000e+00 0.000000e+00 0.000000e+00 0.000000e+00 0.000000e+00 8.692498e-03
1.650000e+02 CHI 1.152187e+09 2.441374e-09 2.076148e-13 0.000000e+00 2.399943e-01 6.004632e-02 1.155820e+00 5.277380e-03 0.000000e+00 0.000000e+00 0.000000e+00 0.000000e+00 0.000000e+00 0.000000e+00 0.000000e+00 0.000000e+00 0.000000e+00 0.000000e+00 0.000000e+00 1.461138e+00
1.650000e+02 DIA 2.941458e+11 3.148441e-11 0.000000e+00 0.000000e+00 0.000000e+00 0.000000e+00 2.864333e-04 0.000000e+00 8.377108e-06 0.000000e+00 0.000000e+00 0.000000e+00 2.204481e+00 2.541565e-01 0.000000e+00 0.000000e+00 0.000000e+00 0.000000e+00 0.000000e+00 2.458932e+00
1.650000e+02 GRN 2.360444e+11 1.574981e-11 0.000000e+00 0.000000e+00 0.000000e+00 0.000000e+00 3.221582e-04 0.000000e+00 8.479598e-06 0.000000e+00 0.000000e+00 0.000000e+00 2.244138e+00 2.585965e-01 0.000000e+00 0.000000e+00 0.000000e+00 0.000000e+00 0.000000e+00 2.503065e+00
1.650000e+02 CAL 3.572968e+12 7.998436e-10 0.000000e+00 0.000000e+00 5.357434e-02 8.093852e-03 2.613153e-01 4.653491e-04 2.778842e-03 0.000000e+00 0.000000e+00 0.000000e+00 0.000000e+00 0.000000e+00 0.000000e+00 0.000000e+00 0.000000e+00 0.000000e+00 0.000000e+00 3.262277e-01
1.650000e+02 ROT 3.447265e+11 4.848822e-10 0.000000e+00 0.000000e+00 5.466756e-02 8.219969e-03 2.545589e-01 4.728970e-04 2.817785e-03 0.000000e+00 0.000000e+00 0.000000e+00 0.000000e+00 0.000000e+00 0.000000e+00 0.000000e+00 0.000000e+00 0.000000e+00 0.000000e+00 3.207371e-01
1.650000e+02 PB 2.798627e+09 0.000000e+00 0.000000e+00 0.000000e+00 0.000000e+00 1.503628e-04 0.000000e+00 2.791647e-04 0.000000e+00 0.000000e+00 0.000000e+00 0.000000e+00 1.807404e+01 2.031314e+00 0.000000e+00 0.000000e+00 0.000000e+00 0.000000e+00 0.000000e+00 2.010579e+01
1.650000e+02 BB 2.674860e+06 0.000000e+00 0.000000e+00 0.000000e+00 0.000000e+00 0.000000e+00 0.000000e+00 0.000000e+00 0.000000e+00 0.000000e+00 0.000000e+00 0.000000e+00 0.000000e+00 0.000000e+00 0.000000e+00 0.000000e+00 0.000000e+00 0.000000e+00 0.000000e+00 0.000000e+00
1.650000e+02 DL 1.111456e+11 0.000000e+00 0.000000e+00 0.000000e+00 0.000000e+00 5.380850e-05 0.000000e+00 8.741444e-05 3.345069e-05 8.499575e-04 0.000000e+00 0.000000e+00 5.191971e+00 5.871608e-01 0.000000e+00 0.000000e+00 0.000000e+00 0.000000e+00 0.000000e+00 5.780157e+00
1.650000e+02 DR 3.453169e+09 0.000000e+00 0.000000e+00 0.000000e+00 0.000000e+00 1.021783e-03 0.000000e+00 1.774484e-03 1.630136e-03 1.748983e-02 0.000000e+00 0.000000e+00 3.928541e+01 4.419478e+00 0.000000e+00 0.000000e+00 0.000000e+00 0.000000e+00 0.000000e+00 4.372680e+01
1.650000e+02 DC 1.943695e+09 0.000000e+00 0.000000e+00 0.000000e+00 0.000000e+00 1.492993e-05 0.000000e+00 1.439905e-05 7.430866e-06 3.234682e-05 0.000000e+00 0.000000e+00 7.802418e-01 9.168831e-02 0.000000e+00 0.000000e+00 0.000000e+00 0.000000e+00 0.000000e+00 8.719992e-01
1.700000e+02 WAE 3.004147e+05 0.000000e+00 0.000000e+00 0.000000e+00 2.110513e+04 0.000000e+00 0.000000e+00 0.000000e+00 0.000000e+00 0.000000e+00 0.000000e+00 0.000000e+00 0.000000e+00 0.000000e+00 0.000000e+00 0.000000e+00 0.000000e+00 0.000000e+00 0.000000e+00 2.110513e+04
1.700000e+02 YPH 3.914344e+06 0.000000e+00 0.000000e+00 0.000000e+00 3.105319e+03 9.536775e-01 0.000000e+00 0.000000e+00 0.000000e+00 0.000000e+00 0.000000e+00 0.000000e+00 0.000000e+00 0.000000e+00 0.000000e+00 0.000000e+00 0.000000e+00 0.000000e+00 0.000000e+00 3.106273e+03
1.700000e+02 GZS 4.659578e+06 0.000000e+00 0.000000e+00 0.000000e+00 0.000000e+00 0.000000e+00 0.000000e+00 0.000000e+00 0.000000e+00 0.000000e+00 0.000000e+00 0.000000e+00 0.000000e+00 0.000000e+00 0.000000e+00 0.000000e+00 0.000000e+00 0.000000e+00 0.000000e+00 0.000000e+00
1.700000e+02 RDG 4.837650e+05 0.000000e+00 0.000000e+00 0.000000e+00 1.190277e+03 3.150724e-01 0.000000e+00 0.000000e+00 0.000000e+00 0.000000e+00 0.000000e+00 0.000000e+00 0.000000e+00 0.000000e+00 0.000000e+00 0.000000e+00 0.000000e+00 0.000000e+00 0.000000e+00 1.190592e+03
1.700000e+02 DRE 5.199688e+10 7.254954e-08 0.000000e+00 0.000000e+00 4.003363e-03 4.176499e-03 0.000000e+00 6.111064e-04 0.000000e+00 0.000000e+00 0.000000e+00 0.000000e+00 0.000000e+00 0.000000e+00 0.000000e+00 0.000000e+00 0.000000e+00 0.000000e+00 0.000000e+00 8.790968e-03
1.700000e+02 CHI 1.152187e+09 2.384668e-09 2.017545e-13 0.000000e+00 2.449648e-01 5.901007e-02 1.178568e+00 5.153678e-03 0.000000e+00 0.000000e+00 0.000000e+00 0.000000e+00 0.000000e+00 0.000000e+00 0.000000e+00 0.000000e+00 0.000000e+00 0.000000e+00 0.000000e+00 1.487697e+00
1.700000e+02 DIA 2.941458e+11 3.055972e-11 0.000000e+00 0.000000e+00 0.000000e+00 0.000000e+00 2.847207e-04 0.000000e+00 8.142152e-06 0.000000e+00 0.000000e+00 0.000000e+00 2.143401e+00 2.471057e-01 0.000000e+00 0.000000e+00 0.000000e+00 0.000000e+00 0.000000e+00 2.390800e+00
1.700000e+02 GRN 2.360444e+11 1.528740e-11 0.000000e+00 0.000000e+00 0.000000e+00 0.000000e+00 3.210470e-04 0.000000e+00 8.244441e-06 0.000000e+00 0.000000e+00 0.000000e+00 2.182817e+00 2.515195e-01 0.000000e+00 0.000000e+00 0.000000e+00 0.000000e+00 0.000000e+00 2.434665e+00
1.700000e+02 CAL 3.572968e+12 7.922036e-10 0.000000e+00 0.000000e+00 5.792922e-02 8.177555e-03 2.857537e-01 4.598510e-04 2.761755e-03 0.000000e+00 0.000000e+00 0.000000e+00 0.000000e+00 0.000000e+00 0.000000e+00 0.000000e+00 0.000000e+00 0.000000e+00 0.000000e+00 3.550821e-01
1.700000e+02 ROT 3.447265e+11 4.803809e-10 0.000000e+00 0.000000e+00 5.913224e-02 8.307663e-03 2.794942e-01 4.673730e-04 2.801101e-03 0.000000e+00 0.000000e+00 0.000000e+00 0.000000e+00 0.000000e+00 0.000000e+00 0.000000e+00 0.000000e+00 0.000000e+00 0.000000e+00 3.502026e-01
1.700000e+02 PB 2.798627e+09 0.000000e+00 0.000000e+00 0.000000e+00 0.000000e+00 1.530230e-04 0.000000e+00 2.938404e-04 0.000000e+00 0.000000e+00 0.000000e+00 0.000000e+00 1.789794e+01 2.011713e+00 0.000000e+00 0.000000e+00 0.000000e+00 0.000000e+00 0.000000e+00 1.991010e+01
1.700000e+02 BB 2.674860e+06 0.000000e+00 0.000000e+00 0.000000e+00 0.000000e+00 0.000000e+00 0.000000e+00 0.000000e+00 0.000000e+00 0.000000e+00 0.000000e+00 0.000000e+00 0.000000e+00 0.000000e+00 0.000000e+00 0.000000e+00 0.000000e+00 0.000000e+00 0.000000e+00 0.000000e+00
1.700000e+02 DL 1.111456e+11 0.000000e+00 0.000000e+00 0.000000e+00 0.000000e+00 5.740761e-05 0.000000e+00 1.008029e-04 3.308235e-05 8.308558e-04 0.000000e+00 0.000000e+00 5.161472e+00 5.836917e-01 0.000000e+00 0.000000e+00 0.000000e+00 0.000000e+00 0.000000e+00 5.746186e+00
1.700000e+02 DR 3.453169e+09 0.000000e+00 0.000000e+00 0.000000e+00 0.000000e+00 1.159457e-03 0.000000e+00 2.241615e-03 1.731950e-03 1.724175e-02 0.000000e+00 0.000000e+00 4.185262e+01 4.709881e+00 0.000000e+00 0.000000e+00 0.000000e+00 0.000000e+00 0.000000e+00 4.658488e+01
1.700000e+02 DC 1.943695e+09 0.000000e+00 0.000000e+00 0.000000e+00 0.000000e+00 1.449081e-05 0.000000e+00 1.397555e-05 7.212311e-06 3.139544e-05 0.000000e+00 0.000000e+00 7.572935e-01 8.899159e-02 0.000000e+00 0.000000e+00 0.000000e+00 0.000000e+00 0.000000e+00 8.463522e-01
1.750000e+02 WAE 3.004147e+05 0.000000e+00 0.000000e+00 0.000000e+00 2.137477e+04 0.000000e+00 0.000000e+00 0.000000e+00 0.000000e+00 0.000000e+00 0.000000e+00 0.000000e+00 0.000000e+00 0.000000e+00 0.000000e+00 0.000000e+00 0.000000e+00 0.000000e+00 0.000000e+00 2.137477e+04
1.750000e+02 YPH 3.914344e+06 0.000000e+00 0.000000e+00 0.000000e+00 3.262949e+03 9.867025e-01 0.000000e+00 0.000000e+00 0.000000e+00 0.000000e+00 0.000000e+00 0.000000e+00 0.000000e+00 0.000000e+00 0.000000e+00 0.000000e+00 0.000000e+00 0.000000e+00 0.000000e+00 3.263936e+03
1.750000e+02 GZS 4.659578e+06 0.000000e+00 0.000000e+00 0.000000e+00 7.825894e+02 0.000000e+00 0.000000e+00 0.000000e+00 0.000000e+00 0.000000e+00 0.000000e+00 0.000000e+00 0.000000e+00 0.000000e+00 0.000000e+00 0.000000e+00 0.000000e+00 0.000000e+00 0.000000e+00 7.825894e+02
1.750000e+02 RDG 4.837650e+05 0.000000e+00 0.000000e+00 0.000000e+00 1.537644e+03 4.079447e-01 0.000000e+00 0.000000e+00 0.000000e+00 0.000000e+00 0.000000e+00 0.000000e+00 0.000000e+00 0.000000e+00 0.000000e+00 0.000000e+00 0.000000e+00 0.000000e+00 0.000000e+00 1.538052e+03
1.750000e+02 DRE 5.199688e+10 7.262056e-08 0.000000e+00 0.000000e+00 3.997370e-03 4.224461e-03 0.000000e+00 6.224003e-04 0.000000e+00 0.000000e+00 0.000000e+00 0.000000e+00 0.000000e+00 0.000000e+00 0.000000e+00 0.000000e+00 0.000000e+00 0.000000e+00 0.000000e+00 8.844232e-03
1.750000e+02 CHI 1.152187e+09 2.329200e-09 1.961673e-13 0.000000e+00 2.485234e-01 5.794223e-02 1.145163e+00 5.042961e-03 0.000000e+00 0.000000e+00 0.000000e+00 0.000000e+00 0.000000e+00 0.000000e+00 0.000000e+00 0.000000e+00 0.000000e+00 0.000000e+00 0.000000e+00 1.456672e+00
1.750000e+02 DIA 2.941458e+11 2.968834e-11 0.000000e+00 0.000000e+00 0.000000e+00 0.000000e+00 3.209035e-04 0.000000e+00 7.920580e-06 0.000000e+00 0.000000e+00 0.000000e+00 2.085747e+00 2.404513e-01 0.000000e+00 0.000000e+00 0.000000e+00 0.000000e+00 0.000000e+00 2.326527e+00
1.750000e+02 GRN 2.360444e+11 1.485171e-11 0.000000e+00 0.000000e+00 0.000000e+00 0.000000e+00 3.671005e-04 0.000000e+00 8.022669e-06 0.000000e+00 0.000000e+00 0.000000e+00 2.124919e+00 2.448389e-01 0.000000e+00 0.000000e+00 0.000000e+00 0.000000e+00 0.000000e+00 2.370133e+00
1.750000e+02 CAL 3.572968e+12 7.904743e-10 0.000000e+00 0.000000e+00 6.150083e-02 8.218769e-03 2.807047e-01 4.569365e-04 2.744279e-03 0.000000e+00 0.000000e+00 0.000000e+00 0.000000e+00 0.000000e+00 0.000000e+00 0.000000e+00 0.000000e+00 0.000000e+00 0.000000e+00 3.536255e-01
1.750000e+02 ROT 3.447265e+11 4.795207e-10 0.000000e+00 0.000000e+00 6.280645e-02 8.352361e-03 2.716711e-01 4.645121e-04 2.784098e-03 0.000000e+00 0.000000e+00 0.000000e+00 0.000000e+00 0.000000e+00 0.000000e+00 0.000000e+00 0.000000e+00 0.000000e+00 0.000000e+00 3.460785e-01
1.750000e+02 PB 2.798627e+09 0.000000e+00 0.000000e+00 0.000000e+00 0.000000e+00 1.547794e-04 0.000000e+00 3.067197e-04 0.000000e+00 0.000000e+00 0.000000e+00 0.000000e+00 1.772580e+01 1.992618e+00 0.000000e+00 0.000000e+00 0.000000e+00 0.000000e+00 0.000000e+00 1.971888e+01
1.750000e+02 BB 2.674860e+06 0.000000e+00 0.000000e+00 0.000000e+00 0.000000e+00 0.000000e+00 0.000000e+00 0.000000e+00 0.000000e+00 0.000000e+00 0.000000e+00 0.000000e+00 0.000000e+00 0.000000e+00 0.000000e+00 0.000000e+00 0.000000e+00 0.000000e+00 0.000000e+00 0.000000e+00
1.750000e+02 DL 1.111456e+11 0.000000e+00 0.000000e+00 0.000000e+00 0.000000e+00 5.831342e-05 0.000000e+00 1.062742e-04 3.252578e-05 8.113806e-04 0.000000e+00 0.000000e+00 5.085374e+00 5.750887e-01 0.000000e+00 0.000000e+00 0.000000e+00 0.000000e+00 0.000000e+00 5.661471e+00
1.750000e+02 DR 3.453169e+09 0.000000e+00 0.000000e+00 0.000000e+00 0.000000e+00 1.182285e-03 0.000000e+00 2.362063e-03 1.740869e-03 1.694796e-02 0.000000e+00 0.000000e+00 4.212329e+01 4.741196e+00 0.000000e+00 0.000000e+00 0.000000e+00 0.000000e+00 0.000000e+00 4.688672e+01
1.750000e+02 DC 1.943695e+09 0.000000e+00 0.000000e+00 0.000000e+00 0.000000e+00 1.407679e-05 0.000000e+00 1.357625e-05 7.006245e-06 3.049843e-05 0.000000e+00 0.000000e+00 7.356566e-01 8.644898e-02 0.000000e+00 0.000000e+00 0.000000e+00 0.000000e+00 0.000000e+00 8.221707e-01
1.800000e+02 WAE 3.004147e+05 0.000000e+00 0.000000e+00 0.000000e+00 2.159248e+04 0.000000e+00 0.000000e+00 0.000000e+00 0.000000e+00 0.000000e+00 0.000000e+00 0.000000e+00 0.000000e+00 0.000000e+00 0.000000e+00 0.000000e+00 0.000000e+00 0.000000e+00 0.000000e+00 2.159248e+04
1.800000e+02 YPH 3.914344e+06 0.000000e+00 0.000000e+00 0.000000e+00 3.401356e+03 1.014838e+00 0.000000e+00 0.000000e+00 0.000000e+00 0.000000e+00 0.000000e+00 0.000000e+00 0.000000e+00 0.000000e+00 0.000000e+00 0.000000e+00 0.000000e+00 0.000000e+00 0.000000e+00 3.402371e+03
1.800000e+02 GZS 4.659578e+06 0.000000e+00 0.000000e+00 0.000000e+00 1.795553e+03 0.000000e+00 0.000000e+00 0.000000e+00 0.000000e+00 0.000000e+00 0.000000e+00 0.000000e+00 0.000000e+00 0.000000e+00 0.000000e+00 0.000000e+00 0.000000e+00 0.000000e+00 0.000000e+00 1.795553e+03
1.800000e+02 RDG 4.837650e+05 0.000000e+00 0.000000e+00 0.000000e+00 1.881049e+03 4.990208e-01 0.000000e+00 0.000000e+00 0.000000e+00 0.000000e+00 0.000000e+00 0.000000e+00 0.000000e+00 0.000000e+00 0.000000e+00 0.000000e+00 0.000000e+00 0.000000e+00 0.000000e+00 1.881548e+03
1.800000e+02 DRE 5.199688e+10 7.182415e-08 0.000000e+00 0.000000e+00 4.016759e-03 4.305577e-03 0.000000e+00 6.435203e-04 0.000000e+00 0.000000e+00 0.000000e+00 0.000000e+00 0.000000e+00 0.000000e+00 0.000000e+00 0.000000e+00 0.000000e+00 0.000000e+00 0.000000e+00 8.965856e-03
1.800000e+02 CHI 1.152187e+09 2.276203e-09 1.908739e-13 0.000000e+00 2.516566e-01 5.690335e-02 1.114124e+00 4.945641e-03 0.000000e+00 0.000000e+00 0.000000e+00 0.000000e+00 0.000000e+00 0.000000e+00 0.000000e+00 0.000000e+00 0.000000e+00 0.000000e+00 0.000000e+00 1.427629e+00
1.800000e+02 DIA 2.941458e+11 2.886469e-11 0.000000e+00 0.000000e+00 0.000000e+00 0.000000e+00 3.650201e-04 0.000000e+00 7.711277e-06 0.000000e+00 0.000000e+00 0.000000e+00 2.031269e+00 2.341645e-01 0.000000e+00 0.000000e+00 0.000000e+00 0.000000e+00 0.000000e+00 2.265806e+00
1.800000e+02 GRN 2.360444e+11 1.443981e-11 0.000000e+00 0.000000e+00 0.000000e+00 0.000000e+00 4.229871e-04 0.000000e+00 7.813167e-06 0.000000e+00 0.000000e+00 0.000000e+00 2.070204e+00 2.385269e-01 0.000000e+00 0.000000e+00 0.000000e+00 0.000000e+00 0.000000e+00 2.309161e+00
1.800000e+02 CAL 3.572968e+12 7.807237e-10 0.000000e+00 0.000000e+00 6.605444e-02 8.312412e-03 2.769287e-01 4.593964e-04 2.727066e-03 0.000000e+00 0.000000e+00 0.000000e+00 0.000000e+00 0.000000e+00 0.000000e+00 0.000000e+00 0.000000e+00 0.000000e+00 0.000000e+00 3.544820e-01
1.800000e+02 ROT 3.447265e+11 4.737381e-10 0.000000e+00 0.000000e+00 6.750610e-02 8.451664e-03 2.646474e-01 4.672036e-04 2.767495e-03 0.000000e+00 0.000000e+00 0.000000e+00 0.000000e+00 0.000000e+00 0.000000e+00 0.000000e+00 0.000000e+00 0.000000e+00 0.000000e+00 3.438398e-01
1.800000e+02 PB 2.798627e+09 0.000000e+00 0.000000e+00 0.000000e+00 0.000000e+00 1.576881e-04 0.000000e+00 3.244450e-04 0.000000e+00 0.000000e+00 0.000000e+00 0.000000e+00 1.756058e+01 1.974395e+00 0.000000e+00 0.000000e+00 0.000000e+00 0.000000e+00 0.000000e+00 1.953545e+01
1.800000e+02 BB 2.674860e+06 0.000000e+00 0.000000e+00 0.000000e+00 0.000000e+00 0.000000e+00 0.000000e+00 0.000000e+00 0.000000e+00 0.000000e+00 0.000000e+00 0.000000e+00 0.000000e+00 0.000000e+00 0.000000e+00 0.000000e+00 0.000000e+00 0.000000e+00 0.000000e+00 0.000000e+00
1.800000e+02 DL 1.111456e+11 0.000000e+00 0.000000e+00 0.000000e+00 0.000000e+00 5.882902e-05 0.000000e+00 1.107109e-04 3.188246e-05 7.937773e-04 0.000000e+00 0.000000e+00 4.990837e+00 5.644163e-01 0.000000e+00 0.000000e+00 0.000000e+00 0.000000e+00 0.000000e+00 5.556249e+00
1.800000e+02 DR 3.453169e+09 0.000000e+00 0.000000e+00 0.000000e+00 0.000000e+00 1.199201e-03 0.000000e+00 2.469883e-03 1.734482e-03 1.671094e-02 0.000000e+00 0.000000e+00 4.196138e+01 4.723910e+00 0.000000e+00 0.000000e+00 0.000000e+00 0.000000e+00 0.000000e+00 4.670741e+01
1.800000e+02 DC 1.943695e+09 0.000000e+00 0.000000e+00 0.000000e+00 0.000000e+00 1.368577e-05 0.000000e+00 1.319913e-05 6.811627e-06 2.965125e-05 0.000000e+00 0.000000e+00 7.152217e-01 8.404762e-02 0.000000e+00 0.000000e+00 0.000000e+00 0.000000e+00 0.000000e+00 7.993326e-01
1.850000e+02 WAE 3.004147e+05 0.000000e+00 0.000000e+00 0.000000e+00 2.176772e+04 0.000000e+00 0.000000e+00 0.000000e+00 0.000000e+00 0.000000e+00 0.000000e+00 0.000000e+00 0.000000e+00 0.000000e+00 0.000000e+00 0.000000e+00 0.000000e+00 0.000000e+00 0.000000e+00 2.176772e+04
1.850000e+02 YPH 3.914344e+06 0.000000e+00 0.000000e+00 0.000000e+00 3.523821e+03 1.038974e+00 0.000000e+00 0.000000e+00 0.000000e+00 0.000000e+00 0.000000e+00 0.000000e+00 0.000000e+00 0.000000e+00 0.000000e+00 0.000000e+00 0.000000e+00 0.000000e+00 0.000000e+00 3.524859e+03
1.850000e+02 GZS 4.659578e+06 0.000000e+00 0.000000e+00 0.000000e+00 2.910216e+03 0.000000e+00 0.000000e+00 0.000000e+00 0.000000e+00 0.000000e+00 0.000000e+00 0.000000e+00 0.000000e+00 0.000000e+00 0.000000e+00 0.000000e+00 0.000000e+00 0.000000e+00 0.000000e+00 2.910216e+03
1.850000e+02 RDG 4.837650e+05 0.000000e+00 0.000000e+00 0.000000e+00 2.227772e+03 5.900355e-01 0.000000e+00 0.000000e+00 0.000000e+00 0.000000e+00 0.000000e+00 0.000000e+00 0.000000e+00 0.000000e+00 0.000000e+00 0.000000e+00 0.000000e+00 0.000000e+00 0.000000e+00 2.228362e+03
1.850000e+02 DRE 5.199688e+10 7.106619e-08 0.000000e+00 0.000000e+00 4.034774e-03 4.381289e-03 0.000000e+00 6.675517e-04 0.000000e+00 0.000000e+00 0.000000e+00 0.000000e+00 0.000000e+00 0.000000e+00 0.000000e+00 0.000000e+00 0.000000e+00 0.000000e+00 0.000000e+00 9.083614e-03
1.850000e+02 CHI 1.152187e+09 2.225467e-09 1.858510e-13 0.000000e+00 2.543673e-01 5.589044e-02 1.085250e+00 4.859669e-03 0.000000e+00 0.000000e+00 0.000000e+00 0.000000e+00 0.000000e+00 0.000000e+00 0.000000e+00 0.000000e+00 0.000000e+00 0.000000e+00 0.000000e+00 1.400368e+00
1.850000e+02 DIA 2.941458e+11 2.808557e-11 0.000000e+00 0.000000e+00 0.000000e+00 0.000000e+00 4.076696e-04 0.000000e+00 7.513247e-06 0.000000e+00 0.000000e+00 0.000000e+00 1.979705e+00 2.282155e-01 0.000000e+00 0.000000e+00 0.000000e+00 0.000000e+00 0.000000e+00 2.208336e+00
1.850000e+02 GRN 2.360444e+11 1.405017e-11 0.000000e+00 0.000000e+00 0.000000e+00 0.000000e+00 4.769963e-04 0.000000e+00 7.614940e-06 0.000000e+00 0.000000e+00 0.000000e+00 2.018409e+00 2.325534e-01 0.000000e+00 0.000000e+00 0.000000e+00 0.000000e+00 0.000000e+00 2.251447e+00
1.850000e+02 CAL 3.572968e+12 7.713965e-10 0.000000e+00 0.000000e+00 7.046761e-02 8.398883e-03 2.737486e-01 4.649131e-04 2.710065e-03 0.000000e+00 0.000000e+00 0.000000e+00 0.000000e+00 0.000000e+00 0.000000e+00 0.000000e+00 0.000000e+00 0.000000e+00 0.000000e+00 3.557901e-01
1.850000e+02 ROT 3.447265e+11 4.682264e-10 0.000000e+00 0.000000e+00 7.208017e-02 8.544415e-03 2.583778e-01 4.730891e-04 2.751230e-03 0.000000e+00 0.000000e+00 0.000000e+00 0.000000e+00 0.000000e+00 0.000000e+00 0.000000e+00 0.000000e+00 0.000000e+00 0.000000e+00 3.422267e-01
1.850000e+02 PB 2.798627e+09 0.000000e+00 0.000000e+00 0.000000e+00 0.000000e+00 1.604292e-04 0.000000e+00 3.422902e-04 0.000000e+00 0.000000e+00 0.000000e+00 0.000000e+00 1.740151e+01 1.956952e+00 0.000000e+00 0.000000e+00 0.000000e+00 0.000000e+00 0.000000e+00 1.935896e+01
1.850000e+02 BB 2.674860e+06 0.000000e+00 0.000000e+00 0.000000e+00 0.000000e+00 0.000000e+00 0.000000e+00 0.000000e+00 0.000000e+00 0.000000e+00 0.000000e+00 0.000000e+00 0.000000e+00 0.000000e+00 0.000000e+00 0.000000e+00 0.000000e+00 0.000000e+00 0.000000e+00 0.000000e+00
1.850000e+02 DL 1.111456e+11 0.000000e+00 0.000000e+00 0.000000e+00 0.000000e+00 5.933398e-05 0.000000e+00 1.152898e-04 3.127114e-05 7.769026e-04 0.000000e+00 0.000000e+00 4.901271e+00 5.543210e-01 0.000000e+00 0.000000e+00 0.000000e+00 0.000000e+00 0.000000e+00 5.456575e+00
1.850000e+02 DR 3.453169e+09 0.000000e+00 0.000000e+00 0.000000e+00 0.000000e+00 1.217668e-03 0.000000e+00 2.588205e-03 1.730376e-03 1.647999e-02 0.000000e+00 0.000000e+00 4.185059e+01 4.712725e+00 0.000000e+00 0.000000e+00 0.000000e+00 0.000000e+00 0.000000e+00 4.658533e+01
1.850000e+02 DC 1.943695e+09 0.000000e+00 0.000000e+00 0.000000e+00 0.000000e+00 1.331588e-05 0.000000e+00 1.284240e-05 6.627529e-06 2.884986e-05 0.000000e+00 0.000000e+00 6.958914e-01 8.177606e-02 0.000000e+00 0.000000e+00 0.000000e+00 0.000000e+00 0.000000e+00 7.777291e-01
1.900000e+02 WAE 3.004147e+05 0.000000e+00 0.000000e+00 0.000000e+00 2.190781e+04 0.000000e+00 0.000000e+00 0.000000e+00 0.000000e+00 0.000000e+00 0.000000e+00 0.000000e+00 0.000000e+00 0.000000e+00 0.000000e+00 0.000000e+00 0.000000e+00 0.000000e+00 0.000000e+00 2.190781e+04
1.900000e+02 YPH 3.914344e+06 0.000000e+00 0.000000e+00 0.000000e+00 3.632771e+03 1.059776e+00 0.000000e+00 0.000000e+00 0.000000e+00 0.000000e+00 0.000000e+00 0.000000e+00 0.000000e+00 0.000000e+00 0.000000e+00 0.000000e+00 0.000000e+00 0.000000e+00 0.000000e+00 3.633830e+03
1.900000e+02 GZS 4.659578e+06 0.000000e+00 0.000000e+00 0.000000e+00 4.125666e+03 0.000000e+00 0.000000e+00 0.000000e+00 0.000000e+00 0.000000e+00 0.000000e+00 0.000000e+00 0.000000e+00 0.000000e+00 0.000000e+00 0.000000e+00 0.000000e+00 0.000000e+00 0.000000e+00 4.125666e+03
1.900000e+02 RDG 4.837650e+05 0.000000e+00 0.000000e+00 0.000000e+00 2.579730e+03 6.814878e-01 0.000000e+00 0.000000e+00 0.000000e+00 0.000000e+00 0.000000e+00 0.000000e+00 0.000000e+00 0.000000e+00 0.000000e+00 0.000000e+00 0.000000e+00 0.000000e+00 0.000000e+00 2.580412e+03
1.900000e+02 DRE 5.199688e+10 7.034364e-08 0.000000e+00 0.000000e+00 4.051479e-03 4.451950e-03 0.000000e+00 6.942268e-04 0.000000e+00 0.000000e+00 0.000000e+00 0.000000e+00 0.000000e+00 0.000000e+00 0.000000e+00 0.000000e+00 0.000000e+00 0.000000e+00 0.000000e+00 9.197656e-03
1.900000e+02 CHI 1.152187e+09 2.176806e-09 1.810779e-13 0.000000e+00 2.566584e-01 5.490101e-02 1.058359e+00 4.783193e-03 0.000000e+00 0.000000e+00 0.000000e+00 0.000000e+00 0.000000e+00 0.000000e+00 0.000000e+00 0.000000e+00 0.000000e+00 0.000000e+00 0.000000e+00 1.374702e+00
1.900000e+02 DIA 2.941458e+11 2.734746e-11 0.000000e+00 0.000000e+00 0.000000e+00 0.000000e+00 4.490006e-04 0.000000e+00 7.325602e-06 0.000000e+00 0.000000e+00 0.000000e+00 1.930826e+00 2.225773e-01 0.000000e+00 0.000000e+00 0.000000e+00 0.000000e+00 0.000000e+00 2.153859e+00
1.900000e+02 GRN 2.360444e+11 1.368104e-11 0.000000e+00 0.000000e+00 0.000000e+00 0.000000e+00 5.293171e-04 0.000000e+00 7.427098e-06 0.000000e+00 0.000000e+00 0.000000e+00 1.969303e+00 2.268915e-01 0.000000e+00 0.000000e+00 0.000000e+00 0.000000e+00 0.000000e+00 2.196732e+00
1.900000e+02 CAL 3.572968e+12 7.624547e-10 0.000000e+00 0.000000e+00 7.474761e-02 8.478581e-03 2.711436e-01 4.731805e-04 2.693241e-03 0.000000e+00 0.000000e+00 0.000000e+00 0.000000e+00 0.000000e+00 0.000000e+00 0.000000e+00 0.000000e+00 0.000000e+00 0.000000e+00 3.575362e-01
1.900000e+02 ROT 3.447265e+11 4.629616e-10 0.000000e+00 0.000000e+00 7.653565e-02 8.630964e-03 2.528326e-01 4.818704e-04 2.735257e-03 0.000000e+00 0.000000e+00 0.000000e+00 0.000000e+00 0.000000e+00 0.000000e+00 0.000000e+00 0.000000e+00 0.000000e+00 0.000000e+00 3.412163e-01
1.900000e+02 PB 2.798627e+09 0.000000e+00 0.000000e+00 0.000000e+00 0.000000e+00 1.630138e-04 0.000000e+00 3.602382e-04 0.000000e+00 0.000000e+00 0.000000e+00 0.000000e+00 1.724798e+01 1.940214e+00 0.000000e+00 0.000000e+00 0.000000e+00 0.000000e+00 0.000000e+00 1.918872e+01
1.900000e+02 BB 2.674860e+06 0.000000e+00 0.000000e+00 0.000000e+00 0.000000e+00 0.000000e+00 0.000000e+00 0.000000e+00 0.000000e+00 0.000000e+00 0.000000e+00 0.000000e+00 0.000000e+00 0.000000e+00 0.000000e+00 0.000000e+00 0.000000e+00 0.000000e+00 0.000000e+00 0.000000e+00
1.900000e+02 DL 1.111456e+11 0.000000e+00 0.000000e+00 0.000000e+00 0.000000e+00 5.988512e-05 0.000000e+00 1.202124e-04 3.069857e-05 7.606936e-04 0.000000e+00 0.000000e+00 4.817585e+00 5.449059e-01 0.000000e+00 0.000000e+00 0.000000e+00 0.000000e+00 0.000000e+00 5.363462e+00
1.900000e+02 DR 3.453169e+09 0.000000e+00 0.000000e+00 0.000000e+00 0.000000e+00 1.238081e-03 0.000000e+00 2.718896e-03 1.728727e-03 1.625409e-02 0.000000e+00 0.000000e+00 4.179592e+01 4.708227e+00 0.000000e+00 0.000000e+00 0.000000e+00 0.000000e+00 0.000000e+00 4.652608e+01
1.900000e+02 DC 1.943695e+09 0.000000e+00 0.000000e+00 0.000000e+00 0.000000e+00 1.296547e-05 0.000000e+00 1.250444e-05 6.453120e-06 2.809066e-05 0.000000e+00 0.000000e+00 6.775784e-01 7.962406e-02 0.000000e+00 0.000000e+00 0.000000e+00 0.000000e+00 0.000000e+00 7.572625e-01
1.950000e+02 WAE 3.004147e+05 0.000000e+00 0.000000e+00 0.000000e+00 2.186615e+04 0.000000e+00 0.000000e+00 0.000000e+00 0.000000e+00 0.000000e+00 0.000000e+00 0.000000e+00 0.000000e+00 0.000000e+00 0.000000e+00 0.000000e+00 0.000000e+00 0.000000e+00 0.000000e+00 2.186615e+04
1.950000e+02 YPH 3.914344e+06 0.000000e+00 0.000000e+00 0.000000e+00 3.733897e+03 1.077756e+00 0.000000e+00 0.000000e+00 0.000000e+00 0.000000e+00 0.000000e+00 0.000000e+00 0.000000e+00 0.000000e+00 0.000000e+00 0.000000e+00 0.000000e+00 0.000000e+00 0.000000e+00 3.734975e+03
1.950000e+02 GZS 4.659578e+06 0.000000e+00 0.000000e+00 0.000000e+00 5.460956e+03 0.000000e+00 0.000000e+00 0.000000e+00 0.000000e+00 0.000000e+00 0.000000e+00 0.000000e+00 0.000000e+00 0.000000e+00 0.000000e+00 0.000000e+00 0.000000e+00 0.000000e+00 0.000000e+00 5.460956e+03
1.950000e+02 RDG 4.837650e+05 0.000000e+00 0.000000e+00 0.000000e+00 2.927683e+03 7.687702e-01 0.000000e+00 0.000000e+00 0.000000e+00 0.000000e+00 0.000000e+00 0.000000e+00 0.000000e+00 0.000000e+00 0.000000e+00 0.000000e+00 0.000000e+00 0.000000e+00 0.000000e+00 2.928452e+03
1.950000e+02 DRE 5.199688e+10 6.965377e-08 0.000000e+00 0.000000e+00 4.069305e-03 4.517880e-03 0.000000e+00 7.225811e-04 0.000000e+00 0.000000e+00 0.000000e+00 0.000000e+00 0.000000e+00 0.000000e+00 0.000000e+00 0.000000e+00 0.000000e+00 0.000000e+00 0.000000e+00 9.309766e-03
1.950000e+02 CHI 1.152187e+09 2.130058e-09 1.765361e-13 0.000000e+00 2.585336e-01 5.393298e-02 1.033280e+00 4.713250e-03 0.000000e+00 0.000000e+00 0.000000e+00 0.000000e+00 0.000000e+00 0.000000e+00 0.000000e+00 0.000000e+00 0.000000e+00 0.000000e+00 0.000000e+00 1.350460e+00
1.950000e+02 DIA 2.941458e+11 2.664720e-11 0.000000e+00 0.000000e+00 0.000000e+00 0.000000e+00 4.891484e-04 0.000000e+00 7.147542e-06 0.000000e+00 0.000000e+00 0.000000e+00 1.884422e+00 2.172259e-01 0.000000e+00 0.000000e+00 0.000000e+00 0.000000e+00 0.000000e+00 2.102145e+00
1.950000e+02 GRN 2.360444e+11 1.333084e-11 0.000000e+00 0.000000e+00 0.000000e+00 0.000000e+00 5.801214e-04 0.000000e+00 7.248841e-06 0.000000e+00 0.000000e+00 0.000000e+00 1.922678e+00 2.215171e-01 0.000000e+00 0.000000e+00 0.000000e+00 0.000000e+00 0.000000e+00 2.144782e+00
1.950000e+02 CAL 3.572968e+12 7.538641e-10 0.000000e+00 0.000000e+00 7.890082e-02 8.551871e-03 2.690955e-01 4.833460e-04 2.676562e-03 0.000000e+00 0.000000e+00 0.000000e+00 0.000000e+00 0.000000e+00 0.000000e+00 0.000000e+00 0.000000e+00 0.000000e+00 0.000000e+00 3.597081e-01
1.950000e+02 ROT 3.447265e+11 4.579218e-10 0.000000e+00 0.000000e+00 8.087867e-02 8.711631e-03 2.479860e-01 4.926789e-04 2.719533e-03 0.000000e+00 0.000000e+00 0.000000e+00 0.000000e+00 0.000000e+00 0.000000e+00 0.000000e+00 0.000000e+00 0.000000e+00 0.000000e+00 3.407885e-01
1.950000e+02 PB 2.798627e+09 0.000000e+00 0.000000e+00 0.000000e+00 0.000000e+00 1.654519e-04 0.000000e+00 3.781053e-04 0.000000e+00 0.000000e+00 0.000000e+00 0.000000e+00 1.709944e+01 1.924112e+00 0.000000e+00 0.000000e+00 0.000000e+00 0.000000e+00 0.000000e+00 1.902410e+01
1.950000e+02 BB 2.674860e+06 0.000000e+00 0.000000e+00 0.000000e+00 0.000000e+00 0.000000e+00 0.000000e+00 0.000000e+00 0.000000e+00 0.000000e+00 0.000000e+00 0.000000e+00 0.000000e+00 0.000000e+00 0.000000e+00 0.000000e+00 0.000000e+00 0.000000e+00 0.000000e+00 0.000000e+00
1.950000e+02 DL 1.111456e+11 0.000000e+00 0.000000e+00 0.000000e+00 0.000000e+00 6.048529e-05 0.000000e+00 1.254479e-04 3.016281e-05 7.450945e-04 0.000000e+00 0.000000e+00 4.739443e+00 5.361332e-01 0.000000e+00 0.000000e+00 0.000000e+00 0.000000e+00 0.000000e+00 5.276538e+00
1.950000e+02 DR 3.453169e+09 0.000000e+00 0.000000e+00 0.000000e+00 0.000000e+00 1.260481e-03 0.000000e+00 2.861323e-03 1.729496e-03 1.603230e-02 0.000000e+00 0.000000e+00 4.179578e+01 4.710259e+00 0.000000e+00 0.000000e+00 0.000000e+00 0.000000e+00 0.000000e+00 4.652792e+01
1.950000e+02 DC 1.943695e+09 0.000000e+00 0.000000e+00 0.000000e+00 0.000000e+00 1.263302e-05 0.000000e+00 1.218382e-05 6.287656e-06 2.737038e-05 0.000000e+00 0.000000e+00 6.602046e-01 7.758242e-02 0.000000e+00 0.000000e+00 0.000000e+00 0.000000e+00 0.000000e+00 7.378455e-01
2.000000e+02 WAE 3.004147e+05 0.000000e+00 0.000000e+00 0.000000e+00 2.148214e+04 0.000000e+00 0.000000e+00 0.000000e+00 0.000000e+00 0.000000e+00 0.000000e+00 0.000000e+00 0.000000e+00 0.000000e+00 0.000000e+00 0.000000e+00 0.000000e+00 0.000000e+00 0.000000e+00 2.148214e+04
2.000000e+02 YPH 3.914344e+06 0.000000e+00 0.000000e+00 0.000000e+00 3.831850e+03 1.093268e+00 0.000000e+00 0.000000e+00 0.000000e+00 0.000000e+00 0.000000e+00 0.000000e+00 0.000000e+00 0.000000e+00 0.000000e+00 0.000000e+00 0.000000e+00 0.000000e+00 0.000000e+00 3.832943e+03
2.000000e+02 GZS 4.659578e+06 0.000000e+00 0.000000e+00 0.000000e+00 6.933179e+03 0.000000e+00 0.000000e+00 0.000000e+00 0.000000e+00 0.000000e+00 0.000000e+00 0.000000e+00 0.000000e+00 0.000000e+00 0.000000e+00 0.000000e+00 0.000000e+00 0.000000e+00 0.000000e+00 6.933179e+03
2.000000e+02 RDG 4.837650e+05 0.000000e+00 0.000000e+00 0.000000e+00 3.215755e+03 8.360413e-01 0.000000e+00 0.000000e+00 0.000000e+00 0.000000e+00 0.000000e+00 0.000000e+00 0.000000e+00 0.000000e+00 0.000000e+00 0.000000e+00 0.000000e+00 0.000000e+00 0.000000e+00 3.216591e+03
2.000000e+02 DRE 5.199688e+10 6.899414e-08 0.000000e+00 0.000000e+00 4.091316e-03 4.579275e-03 0.000000e+00 7.496192e-04 0.000000e+00 0.000000e+00 0.000000e+00 0.000000e+00 0.000000e+00 0.000000e+00 0.000000e+00 0.000000e+00 0.000000e+00 0.000000e+00 0.000000e+00 9.420211e-03
2.000000e+02 CHI 1.152187e+09 2.085076e-09 1.722091e-13 0.000000e+00 2.600004e-01 5.298440e-02 1.009850e+00 4.643747e-03 0.000000e+00 0.000000e+00 0.000000e+00 0.000000e+00 0.000000e+00 0.000000e+00 0.000000e+00 0.000000e+00 0.000000e+00 0.000000e+00 0.000000e+00 1.327478e+00
2.000000e+02 DIA 2.941458e+11 2.598195e-11 0.000000e+00 0.000000e+00 0.000000e+00 0.000000e+00 5.282368e-04 0.000000e+00 6.978348e-06 0.000000e+00 0.000000e+00 0.000000e+00 1.840308e+00 2.121396e-01 0.000000e+00 0.000000e+00 0.000000e+00 0.000000e+00 0.000000e+00 2.052983e+00
2.000000e+02 GRN 2.360444e+11 1.299815e-11 0.000000e+00 0.000000e+00 0.000000e+00 0.000000e+00 6.295670e-04 0.000000e+00 7.079451e-06 0.000000e+00 0.000000e+00 0.000000e+00 1.878345e+00 2.164083e-01 0.000000e+00 0.000000e+00 0.000000e+00 0.000000e+00 0.000000e+00 2.095390e+00
2.000000e+02 CAL 3.572968e+12 7.455937e-10 0.000000e+00 0.000000e+00 8.293440e-02 8.618963e-03 2.675871e-01 4.929222e-04 2.660000e-03 0.000000e+00 0.000000e+00 0.000000e+00 0.000000e+00 0.000000e+00 0.000000e+00 0.000000e+00 0.000000e+00 0.000000e+00 0.000000e+00 3.622934e-01
2.000000e+02 ROT 3.447265e+11 4.530872e-10 0.000000e+00 0.000000e+00 8.511625e-02 8.786579e-03 2.438143e-01 5.029356e-04 2.704019e-03 0.000000e+00 0.000000e+00 0.000000e+00 0.000000e+00 0.000000e+00 0.000000e+00 0.000000e+00 0.000000e+00 0.000000e+00 0.000000e+00 3.409241e-01
2.000000e+02 PB 2.798627e+09 0.000000e+00 0.000000e+00 0.000000e+00 0.000000e+00 1.677489e-04 0.000000e+00 3.951699e-04 0.000000e+00 0.000000e+00 0.000000e+00 0.000000e+00 1.695540e+01 1.908585e+00 0.000000e+00 0.000000e+00 0.000000e+00 0.000000e+00 0.000000e+00 1.886455e+01
2.000000e+02 BB 2.674860e+06 0.000000e+00 0.000000e+00 0.000000e+00 0.000000e+00 0.000000e+00 0.000000e+00 0.000000e+00 0.000000e+00 0.000000e+00 0.000000e+00 0.000000e+00 0.000000e+00 0.000000e+00 0.000000e+00 0.000000e+00 0.000000e+00 0.000000e+00 0.000000e+00 0.000000e+00
2.000000e+02 DL 1.111456e+11 0.000000e+00 0.000000e+00 0.000000e+00 0.000000e+00 6.113388e-05 0.000000e+00 1.307814e-04 2.966160e-05 7.300562e-04 0.000000e+00 0.000000e+00 4.666488e+00 5.279627e-01 0.000000e+00 0.000000e+00 0.000000e+00 0.000000e+00 0.000000e+00 5.195403e+00
2.000000e+02 DR 3.453169e+09 0.000000e+00 0.000000e+00 0.000000e+00 0.000000e+00 1.284855e-03 0.000000e+00 3.010142e-03 1.732637e-03 1.581385e-02 0.000000e+00 0.000000e+00 4.184825e+01 4.718621e+00 0.000000e+00 0.000000e+00 0.000000e+00 0.000000e+00 0.000000e+00 4.658871e+01
2.000000e+02 DC 1.943695e+09 0.000000e+00 0.000000e+00 0.000000e+00 0.000000e+00 1.231719e-05 0.000000e+00 1.187922e-05 6.130464e-06 2.668612e-05 0.000000e+00 0.000000e+00 6.436995e-01 7.564285e-02 0.000000e+00 0.000000e+00 0.000000e+00 0.000000e+00 0.000000e+00 7.193994e-01
2.050000e+02 WAE 3.004147e+05 0.000000e+00 0.000000e+00 0.000000e+00 2.113416e+04 0.000000e+00 0.000000e+00 0.000000e+00 0.000000e+00 0.000000e+00 0.000000e+00 0.000000e+00 0.000000e+00 0.000000e+00 0.000000e+00 0.000000e+00 0.000000e+00 0.000000e+00 0.000000e+00 2.113416e+04
2.050000e+02 YPH 3.914344e+06 0.000000e+00 0.000000e+00 0.000000e+00 3.919862e+03 1.106618e+00 0.000000e+00 0.000000e+00 0.000000e+00 0.000000e+00 0.000000e+00 0.000000e+00 0.000000e+00 0.000000e+00 0.000000e+00 0.000000e+00 0.000000e+00 0.000000e+00 0.000000e+00 3.920969e+03
2.050000e+02 GZS 4.659578e+06 0.000000e+00 0.000000e+00 0.000000e+00 8.370887e+03 0.000000e+00 0.000000e+00 0.000000e+00 0.000000e+00 0.000000e+00 0.000000e+00 0.000000e+00 0.000000e+00 0.000000e+00 0.000000e+00 0.000000e+00 0.000000e+00 0.000000e+00 0.000000e+00 8.370887e+03
2.050000e+02 RDG 4.837650e+05 0.000000e+00 0.000000e+00 0.000000e+00 3.444170e+03 8.882433e-01 0.000000e+00 0.000000e+00 0.000000e+00 0.000000e+00 0.000000e+00 0.000000e+00 0.000000e+00 0.000000e+00 0.000000e+00 0.000000e+00 0.000000e+00 0.000000e+00 0.000000e+00 3.445059e+03
2.050000e+02 DRE 5.199688e+10 6.836253e-08 0.000000e+00 0.000000e+00 4.112146e-03 4.636380e-03 0.000000e+00 7.751124e-04 0.000000e+00 0.000000e+00 0.000000e+00 0.000000e+00 0.000000e+00 0.000000e+00 0.000000e+00 0.000000e+00 0.000000e+00 0.000000e+00 0.000000e+00 9.523639e-03
2.050000e+02 CHI 1.152187e+09 2.041734e-09 1.680820e-13 0.000000e+00 2.610941e-01 5.205397e-02 9.877545e-01 4.574106e-03 0.000000e+00 0.000000e+00 0.000000e+00 0.000000e+00 0.000000e+00 0.000000e+00 0.000000e+00 0.000000e+00 0.000000e+00 0.000000e+00 0.000000e+00 1.305477e+00
2.050000e+02 DIA 2.941458e+11 2.534915e-11 0.000000e+00 0.000000e+00 0.000000e+00 0.000000e+00 5.663790e-04 0.000000e+00 6.817371e-06 0.000000e+00 0.000000e+00 0.000000e+00 1.798315e+00 2.072989e-01 0.000000e+00 0.000000e+00 0.000000e+00 0.000000e+00 0.000000e+00 2.006187e+00
2.050000e+02 GRN 2.360444e+11 1.268168e-11 0.000000e+00 0.000000e+00 0.000000e+00 0.000000e+00 6.777975e-04 0.000000e+00 6.918280e-06 0.000000e+00 0.000000e+00 0.000000e+00 1.836135e+00 2.115456e-01 0.000000e+00 0.000000e+00 0.000000e+00 0.000000e+00 0.000000e+00 2.048365e+00
2.050000e+02 CAL 3.572968e+12 7.376155e-10 0.000000e+00 0.000000e+00 8.687982e-02 8.680136e-03 2.664627e-01 5.016787e-04 2.643528e-03 0.000000e+00 0.000000e+00 0.000000e+00 0.000000e+00 0.000000e+00 0.000000e+00 0.000000e+00 0.000000e+00 0.000000e+00 0.000000e+00 3.651678e-01
2.050000e+02 ROT 3.447265e+11 4.484400e-10 0.000000e+00 0.000000e+00 8.928085e-02 8.856049e-03 2.401496e-01 5.123961e-04 2.688681e-03 0.000000e+00 0.000000e+00 0.000000e+00 0.000000e+00 0.000000e+00 0.000000e+00 0.000000e+00 0.000000e+00 0.000000e+00 0.000000e+00 3.414876e-01
2.050000e+02 PB 2.798627e+09 0.000000e+00 0.000000e+00 0.000000e+00 0.000000e+00 1.699125e-04 0.000000e+00 4.114042e-04 0.000000e+00 0.000000e+00 0.000000e+00 0.000000e+00 1.681541e+01 1.893576e+00 0.000000e+00 0.000000e+00 0.000000e+00 0.000000e+00 0.000000e+00 1.870956e+01
2.050000e+02 BB 2.674860e+06 0.000000e+00 0.000000e+00 0.000000e+00 0.000000e+00 0.000000e+00 0.000000e+00 0.000000e+00 0.000000e+00 0.000000e+00 0.000000e+00 0.000000e+00 0.000000e+00 0.000000e+00 0.000000e+00 0.000000e+00 0.000000e+00 0.000000e+00 0.000000e+00 0.000000e+00
2.050000e+02 DL 1.111456e+11 0.000000e+00 0.000000e+00 0.000000e+00 0.000000e+00 6.182492e-05 0.000000e+00 1.361758e-04 2.919229e-05 7.155359e-04 0.000000e+00 0.000000e+00 4.598265e+00 5.203429e-01 0.000000e+00 0.000000e+00 0.000000e+00 0.000000e+00 0.000000e+00 5.119551e+00
2.050000e+02 DR 3.453169e+09 0.000000e+00 0.000000e+00 0.000000e+00 0.000000e+00 1.310882e-03 0.000000e+00 3.163709e-03 1.737814e-03 1.559808e-02 0.000000e+00 0.000000e+00 4.194495e+01 4.732379e+00 0.000000e+00 0.000000e+00 0.000000e+00 0.000000e+00 0.000000e+00 4.669914e+01
2.050000e+02 DC 1.943695e+09 0.000000e+00 0.000000e+00 0.000000e+00 0.000000e+00 1.201677e-05 0.000000e+00 1.158949e-05 5.980941e-06 2.603524e-05 0.000000e+00 0.000000e+00 6.279995e-01 7.379791e-02 0.000000e+00 0.000000e+00 0.000000e+00 0.000000e+00 0.000000e+00 7.018531e-01
2.100000e+02 WAE 3.004147e+05 0.000000e+00 0.000000e+00 0.000000e+00 2.082199e+04 0.000000e+00 0.000000e+00 0.000000e+00 0.000000e+00 0.000000e+00 0.000000e+00 0.000000e+00 0.000000e+00 0.000000e+00 0.000000e+00 0.000000e+00 0.000000e+00 0.000000e+00 0.000000e+00 2.082199e+04
2.100000e+02 YPH 3.914344e+06 0.000000e+00 0.000000e+00 0.000000e+00 4.000600e+03 1.118039e+00 0.000000e+00 0.000000e+00 0.000000e+00 0.000000e+00 0.000000e+00 0.000000e+00 0.000000e+00 0.000000e+00 0.000000e+00 0.000000e+00 0.000000e+00 0.000000e+00 0.000000e+00 4.001719e+03
2.100000e+02 GZS 4.659578e+06 0.000000e+00 0.000000e+00 0.000000e+00 9.688700e+03 0.000000e+00 0.000000e+00 0.000000e+00 0.000000e+00 0.000000e+00 0.000000e+00 0.000000e+00 0.000000e+00 0.000000e+00 0.000000e+00 0.000000e+00 0.000000e+00 0.000000e+00 0.000000e+00 9.688700e+03
2.100000e+02 RDG 4.837650e+05 0.000000e+00 0.000000e+00 0.000000e+00 3.633462e+03 9.297970e-01 0.000000e+00 0.000000e+00 0.000000e+00 0.000000e+00 0.000000e+00 0.000000e+00 0.000000e+00 0.000000e+00 0.000000e+00 0.000000e+00 0.000000e+00 0.000000e+00 0.000000e+00 3.634392e+03
2.100000e+02 DRE 5.199688e+10 6.775695e-08 0.000000e+00 0.000000e+00 4.132040e-03 4.689402e-03 0.000000e+00 7.991334e-04 0.000000e+00 0.000000e+00 0.000000e+00 0.000000e+00 0.000000e+00 0.000000e+00 0.000000e+00 0.000000e+00 0.000000e+00 0.000000e+00 0.000000e+00 9.620575e-03
2.100000e+02 CHI 1.152187e+09 1.999930e-09 1.641415e-13 0.000000e+00 2.618540e-01 5.114105e-02 9.667253e-01 4.504397e-03 0.000000e+00 0.000000e+00 0.000000e+00 0.000000e+00 0.000000e+00 0.000000e+00 0.000000e+00 0.000000e+00 0.000000e+00 0.000000e+00 0.000000e+00 1.284225e+00
2.100000e+02 DIA 2.941458e+11 2.474648e-11 0.000000e+00 0.000000e+00 0.000000e+00 0.000000e+00 6.036741e-04 0.000000e+00 6.664025e-06 0.000000e+00 0.000000e+00 0.000000e+00 1.758289e+00 2.026862e-01 0.000000e+00 0.000000e+00 0.000000e+00 0.000000e+00 0.000000e+00 1.961585e+00
2.100000e+02 GRN 2.360444e+11 1.238029e-11 0.000000e+00 0.000000e+00 0.000000e+00 0.000000e+00 7.249392e-04 0.000000e+00 6.764740e-06 0.000000e+00 0.000000e+00 0.000000e+00 1.795896e+00 2.069112e-01 0.000000e+00 0.000000e+00 0.000000e+00 0.000000e+00 0.000000e+00 2.003539e+00
2.100000e+02 CAL 3.572968e+12 7.299056e-10 0.000000e+00 0.000000e+00 9.076928e-02 8.735655e-03 2.655690e-01 5.096414e-04 2.627129e-03 0.000000e+00 0.000000e+00 0.000000e+00 0.000000e+00 0.000000e+00 0.000000e+00 0.000000e+00 0.000000e+00 0.000000e+00 0.000000e+00 3.682107e-01
2.100000e+02 ROT 3.447265e+11 4.439648e-10 0.000000e+00 0.000000e+00 9.340604e-02 8.920265e-03 2.368264e-01 5.210820e-04 2.673493e-03 0.000000e+00 0.000000e+00 0.000000e+00 0.000000e+00 0.000000e+00 0.000000e+00 0.000000e+00 0.000000e+00 0.000000e+00 0.000000e+00 3.423472e-01
2.100000e+02 PB 2.798627e+09 0.000000e+00 0.000000e+00 0.000000e+00 0.000000e+00 1.719487e-04 0.000000e+00 4.268644e-04 0.000000e+00 0.000000e+00 0.000000e+00 0.000000e+00 1.667908e+01 1.879039e+00 0.000000e+00 0.000000e+00 0.000000e+00 0.000000e+00 0.000000e+00 1.855872e+01
2.100000e+02 BB 2.674860e+06 0.000000e+00 0.000000e+00 0.000000e+00 0.000000e+00 0.000000e+00 0.000000e+00 0.000000e+00 0.000000e+00 0.000000e+00 0.000000e+00 0.000000e+00 0.000000e+00 0.000000e+00 0.000000e+00 0.000000e+00 0.000000e+00 0.000000e+00 0.000000e+00 0.000000e+00
2.100000e+02 DL 1.111456e+11 0.000000e+00 0.000000e+00 0.000000e+00 0.000000e+00 6.253647e-05 0.000000e+00 1.415579e-04 2.875084e-05 7.014998e-04 0.000000e+00 0.000000e+00 4.534045e+00 5.131905e-01 0.000000e+00 0.000000e+00 0.000000e+00 0.000000e+00 0.000000e+00 5.048170e+00
2.100000e+02 DR 3.453169e+09 0.000000e+00 0.000000e+00 0.000000e+00 0.000000e+00 1.337732e-03 0.000000e+00 3.319039e-03 1.744329e-03 1.538460e-02 0.000000e+00 0.000000e+00 4.206844e+01 4.749536e+00 0.000000e+00 0.000000e+00 0.000000e+00 0.000000e+00 0.000000e+00 4.683976e+01
2.100000e+02 DC 1.943695e+09 0.000000e+00 0.000000e+00 0.000000e+00 0.000000e+00 1.173066e-05 0.000000e+00 1.131355e-05 5.838537e-06 2.541536e-05 0.000000e+00 0.000000e+00 6.130472e-01 7.204081e-02 0.000000e+00 0.000000e+00 0.000000e+00 0.000000e+00 0.000000e+00 6.851423e-01
2.150000e+02 WAE 3.004147e+05 0.000000e+00 0.000000e+00 0.000000e+00 2.054074e+04 0.000000e+00 0.000000e+00 0.000000e+00 0.000000e+00 0.000000e+00 0.000000e+00 0.000000e+00 0.000000e+00 0.000000e+00 0.000000e+00 0.000000e+00 0.000000e+00 0.000000e+00 0.000000e+00 2.054074e+04
2.150000e+02 YPH 3.914344e+06 0.000000e+00 0.000000e+00 0.000000e+00 4.074655e+03 1.125365e+00 0.000000e+00 0.000000e+00 0.000000e+00 0.000000e+00 0.000000e+00 0.000000e+00 0.000000e+00 0.000000e+00 0.000000e+00 0.000000e+00 0.000000e+00 0.000000e+00 0.000000e+00 4.075781e+03
2.150000e+02 GZS 4.659578e+06 0.000000e+00 0.000000e+00 0.000000e+00 1.094318e+04 0.000000e+00 0.000000e+00 0.000000e+00 0.000000e+00 0.000000e+00 0.000000e+00 0.000000e+00 0.000000e+00 0.000000e+00 0.000000e+00 0.000000e+00 0.000000e+00 0.000000e+00 0.000000e+00 1.094318e+04
2.150000e+02 RDG 4.837650e+05 0.000000e+00 0.000000e+00 0.000000e+00 3.793720e+03 9.634633e-01 0.000000e+00 0.000000e+00 0.000000e+00 0.000000e+00 0.000000e+00 0.000000e+00 0.000000e+00 0.000000e+00 0.000000e+00 0.000000e+00 0.000000e+00 0.000000e+00 0.000000e+00 3.794683e+03
2.150000e+02 DRE 5.199688e+10 6.717557e-08 0.000000e+00 0.000000e+00 4.151047e-03 4.738516e-03 0.000000e+00 8.217442e-04 0.000000e+00 0.000000e+00 0.000000e+00 0.000000e+00 0.000000e+00 0.000000e+00 0.000000e+00 0.000000e+00 0.000000e+00 0.000000e+00 0.000000e+00 9.711308e-03
2.150000e+02 CHI 1.152187e+09 1.959572e-09 1.603757e-13 0.000000e+00 2.622939e-01 5.024522e-02 9.466747e-01 4.434713e-03 0.000000e+00 0.000000e+00 0.000000e+00 0.000000e+00 0.000000e+00 0.000000e+00 0.000000e+00 0.000000e+00 0.000000e+00 0.000000e+00 0.000000e+00 1.263649e+00
2.150000e+02 DIA 2.941458e+11 2.417185e-11 0.000000e+00 0.000000e+00 0.000000e+00 0.000000e+00 6.402125e-04 0.000000e+00 6.517777e-06 0.000000e+00 0.000000e+00 0.000000e+00 1.720093e+00 1.982854e-01 0.000000e+00 0.000000e+00 0.000000e+00 0.000000e+00 0.000000e+00 1.919025e+00
2.150000e+02 GRN 2.360444e+11 1.209292e-11 0.000000e+00 0.000000e+00 0.000000e+00 0.000000e+00 7.711069e-04 0.000000e+00 6.618298e-06 0.000000e+00 0.000000e+00 0.000000e+00 1.757489e+00 2.024891e-01 0.000000e+00 0.000000e+00 0.000000e+00 0.000000e+00 0.000000e+00 1.960756e+00
2.150000e+02 CAL 3.572968e+12 7.224426e-10 0.000000e+00 0.000000e+00 9.460771e-02 8.785750e-03 2.648943e-01 5.168321e-04 2.610790e-03 0.000000e+00 0.000000e+00 0.000000e+00 0.000000e+00 0.000000e+00 0.000000e+00 0.000000e+00 0.000000e+00 0.000000e+00 0.000000e+00 3.714154e-01
2.150000e+02 ROT 3.447265e+11 4.396479e-10 0.000000e+00 0.000000e+00 9.749698e-02 8.979424e-03 2.338267e-01 5.290109e-04 2.658435e-03 0.000000e+00 0.000000e+00 0.000000e+00 0.000000e+00 0.000000e+00 0.000000e+00 0.000000e+00 0.000000e+00 0.000000e+00 0.000000e+00 3.434906e-01
2.150000e+02 PB 2.798627e+09 0.000000e+00 0.000000e+00 0.000000e+00 0.000000e+00 1.738626e-04 0.000000e+00 4.415956e-04 0.000000e+00 0.000000e+00 0.000000e+00 0.000000e+00 1.654610e+01 1.864933e+00 0.000000e+00 0.000000e+00 0.000000e+00 0.000000e+00 0.000000e+00 1.841165e+01
2.150000e+02 BB 2.674860e+06 0.000000e+00 0.000000e+00 0.000000e+00 0.000000e+00 0.000000e+00 0.000000e+00 0.000000e+00 0.000000e+00 0.000000e+00 0.000000e+00 0.000000e+00 0.000000e+00 0.000000e+00 0.000000e+00 0.000000e+00 0.000000e+00 0.000000e+00 0.000000e+00 0.000000e+00
2.150000e+02 DL 1.111456e+11 0.000000e+00 0.000000e+00 0.000000e+00 0.000000e+00 6.326362e-05 0.000000e+00 1.469193e-04 2.833504e-05 6.879183e-04 0.000000e+00 0.000000e+00 4.473474e+00 5.064651e-01 0.000000e+00 0.000000e+00 0.000000e+00 0.000000e+00 0.000000e+00 4.980865e+00
2.150000e+02 DR 3.453169e+09 0.000000e+00 0.000000e+00 0.000000e+00 0.000000e+00 1.365327e-03 0.000000e+00 3.476073e-03 1.752105e-03 1.517314e-02 0.000000e+00 0.000000e+00 4.221626e+01 4.769820e+00 0.000000e+00 0.000000e+00 0.000000e+00 0.000000e+00 0.000000e+00 4.700785e+01
2.150000e+02 DC 1.943695e+09 0.000000e+00 0.000000e+00 0.000000e+00 0.000000e+00 1.145785e-05 0.000000e+00 1.105044e-05 5.702757e-06 2.482430e-05 0.000000e+00 0.000000e+00 5.987903e-01 7.036545e-02 0.000000e+00 0.000000e+00 0.000000e+00 0.000000e+00 0.000000e+00 6.692087e-01
2.200000e+02 WAE 3.004147e+05 0.000000e+00 0.000000e+00 0.000000e+00 2.028641e+04 0.000000e+00 0.000000e+00 0.000000e+00 0.000000e+00 0.000000e+00 0.000000e+00 0.000000e+00 0.000000e+00 0.000000e+00 0.000000e+00 0.000000e+00 0.000000e+00 0.000000e+00 0.000000e+00 2.028641e+04
2.200000e+02 YPH 3.914344e+06 0.000000e+00 0.000000e+00 0.000000e+00 4.142492e+03 1.110077e+00 0.000000e+00 0.000000e+00 0.000000e+00 0.000000e+00 0.000000e+00 0.000000e+00 0.000000e+00 0.000000e+00 0.000000e+00 0.000000e+00 0.000000e+00 0.000000e+00 0.000000e+00 4.143603e+03
2.200000e+02 GZS 4.659578e+06 0.000000e+00 0.000000e+00 0.000000e+00 1.216928e+04 0.000000e+00 0.000000e+00 0.000000e+00 0.000000e+00 0.000000e+00 0.000000e+00 0.000000e+00 0.000000e+00 0.000000e+00 0.000000e+00 0.000000e+00 0.000000e+00 0.000000e+00 0.000000e+00 1.216928e+04
2.200000e+02 RDG 4.837650e+05 0.000000e+00 0.000000e+00 0.000000e+00 3.931558e+03 9.910730e-01 0.000000e+00 0.000000e+00 0.000000e+00 0.000000e+00 0.000000e+00 0.000000e+00 0.000000e+00 0.000000e+00 0.000000e+00 0.000000e+00 0.000000e+00 0.000000e+00 0.000000e+00 3.932549e+03
2.200000e+02 DRE 5.199688e+10 6.661675e-08 0.000000e+00 0.000000e+00 4.169215e-03 4.783889e-03 0.000000e+00 8.430013e-04 0.000000e+00 0.000000e+00 0.000000e+00 0.000000e+00 0.000000e+00 0.000000e+00 0.000000e+00 0.000000e+00 0.000000e+00 0.000000e+00 0.000000e+00 9.796105e-03
2.200000e+02 CHI 1.152187e+09 1.920580e-09 1.567735e-13 0.000000e+00 2.624274e-01 4.936622e-02 9.275228e-01 4.365152e-03 0.000000e+00 0.000000e+00 0.000000e+00 0.000000e+00 0.000000e+00 0.000000e+00 0.000000e+00 0.000000e+00 0.000000e+00 0.000000e+00 0.000000e+00 1.243682e+00
2.200000e+02 DIA 2.941458e+11 2.362334e-11 0.000000e+00 0.000000e+00 0.000000e+00 0.000000e+00 6.760777e-04 0.000000e+00 6.378143e-06 0.000000e+00 0.000000e+00 0.000000e+00 1.683602e+00 1.940820e-01 0.000000e+00 0.000000e+00 0.000000e+00 0.000000e+00 0.000000e+00 1.878366e+00
2.200000e+02 GRN 2.360444e+11 1.181861e-11 0.000000e+00 0.000000e+00 0.000000e+00 0.000000e+00 8.164068e-04 0.000000e+00 6.478471e-06 0.000000e+00 0.000000e+00 0.000000e+00 1.720788e+00 1.982648e-01 0.000000e+00 0.000000e+00 0.000000e+00 0.000000e+00 0.000000e+00 1.919876e+00
2.200000e+02 CAL 3.572968e+12 7.152068e-10 0.000000e+00 0.000000e+00 9.839955e-02 8.830649e-03 2.644269e-01 5.232711e-04 2.594497e-03 0.000000e+00 0.000000e+00 0.000000e+00 0.000000e+00 0.000000e+00 0.000000e+00 0.000000e+00 0.000000e+00 0.000000e+00 0.000000e+00 3.747749e-01
2.200000e+02 ROT 3.447265e+11 4.354767e-10 0.000000e+00 0.000000e+00 1.015584e-01 9.033717e-03 2.311338e-01 5.361989e-04 2.643487e-03 0.000000e+00 0.000000e+00 0.000000e+00 0.000000e+00 0.000000e+00 0.000000e+00 0.000000e+00 0.000000e+00 0.000000e+00 0.000000e+00 3.449056e-01
2.200000e+02 PB 2.798627e+09 0.000000e+00 0.000000e+00 0.000000e+00 0.000000e+00 1.756589e-04 0.000000e+00 4.556376e-04 0.000000e+00 0.000000e+00 0.000000e+00 0.000000e+00 1.641616e+01 1.851219e+00 0.000000e+00 0.000000e+00 0.000000e+00 0.000000e+00 0.000000e+00 1.826801e+01
2.200000e+02 BB 2.674860e+06 0.000000e+00 0.000000e+00 0.000000e+00 0.000000e+00 0.000000e+00 0.000000e+00 0.000000e+00 0.000000e+00 0.000000e+00 0.000000e+00 0.000000e+00 0.000000e+00 0.000000e+00 0.000000e+00 0.000000e+00 0.000000e+00 0.000000e+00 0.000000e+00 0.000000e+00
2.200000e+02 DL 1.111456e+11 0.000000e+00 0.000000e+00 0.000000e+00 0.000000e+00 6.400597e-05 0.000000e+00 1.522680e-04 2.794333e-05 6.747656e-04 0.000000e+00 0.000000e+00 4.416312e+00 5.001396e-01 0.000000e+00 0.000000e+00 0.000000e+00 0.000000e+00 0.000000e+00 4.917371e+00
2.200000e+02 DR 3.453169e+09 0.000000e+00 0.000000e+00 0.000000e+00 0.000000e+00 1.393665e-03 0.000000e+00 3.635014e-03 1.761115e-03 1.496350e-02 0.000000e+00 0.000000e+00 4.238738e+01 4.793126e+00 0.000000e+00 0.000000e+00 0.000000e+00 0.000000e+00 0.000000e+00 4.720226e+01
2.200000e+02 DC 1.943695e+09 0.000000e+00 0.000000e+00 0.000000e+00 0.000000e+00 1.119745e-05 0.000000e+00 1.079929e-05 5.573149e-06 2.426011e-05 0.000000e+00 0.000000e+00 5.851814e-01 6.876623e-02 0.000000e+00 0.000000e+00 0.000000e+00 0.000000e+00 0.000000e+00 6.539995e-01
2.250000e+02 WAE 3.004147e+05 0.000000e+00 0.000000e+00 0.000000e+00 2.005570e+04 0.000000e+00 0.000000e+00 0.000000e+00 0.000000e+00 0.000000e+00 0.000000e+00 0.000000e+00 0.000000e+00 0.000000e+00 0.000000e+00 0.000000e+00 0.000000e+00 0.000000e+00 0.000000e+00 2.005570e+04
2.250000e+02 YPH 3.914344e+06 0.000000e+00 0.000000e+00 0.000000e+00 4.204483e+03 1.095593e+00 0.000000e+00 0.000000e+00 0.000000e+00 0.000000e+00 0.000000e+00 0.000000e+00 0.000000e+00 0.000000e+00 0.000000e+00 0.000000e+00 0.000000e+00 0.000000e+00 0.000000e+00 4.205579e+03
2.250000e+02 GZS 4.659578e+06 0.000000e+00 0.000000e+00 0.000000e+00 1.338994e+04 0.000000e+00 0.000000e+00 0.000000e+00 0.000000e+00 0.000000e+00 0.000000e+00 0.000000e+00 0.000000e+00 0.000000e+00 0.000000e+00 0.000000e+00 0.000000e+00 0.000000e+00 0.000000e+00 1.338994e+04
2.250000e+02 RDG 4.837650e+05 0.000000e+00 0.000000e+00 0.000000e+00 4.051474e+03 1.013853e+00 0.000000e+00 0.000000e+00 0.000000e+00 0.000000e+00 0.000000e+00 0.000000e+00 0.000000e+00 0.000000e+00 0.000000e+00 0.000000e+00 0.000000e+00 0.000000e+00 0.000000e+00 4.052488e+03
2.250000e+02 DRE 5.199688e+10 6.607899e-08 0.000000e+00 0.000000e+00 4.186585e-03 4.825673e-03 0.000000e+00 8.629565e-04 0.000000e+00 0.000000e+00 0.000000e+00 0.000000e+00 0.000000e+00 0.000000e+00 0.000000e+00 0.000000e+00 0.000000e+00 0.000000e+00 0.000000e+00 9.875215e-03
2.250000e+02 CHI 1.152187e+09 1.882881e-09 1.533249e-13 0.000000e+00 2.622684e-01 4.850388e-02 9.091962e-01 4.295819e-03 0.000000e+00 0.000000e+00 0.000000e+00 0.000000e+00 0.000000e+00 0.000000e+00 0.000000e+00 0.000000e+00 0.000000e+00 0.000000e+00 0.000000e+00 1.224264e+00
2.250000e+02 DIA 2.941458e+11 2.309920e-11 0.000000e+00 0.000000e+00 0.000000e+00 0.000000e+00 7.113476e-04 0.000000e+00 6.244682e-06 0.000000e+00 0.000000e+00 0.000000e+00 1.648701e+00 1.900628e-01 0.000000e+00 0.000000e+00 0.000000e+00 0.000000e+00 0.000000e+00 1.839481e+00
2.250000e+02 GRN 2.360444e+11 1.155649e-11 0.000000e+00 0.000000e+00 0.000000e+00 0.000000e+00 8.609378e-04 0.000000e+00 6.344818e-06 0.000000e+00 0.000000e+00 0.000000e+00 1.685679e+00 1.942249e-01 0.000000e+00 0.000000e+00 0.000000e+00 0.000000e+00 0.000000e+00 1.880771e+00
2.250000e+02 CAL 3.572968e+12 7.081803e-10 0.000000e+00 0.000000e+00 1.021489e-01 8.870548e-03 2.641555e-01 5.289781e-04 2.578240e-03 0.000000e+00 0.000000e+00 0.000000e+00 0.000000e+00 0.000000e+00 0.000000e+00 0.000000e+00 0.000000e+00 0.000000e+00 0.000000e+00 3.782821e-01
2.250000e+02 ROT 3.447265e+11 4.314398e-10 0.000000e+00 0.000000e+00 1.055947e-01 9.083311e-03 2.287315e-01 5.426615e-04 2.628630e-03 0.000000e+00 0.000000e+00 0.000000e+00 0.000000e+00 0.000000e+00 0.000000e+00 0.000000e+00 0.000000e+00 0.000000e+00 0.000000e+00 3.465808e-01
2.250000e+02 PB 2.798627e+09 0.000000e+00 0.000000e+00 0.000000e+00 0.000000e+00 1.773421e-04 0.000000e+00 4.690268e-04 0.000000e+00 0.000000e+00 0.000000e+00 0.000000e+00 1.628899e+01 1.837862e+00 0.000000e+00 0.000000e+00 0.000000e+00 0.000000e+00 0.000000e+00 1.812749e+01
2.250000e+02 BB 2.674860e+06 0.000000e+00 0.000000e+00 0.000000e+00 0.000000e+00 0.000000e+00 0.000000e+00 0.000000e+00 0.000000e+00 0.000000e+00 0.000000e+00 0.000000e+00 0.000000e+00 0.000000e+00 0.000000e+00 0.000000e+00 0.000000e+00 0.000000e+00 0.000000e+00 0.000000e+00
2.250000e+02 DL 1.111456e+11 0.000000e+00 0.000000e+00 0.000000e+00 0.000000e+00 6.476325e-05 0.000000e+00 1.576117e-04 2.757433e-05 6.620182e-04 0.000000e+00 0.000000e+00 4.362344e+00 4.941897e-01 0.000000e+00 0.000000e+00 0.000000e+00 0.000000e+00 0.000000e+00 4.857446e+00
2.250000e+02 DR 3.453169e+09 0.000000e+00 0.000000e+00 0.000000e+00 0.000000e+00 1.422740e-03 0.000000e+00 3.796050e-03 1.771337e-03 1.475551e-02 0.000000e+00 0.000000e+00 4.258080e+01 4.819350e+00 0.000000e+00 0.000000e+00 0.000000e+00 0.000000e+00 0.000000e+00 4.742189e+01
2.250000e+02 DC 1.943695e+09 0.000000e+00 0.000000e+00 0.000000e+00 0.000000e+00 1.094862e-05 0.000000e+00 1.055931e-05 5.449302e-06 2.372100e-05 0.000000e+00 0.000000e+00 5.721774e-01 6.723809e-02 0.000000e+00 0.000000e+00 0.000000e+00 0.000000e+00 0.000000e+00 6.394661e-01
2.300000e+02 WAE 3.004147e+05 0.000000e+00 0.000000e+00 0.000000e+00 1.984585e+04 0.000000e+00 0.000000e+00 0.000000e+00 0.000000e+00 0.000000e+00 0.000000e+00 0.000000e+00 0.000000e+00 0.000000e+00 0.000000e+00 0.000000e+00 0.000000e+00 0.000000e+00 0.000000e+00 1.984585e+04
2.300000e+02 YPH 3.914344e+06 0.000000e+00 0.000000e+00 0.000000e+00 4.260925e+03 1.081764e+00 0.000000e+00 0.000000e+00 0.000000e+00 0.000000e+00 0.000000e+00 0.000000e+00 0.000000e+00 0.000000e+00 0.000000e+00 0.000000e+00 0.000000e+00 0.000000e+00 0.000000e+00 4.262006e+03
2.300000e+02 GZS 4.659578e+06 0.000000e+00 0.000000e+00 0.000000e+00 1.462085e+04 0.000000e+00 0.000000e+00 0.000000e+00 0.000000e+00 0.000000e+00 0.000000e+00 0.000000e+00 0.000000e+00 0.000000e+00 0.000000e+00 0.000000e+00 0.000000e+00 0.000000e+00 0.000000e+00 1.462085e+04
2.300000e+02 RDG 4.837650e+05 0.000000e+00 0.000000e+00 0.000000e+00 4.156618e+03 1.032682e+00 0.000000e+00 0.000000e+00 0.000000e+00 0.000000e+00 0.000000e+00 0.000000e+00 0.000000e+00 0.000000e+00 0.000000e+00 0.000000e+00 0.000000e+00 0.000000e+00 0.000000e+00 4.157650e+03
2.300000e+02 DRE 5.199688e+10 6.556092e-08 0.000000e+00 0.000000e+00 4.203199e-03 4.864017e-03 0.000000e+00 8.816575e-04 0.000000e+00 0.000000e+00 0.000000e+00 0.000000e+00 0.000000e+00 0.000000e+00 0.000000e+00 0.000000e+00 0.000000e+00 0.000000e+00 0.000000e+00 9.948873e-03
2.300000e+02 CHI 1.152187e+09 1.846409e-09 1.500206e-13 0.000000e+00 2.618312e-01 4.765809e-02 8.916281e-01 4.226822e-03 0.000000e+00 0.000000e+00 0.000000e+00 0.000000e+00 0.000000e+00 0.000000e+00 0.000000e+00 0.000000e+00 0.000000e+00 0.000000e+00 0.000000e+00 1.205344e+00
2.300000e+02 DIA 2.941458e+11 2.259785e-11 0.000000e+00 0.000000e+00 0.000000e+00 0.000000e+00 7.460945e-04 0.000000e+00 6.116993e-06 0.000000e+00 0.000000e+00 0.000000e+00 1.615285e+00 1.862156e-01 0.000000e+00 0.000000e+00 0.000000e+00 0.000000e+00 0.000000e+00 1.802253e+00
2.300000e+02 GRN 2.360444e+11 1.130576e-11 0.000000e+00 0.000000e+00 0.000000e+00 0.000000e+00 9.047920e-04 0.000000e+00 6.216937e-06 0.000000e+00 0.000000e+00 0.000000e+00 1.652057e+00 1.903573e-01 0.000000e+00 0.000000e+00 0.000000e+00 0.000000e+00 0.000000e+00 1.843325e+00
2.300000e+02 CAL 3.572968e+12 7.013470e-10 0.000000e+00 0.000000e+00 1.058594e-01 8.905647e-03 2.640686e-01 5.339720e-04 2.562008e-03 0.000000e+00 0.000000e+00 0.000000e+00 0.000000e+00 0.000000e+00 0.000000e+00 0.000000e+00 0.000000e+00 0.000000e+00 0.000000e+00 3.819296e-01
2.300000e+02 ROT 3.447265e+11 4.275266e-10 0.000000e+00 0.000000e+00 1.096101e-01 9.128373e-03 2.266039e-01 5.484135e-04 2.613850e-03 0.000000e+00 0.000000e+00 0.000000e+00 0.000000e+00 0.000000e+00 0.000000e+00 0.000000e+00 0.000000e+00 0.000000e+00 0.000000e+00 3.485046e-01
2.300000e+02 PB 2.798627e+09 0.000000e+00 0.000000e+00 0.000000e+00 0.000000e+00 1.789162e-04 0.000000e+00 4.817963e-04 0.000000e+00 0.000000e+00 0.000000e+00 0.000000e+00 1.616433e+01 1.824831e+00 0.000000e+00 0.000000e+00 0.000000e+00 0.000000e+00 0.000000e+00 1.798982e+01
2.300000e+02 BB 2.674860e+06 0.000000e+00 0.000000e+00 0.000000e+00 0.000000e+00 0.000000e+00 0.000000e+00 0.000000e+00 0.000000e+00 0.000000e+00 0.000000e+00 0.000000e+00 0.000000e+00 0.000000e+00 0.000000e+00 0.000000e+00 0.000000e+00 0.000000e+00 0.000000e+00 0.000000e+00
2.300000e+02 DL 1.111456e+11 0.000000e+00 0.000000e+00 0.000000e+00 0.000000e+00 6.553522e-05 0.000000e+00 1.629575e-04 2.722679e-05 6.496553e-04 0.000000e+00 0.000000e+00 4.311373e+00 4.885930e-01 0.000000e+00 0.000000e+00 0.000000e+00 0.000000e+00 0.000000e+00 4.800871e+00
2.300000e+02 DR 3.453169e+09 0.000000e+00 0.000000e+00 0.000000e+00 0.000000e+00 1.452547e-03 0.000000e+00 3.959345e-03 1.782749e-03 1.454909e-02 0.000000e+00 0.000000e+00 4.279553e+01 4.848393e+00 0.000000e+00 0.000000e+00 0.000000e+00 0.000000e+00 0.000000e+00 4.766567e+01
2.300000e+02 DC 1.943695e+09 0.000000e+00 0.000000e+00 0.000000e+00 0.000000e+00 1.071060e-05 0.000000e+00 1.032976e-05 5.330839e-06 2.320533e-05 0.000000e+00 0.000000e+00 5.597387e-01 6.577640e-02 0.000000e+00 0.000000e+00 0.000000e+00 0.000000e+00 0.000000e+00 6.255647e-01
2.350000e+02 WAE 3.004147e+05 0.000000e+00 0.000000e+00 0.000000e+00 1.952727e+04 0.000000e+00 0.000000e+00 0.000000e+00 0.000000e+00 0.000000e+00 0.000000e+00 0.000000e+00 0.000000e+00 0.000000e+00 0.000000e+00 0.000000e+00 0.000000e+00 0.000000e+00 0.000000e+00 1.952727e+04
2.350000e+02 YPH 3.914344e+06 0.000000e+00 0.000000e+00 0.000000e+00 4.314008e+03 1.068464e+00 0.000000e+00 0.000000e+00 0.000000e+00 0.000000e+00 0.000000e+00 0.000000e+00 0.000000e+00 0.000000e+00 0.000000e+00 0.000000e+00 0.000000e+00 0.000000e+00 0.000000e+00 4.315077e+03
2.350000e+02 GZS 4.659578e+06 0.000000e+00 0.000000e+00 0.000000e+00 1.588250e+04 0.000000e+00 0.000000e+00 0.000000e+00 0.000000e+00 0.000000e+00 0.000000e+00 0.000000e+00 0.000000e+00 0.000000e+00 0.000000e+00 0.000000e+00 0.000000e+00 0.000000e+00 0.000000e+00 1.588250e+04
2.350000e+02 RDG 4.837650e+05 0.000000e+00 0.000000e+00 0.000000e+00 4.252118e+03 1.048196e+00 0.000000e+00 0.000000e+00 0.000000e+00 0.000000e+00 0.000000e+00 0.000000e+00 0.000000e+00 0.000000e+00 0.000000e+00 0.000000e+00 0.000000e+00 0.000000e+00 0.000000e+00 4.253166e+03
2.350000e+02 DRE 5.199688e+10 6.506127e-08 0.000000e+00 0.000000e+00 4.222024e-03 4.899054e-03 0.000000e+00 8.991470e-04 0.000000e+00 0.000000e+00 0.000000e+00 0.000000e+00 0.000000e+00 0.000000e+00 0.000000e+00 0.000000e+00 0.000000e+00 0.000000e+00 0.000000e+00 1.002023e-02
2.350000e+02 CHI 1.152187e+09 1.811105e-09 1.468522e-13 0.000000e+00 2.611309e-01 4.682883e-02 8.747571e-01 4.158273e-03 0.000000e+00 0.000000e+00 0.000000e+00 0.000000e+00 0.000000e+00 0.000000e+00 0.000000e+00 0.000000e+00 0.000000e+00 0.000000e+00 0.000000e+00 1.186875e+00
2.350000e+02 DIA 2.941458e+11 2.211784e-11 0.000000e+00 0.000000e+00 0.000000e+00 0.000000e+00 7.803866e-04 0.000000e+00 5.994705e-06 0.000000e+00 0.000000e+00 0.000000e+00 1.583259e+00 1.825294e-01 0.000000e+00 0.000000e+00 0.000000e+00 0.000000e+00 0.000000e+00 1.766575e+00
2.350000e+02 GRN 2.360444e+11 1.106571e-11 0.000000e+00 0.000000e+00 0.000000e+00 0.000000e+00 9.480559e-04 0.000000e+00 6.094458e-06 0.000000e+00 0.000000e+00 0.000000e+00 1.619825e+00 1.866509e-01 0.000000e+00 0.000000e+00 0.000000e+00 0.000000e+00 0.000000e+00 1.807430e+00
2.350000e+02 CAL 3.572968e+12 6.946919e-10 0.000000e+00 0.000000e+00 1.095349e-01 8.936131e-03 2.641543e-01 5.382708e-04 2.545790e-03 0.000000e+00 0.000000e+00 0.000000e+00 0.000000e+00 0.000000e+00 0.000000e+00 0.000000e+00 0.000000e+00 0.000000e+00 0.000000e+00 3.857094e-01
2.350000e+02 ROT 3.447265e+11 4.237275e-10 0.000000e+00 0.000000e+00 1.136084e-01 9.169061e-03 2.247354e-01 5.534687e-04 2.599129e-03 0.000000e+00 0.000000e+00 0.000000e+00 0.000000e+00 0.000000e+00 0.000000e+00 0.000000e+00 0.000000e+00 0.000000e+00 0.000000e+00 3.506655e-01
2.350000e+02 PB 2.798627e+09 0.000000e+00 0.000000e+00 0.000000e+00 0.000000e+00 1.803851e-04 0.000000e+00 4.939752e-04 0.000000e+00 0.000000e+00 0.000000e+00 0.000000e+00 1.604195e+01 1.812096e+00 0.000000e+00 0.000000e+00 0.000000e+00 0.000000e+00 0.000000e+00 1.785472e+01
2.350000e+02 BB 2.674860e+06 0.000000e+00 0.000000e+00 0.000000e+00 0.000000e+00 0.000000e+00 0.000000e+00 0.000000e+00 0.000000e+00 0.000000e+00 0.000000e+00 0.000000e+00 0.000000e+00 0.000000e+00 0.000000e+00 0.000000e+00 0.000000e+00 0.000000e+00 0.000000e+00 0.000000e+00
2.350000e+02 DL 1.111456e+11 0.000000e+00 0.000000e+00 0.000000e+00 0.000000e+00 6.632150e-05 0.000000e+00 1.683111e-04 2.689958e-05 6.376584e-04 0.000000e+00 0.000000e+00 4.263212e+00 4.833286e-01 0.000000e+00 0.000000e+00 0.000000e+00 0.000000e+00 0.000000e+00 4.747440e+00
2.350000e+02 DR 3.453169e+09 0.000000e+00 0.000000e+00 0.000000e+00 0.000000e+00 1.483073e-03 0.000000e+00 4.125022e-03 1.795330e-03 1.434417e-02 0.000000e+00 0.000000e+00 4.303055e+01 4.880148e+00 0.000000e+00 0.000000e+00 0.000000e+00 0.000000e+00 0.000000e+00 4.793245e+01
2.350000e+02 DC 1.943695e+09 0.000000e+00 0.000000e+00 0.000000e+00 0.000000e+00 1.048272e-05 0.000000e+00 1.010998e-05 5.217416e-06 2.271160e-05 0.000000e+00 0.000000e+00 5.478294e-01 6.437690e-02 0.000000e+00 0.000000e+00 0.000000e+00 0.000000e+00 0.000000e+00 6.122548e-01
2.400000e+02 WAE 3.004147e+05 0.000000e+00 0.000000e+00 0.000000e+00 1.911117e+04 0.000000e+00 0.000000e+00 0.000000e+00 0.000000e+00 0.000000e+00 0.000000e+00 0.000000e+00 0.000000e+00 0.000000e+00 0.000000e+00 0.000000e+00 0.000000e+00 0.000000e+00 0.000000e+00 1.911117e+04
2.400000e+02 YPH 3.914344e+06 0.000000e+00 0.000000e+00 0.000000e+00 4.363553e+03 1.055576e+00 0.000000e+00 0.000000e+00 0.000000e+00 0.000000e+00 0.000000e+00 0.000000e+00 0.000000e+00 0.000000e+00 0.000000e+00 0.000000e+00 0.000000e+00 0.000000e+00 0.000000e+00 4.364608e+03
2.400000e+02 GZS 4.659578e+06 0.000000e+00 0.000000e+00 0.000000e+00 1.718068e+04 0.000000e+00 0.000000e+00 0.000000e+00 0.000000e+00 0.000000e+00 0.000000e+00 0.000000e+00 0.000000e+00 0.000000e+00 0.000000e+00 0.000000e+00 0.000000e+00 0.000000e+00 0.000000e+00 1.718068e+04
2.400000e+02 RDG 4.837650e+05 0.000000e+00 0.000000e+00 0.000000e+00 4.338842e+03 1.060840e+00 0.000000e+00 0.000000e+00 0.000000e+00 0.000000e+00 0.000000e+00 0.000000e+00 0.000000e+00 0.000000e+00 0.000000e+00 0.000000e+00 0.000000e+00 0.000000e+00 0.000000e+00 4.339903e+03
2.400000e+02 DRE 5.199688e+10 6.457890e-08 0.000000e+00 0.000000e+00 4.243024e-03 4.930881e-03 0.000000e+00 9.154546e-04 0.000000e+00 0.000000e+00 0.000000e+00 0.000000e+00 0.000000e+00 0.000000e+00 0.000000e+00 0.000000e+00 0.000000e+00 0.000000e+00 0.000000e+00 1.008936e-02
2.400000e+02 CHI 1.152187e+09 1.776915e-09 1.438118e-13 0.000000e+00 2.601827e-01 4.601609e-02 8.585269e-01 4.090275e-03 0.000000e+00 0.000000e+00 0.000000e+00 0.000000e+00 0.000000e+00 0.000000e+00 0.000000e+00 0.000000e+00 0.000000e+00 0.000000e+00 0.000000e+00 1.168816e+00
2.400000e+02 DIA 2.941458e+11 2.165783e-11 0.000000e+00 0.000000e+00 0.000000e+00 0.000000e+00 8.142878e-04 0.000000e+00 5.877483e-06 0.000000e+00 0.000000e+00 0.000000e+00 1.552536e+00 1.789940e-01 0.000000e+00 0.000000e+00 0.000000e+00 0.000000e+00 0.000000e+00 1.732350e+00
2.400000e+02 GRN 2.360444e+11 1.083565e-11 0.000000e+00 0.000000e+00 0.000000e+00 0.000000e+00 9.908105e-04 0.000000e+00 5.977044e-06 0.000000e+00 0.000000e+00 0.000000e+00 1.588897e+00 1.830954e-01 0.000000e+00 0.000000e+00 0.000000e+00 0.000000e+00 0.000000e+00 1.772989e+00
2.400000e+02 CAL 3.572968e+12 6.882012e-10 0.000000e+00 0.000000e+00 1.131791e-01 8.962140e-03 2.643999e-01 5.418879e-04 2.529579e-03 0.000000e+00 0.000000e+00 0.000000e+00 0.000000e+00 0.000000e+00 0.000000e+00 0.000000e+00 0.000000e+00 0.000000e+00 0.000000e+00 3.896126e-01
2.400000e+02 ROT 3.447265e+11 4.200336e-10 0.000000e+00 0.000000e+00 1.175943e-01 9.205482e-03 2.231094e-01 5.578362e-04 2.584456e-03 0.000000e+00 0.000000e+00 0.000000e+00 0.000000e+00 0.000000e+00 0.000000e+00 0.000000e+00 0.000000e+00 0.000000e+00 0.000000e+00 3.530515e-01
2.400000e+02 PB 2.798627e+09 0.000000e+00 0.000000e+00 0.000000e+00 0.000000e+00 1.817512e-04 0.000000e+00 5.055838e-04 0.000000e+00 0.000000e+00 0.000000e+00 0.000000e+00 1.592165e+01 1.799630e+00 0.000000e+00 0.000000e+00 0.000000e+00 0.000000e+00 0.000000e+00 1.772197e+01
2.400000e+02 BB 2.674860e+06 0.000000e+00 0.000000e+00 0.000000e+00 0.000000e+00 0.000000e+00 0.000000e+00 0.000000e+00 0.000000e+00 0.000000e+00 0.000000e+00 0.000000e+00 0.000000e+00 0.000000e+00 0.000000e+00 0.000000e+00 0.000000e+00 0.000000e+00 0.000000e+00 0.000000e+00
2.400000e+02 DL 1.111456e+11 0.000000e+00 0.000000e+00 0.000000e+00 0.000000e+00 6.712089e-05 0.000000e+00 1.736741e-04 2.659163e-05 6.260108e-04 0.000000e+00 0.000000e+00 4.217687e+00 4.783769e-01 0.000000e+00 0.000000e+00 0.000000e+00 0.000000e+00 0.000000e+00 4.696957e+00
2.400000e+02 DR 3.453169e+09 0.000000e+00 0.000000e+00 0.000000e+00 0.000000e+00 1.514280e-03 0.000000e+00 4.293085e-03 1.809058e-03 1.414075e-02 0.000000e+00 0.000000e+00 4.328472e+01 4.914498e+00 0.000000e+00 0.000000e+00 0.000000e+00 0.000000e+00 0.000000e+00 4.822097e+01
2.400000e+02 DC 1.943695e+09 0.000000e+00 0.000000e+00 0.000000e+00 0.000000e+00 1.026433e-05 0.000000e+00 9.899354e-06 5.108720e-06 2.223844e-05 0.000000e+00 0.000000e+00 5.364163e-01 6.303571e-02 0.000000e+00 0.000000e+00 0.000000e+00 0.000000e+00 0.000000e+00 5.994995e-01
2.450000e+02 WAE 3.004147e+05 0.000000e+00 0.000000e+00 0.000000e+00 1.872596e+04 0.000000e+00 0.000000e+00 0.000000e+00 0.000000e+00 0.000000e+00 0.000000e+00 0.000000e+00 0.000000e+00 0.000000e+00 0.000000e+00 0.000000e+00 0.000000e+00 0.000000e+00 0.000000e+00 1.872596e+04
2.450000e+02 YPH 3.914344e+06 0.000000e+00 0.000000e+00 0.000000e+00 4.407700e+03 1.043011e+00 0.000000e+00 0.000000e+00 0.000000e+00 0.000000e+00 0.000000e+00 0.000000e+00 0.000000e+00 0.000000e+00 0.000000e+00 0.000000e+00 0.000000e+00 0.000000e+00 0.000000e+00 4.408743e+03
2.450000e+02 GZS 4.659578e+06 0.000000e+00 0.000000e+00 0.000000e+00 1.851133e+04 0.000000e+00 0.000000e+00 0.000000e+00 0.000000e+00 0.000000e+00 0.000000e+00 0.000000e+00 0.000000e+00 0.000000e+00 0.000000e+00 0.000000e+00 0.000000e+00 0.000000e+00 0.000000e+00 1.851133e+04
2.450000e+02 RDG 4.837650e+05 0.000000e+00 0.000000e+00 0.000000e+00 4.415063e+03 1.070976e+00 0.000000e+00 0.000000e+00 0.000000e+00 0.000000e+00 0.000000e+00 0.000000e+00 0.000000e+00 0.000000e+00 0.000000e+00 0.000000e+00 0.000000e+00 0.000000e+00 0.000000e+00 4.416134e+03
2.450000e+02 DRE 5.199688e+10 6.411275e-08 0.000000e+00 0.000000e+00 4.263289e-03 4.959625e-03 0.000000e+00 9.306185e-04 0.000000e+00 0.000000e+00 0.000000e+00 0.000000e+00 0.000000e+00 0.000000e+00 0.000000e+00 0.000000e+00 0.000000e+00 0.000000e+00 0.000000e+00 1.015353e-02
2.450000e+02 CHI 1.152187e+09 1.743789e-09 1.408921e-13 0.000000e+00 2.590017e-01 4.521992e-02 8.428870e-01 4.022940e-03 0.000000e+00 0.000000e+00 0.000000e+00 0.000000e+00 0.000000e+00 0.000000e+00 0.000000e+00 0.000000e+00 0.000000e+00 0.000000e+00 0.000000e+00 1.151132e+00
2.450000e+02 DIA 2.941458e+11 2.121659e-11 0.000000e+00 0.000000e+00 0.000000e+00 0.000000e+00 8.478586e-04 0.000000e+00 5.765015e-06 0.000000e+00 0.000000e+00 0.000000e+00 1.523035e+00 1.756001e-01 0.000000e+00 0.000000e+00 0.000000e+00 0.000000e+00 0.000000e+00 1.699489e+00
2.450000e+02 GRN 2.360444e+11 1.061499e-11 0.000000e+00 0.000000e+00 0.000000e+00 0.000000e+00 1.033133e-03 0.000000e+00 5.864386e-06 0.000000e+00 0.000000e+00 0.000000e+00 1.559191e+00 1.796816e-01 0.000000e+00 0.000000e+00 0.000000e+00 0.000000e+00 0.000000e+00 1.739911e+00
2.450000e+02 CAL 3.572968e+12 6.818623e-10 0.000000e+00 0.000000e+00 1.167956e-01 8.983852e-03 2.647925e-01 5.448418e-04 2.513367e-03 0.000000e+00 0.000000e+00 0.000000e+00 0.000000e+00 0.000000e+00 0.000000e+00 0.000000e+00 0.000000e+00 0.000000e+00 0.000000e+00 3.936302e-01
2.450000e+02 ROT 3.447265e+11 4.164368e-10 0.000000e+00 0.000000e+00 1.215715e-01 9.237791e-03 2.217100e-01 5.615304e-04 2.569816e-03 0.000000e+00 0.000000e+00 0.000000e+00 0.000000e+00 0.000000e+00 0.000000e+00 0.000000e+00 0.000000e+00 0.000000e+00 0.000000e+00 3.556507e-01
2.450000e+02 PB 2.798627e+09 0.000000e+00 0.000000e+00 0.000000e+00 0.000000e+00 1.830181e-04 0.000000e+00 5.166469e-04 0.000000e+00 0.000000e+00 0.000000e+00 0.000000e+00 1.580323e+01 1.787408e+00 0.000000e+00 0.000000e+00 0.000000e+00 0.000000e+00 0.000000e+00 1.759134e+01
2.450000e+02 BB 2.674860e+06 0.000000e+00 0.000000e+00 0.000000e+00 0.000000e+00 0.000000e+00 0.000000e+00 0.000000e+00 0.000000e+00 0.000000e+00 0.000000e+00 0.000000e+00 0.000000e+00 0.000000e+00 0.000000e+00 0.000000e+00 0.000000e+00 0.000000e+00 0.000000e+00 0.000000e+00
2.450000e+02 DL 1.111456e+11 0.000000e+00 0.000000e+00 0.000000e+00 0.000000e+00 6.793308e-05 0.000000e+00 1.790511e-04 2.630199e-05 6.146977e-04 0.000000e+00 0.000000e+00 4.174640e+00 4.737201e-01 0.000000e+00 0.000000e+00 0.000000e+00 0.000000e+00 0.000000e+00 4.649248e+00
2.450000e+02 DR 3.453169e+09 0.000000e+00 0.000000e+00 0.000000e+00 0.000000e+00 1.546160e-03 0.000000e+00 4.463639e-03 1.823910e-03 1.393884e-02 0.000000e+00 0.000000e+00 4.355706e+01 4.951345e+00 0.000000e+00 0.000000e+00 0.000000e+00 0.000000e+00 0.000000e+00 4.853017e+01
2.450000e+02 DC 1.943695e+09 0.000000e+00 0.000000e+00 0.000000e+00 0.000000e+00 1.005485e-05 0.000000e+00 9.697327e-06 5.004461e-06 2.178459e-05 0.000000e+00 0.000000e+00 5.254690e-01 6.174927e-02 0.000000e+00 0.000000e+00 0.000000e+00 0.000000e+00 0.000000e+00 5.872648e-01
2.500000e+02 WAE 3.004147e+05 0.000000e+00 0.000000e+00 0.000000e+00 1.836854e+04 0.000000e+00 0.000000e+00 0.000000e+00 0.000000e+00 0.000000e+00 0.000000e+00 0.000000e+00 0.000000e+00 0.000000e+00 0.000000e+00 0.000000e+00 0.000000e+00 0.000000e+00 0.000000e+00 1.836854e+04
2.500000e+02 YPH 3.914344e+06 0.000000e+00 0.000000e+00 0.000000e+00 4.501828e+03 1.030695e+00 0.000000e+00 0.000000e+00 0.000000e+00 0.000000e+00 0.000000e+00 0.000000e+00 0.000000e+00 0.000000e+00 0.000000e+00 0.000000e+00 0.000000e+00 0.000000e+00 0.000000e+00 4.502859e+03
2.500000e+02 GZS 4.659578e+06 0.000000e+00 0.000000e+00 0.000000e+00 1.986798e+04 0.000000e+00 0.000000e+00 0.000000e+00 0.000000e+00 0.000000e+00 0.000000e+00 0.000000e+00 0.000000e+00 0.000000e+00 0.000000e+00 0.000000e+00 0.000000e+00 0.000000e+00 0.000000e+00 1.986798e+04
2.500000e+02 RDG 4.837650e+05 0.000000e+00 0.000000e+00 0.000000e+00 4.480597e+03 1.078884e+00 0.000000e+00 0.000000e+00 0.000000e+00 0.000000e+00 0.000000e+00 0.000000e+00 0.000000e+00 0.000000e+00 0.000000e+00 0.000000e+00 0.000000e+00 0.000000e+00 0.000000e+00 4.481675e+03
2.500000e+02 DRE 5.199688e+10 6.366184e-08 0.000000e+00 0.000000e+00 4.282861e-03 4.985388e-03 0.000000e+00 9.446777e-04 0.000000e+00 0.000000e+00 0.000000e+00 0.000000e+00 0.000000e+00 0.000000e+00 0.000000e+00 0.000000e+00 0.000000e+00 0.000000e+00 0.000000e+00 1.021293e-02
2.500000e+02 CHI 1.152187e+09 1.711683e-09 1.380864e-13 0.000000e+00 2.575904e-01 4.444039e-02 8.277920e-01 3.956375e-03 0.000000e+00 0.000000e+00 0.000000e+00 0.000000e+00 0.000000e+00 0.000000e+00 0.000000e+00 0.000000e+00 0.000000e+00 0.000000e+00 0.000000e+00 1.133779e+00
2.500000e+02 DIA 2.941458e+11 2.079300e-11 0.000000e+00 0.000000e+00 0.000000e+00 0.000000e+00 8.811562e-04 0.000000e+00 5.657016e-06 0.000000e+00 0.000000e+00 0.000000e+00 1.494682e+00 1.723392e-01 0.000000e+00 0.000000e+00 0.000000e+00 0.000000e+00 0.000000e+00 1.667908e+00
2.500000e+02 GRN 2.360444e+11 1.040316e-11 0.000000e+00 0.000000e+00 0.000000e+00 0.000000e+00 1.075095e-03 0.000000e+00 5.756197e-06 0.000000e+00 0.000000e+00 0.000000e+00 1.530633e+00 1.764008e-01 0.000000e+00 0.000000e+00 0.000000e+00 0.000000e+00 0.000000e+00 1.708115e+00
2.500000e+02 CAL 3.572968e+12 6.756639e-10 0.000000e+00 0.000000e+00 1.203620e-01 9.001421e-03 2.653194e-01 5.471524e-04 2.497146e-03 0.000000e+00 0.000000e+00 0.000000e+00 0.000000e+00 0.000000e+00 0.000000e+00 0.000000e+00 0.000000e+00 0.000000e+00 0.000000e+00 3.977272e-01
2.500000e+02 ROT 3.447265e+11 4.129297e-10 0.000000e+00 0.000000e+00 1.255163e-01 9.266115e-03 2.205212e-01 5.645673e-04 2.555198e-03 0.000000e+00 0.000000e+00 0.000000e+00 0.000000e+00 0.000000e+00 0.000000e+00 0.000000e+00 0.000000e+00 0.000000e+00 0.000000e+00 3.584233e-01
2.500000e+02 PB 2.798627e+09 0.000000e+00 0.000000e+00 0.000000e+00 0.000000e+00 1.841886e-04 0.000000e+00 5.271887e-04 0.000000e+00 0.000000e+00 0.000000e+00 0.000000e+00 1.568651e+01 1.775408e+00 0.000000e+00 0.000000e+00 0.000000e+00 0.000000e+00 0.000000e+00 1.746263e+01
2.500000e+02 BB 2.674860e+06 0.000000e+00 0.000000e+00 0.000000e+00 0.000000e+00 0.000000e+00 0.000000e+00 0.000000e+00 0.000000e+00 0.000000e+00 0.000000e+00 0.000000e+00 0.000000e+00 0.000000e+00 0.000000e+00 0.000000e+00 0.000000e+00 0.000000e+00 0.000000e+00 0.000000e+00
2.500000e+02 DL 1.111456e+11 0.000000e+00 0.000000e+00 0.000000e+00 0.000000e+00 6.875724e-05 0.000000e+00 1.844460e-04 2.602975e-05 6.037058e-04 0.000000e+00 0.000000e+00 4.133919e+00 4.693411e-01 0.000000e+00 0.000000e+00 0.000000e+00 0.000000e+00 0.000000e+00 4.604143e+00
2.500000e+02 DR 3.453169e+09 0.000000e+00 0.000000e+00 0.000000e+00 0.000000e+00 1.578683e-03 0.000000e+00 4.636763e-03 1.839867e-03 1.373851e-02 0.000000e+00 0.000000e+00 4.384650e+01 4.990582e+00 0.000000e+00 0.000000e+00 0.000000e+00 0.000000e+00 0.000000e+00 4.885888e+01
2.500000e+02 DC 1.943695e+09 0.000000e+00 0.000000e+00 0.000000e+00 0.000000e+00 9.853755e-06 0.000000e+00 9.503381e-06 4.904371e-06 2.134890e-05 0.000000e+00 0.000000e+00 5.149596e-01 6.051429e-02 0.000000e+00 0.000000e+00 0.000000e+00 0.000000e+00 0.000000e+00 5.755195e-01
2.550000e+02 WAE 3.004147e+05 0.000000e+00 0.000000e+00 0.000000e+00 1.803653e+04 0.000000e+00 0.000000e+00 0.000000e+00 0.000000e+00 0.000000e+00 0.000000e+00 0.000000e+00 0.000000e+00 0.000000e+00 0.000000e+00 0.000000e+00 0.000000e+00 0.000000e+00 0.000000e+00 1.803653e+04
2.550000e+02 YPH 3.914344e+06 0.000000e+00 0.000000e+00 0.000000e+00 4.795214e+03 1.018587e+00 0.000000e+00 0.000000e+00 0.000000e+00 0.000000e+00 0.000000e+00 0.000000e+00 0.000000e+00 0.000000e+00 0.000000e+00 0.000000e+00 0.000000e+00 0.000000e+00 0.000000e+00 4.796232e+03
2.550000e+02 GZS 4.659578e+06 0.000000e+00 0.000000e+00 0.000000e+00 2.122641e+04 0.000000e+00 0.000000e+00 0.000000e+00 0.000000e+00 0.000000e+00 0.000000e+00 0.000000e+00 0.000000e+00 0.000000e+00 0.000000e+00 0.000000e+00 0.000000e+00 0.000000e+00 0.000000e+00 2.122641e+04
2.550000e+02 RDG 4.837650e+05 0.000000e+00 0.000000e+00 0.000000e+00 4.533370e+03 1.080295e+00 0.000000e+00 0.000000e+00 0.000000e+00 0.000000e+00 0.000000e+00 0.000000e+00 0.000000e+00 0.000000e+00 0.000000e+00 0.000000e+00 0.000000e+00 0.000000e+00 0.000000e+00 4.534451e+03
2.550000e+02 DRE 5.199688e+10 6.322528e-08 0.000000e+00 0.000000e+00 4.301815e-03 5.006444e-03 0.000000e+00 9.576859e-04 0.000000e+00 0.000000e+00 0.000000e+00 0.000000e+00 0.000000e+00 0.000000e+00 0.000000e+00 0.000000e+00 0.000000e+00 0.000000e+00 0.000000e+00 1.026594e-02
2.550000e+02 CHI 1.152187e+09 1.680558e-09 1.353884e-13 0.000000e+00 2.559331e-01 4.367603e-02 8.132039e-01 3.890702e-03 0.000000e+00 0.000000e+00 0.000000e+00 0.000000e+00 0.000000e+00 0.000000e+00 0.000000e+00 0.000000e+00 0.000000e+00 0.000000e+00 0.000000e+00 1.116704e+00
2.550000e+02 DIA 2.941458e+11 2.038603e-11 0.000000e+00 0.000000e+00 0.000000e+00 0.000000e+00 9.142313e-04 0.000000e+00 5.553224e-06 0.000000e+00 0.000000e+00 0.000000e+00 1.467408e+00 1.692033e-01 0.000000e+00 0.000000e+00 0.000000e+00 0.000000e+00 0.000000e+00 1.637531e+00
2.550000e+02 GRN 2.360444e+11 1.019963e-11 0.000000e+00 0.000000e+00 0.000000e+00 0.000000e+00 1.116761e-03 0.000000e+00 5.652215e-06 0.000000e+00 0.000000e+00 0.000000e+00 1.503155e+00 1.732452e-01 0.000000e+00 0.000000e+00 0.000000e+00 0.000000e+00 0.000000e+00 1.677523e+00
2.550000e+02 CAL 3.572968e+12 6.695958e-10 0.000000e+00 0.000000e+00 1.238103e-01 9.012916e-03 2.659704e-01 5.488527e-04 2.480914e-03 0.000000e+00 0.000000e+00 0.000000e+00 0.000000e+00 0.000000e+00 0.000000e+00 0.000000e+00 0.000000e+00 0.000000e+00 0.000000e+00 4.018234e-01
2.550000e+02 ROT 3.447265e+11 4.095056e-10 0.000000e+00 0.000000e+00 1.293550e-01 9.288322e-03 2.195300e-01 5.669775e-04 2.540595e-03 0.000000e+00 0.000000e+00 0.000000e+00 0.000000e+00 0.000000e+00 0.000000e+00 0.000000e+00 0.000000e+00 0.000000e+00 0.000000e+00 3.612808e-01
2.550000e+02 PB 2.798627e+09 0.000000e+00 0.000000e+00 0.000000e+00 0.000000e+00 1.851938e-04 0.000000e+00 5.372360e-04 0.000000e+00 0.000000e+00 0.000000e+00 0.000000e+00 1.557135e+01 1.763610e+00 0.000000e+00 0.000000e+00 0.000000e+00 0.000000e+00 0.000000e+00 1.733568e+01
2.550000e+02 BB 2.674860e+06 0.000000e+00 0.000000e+00 0.000000e+00 0.000000e+00 0.000000e+00 0.000000e+00 0.000000e+00 0.000000e+00 0.000000e+00 0.000000e+00 0.000000e+00 0.000000e+00 0.000000e+00 0.000000e+00 0.000000e+00 0.000000e+00 0.000000e+00 0.000000e+00 0.000000e+00
2.550000e+02 DL 1.111456e+11 0.000000e+00 0.000000e+00 0.000000e+00 0.000000e+00 6.955946e-05 0.000000e+00 1.898660e-04 2.577414e-05 5.930238e-04 0.000000e+00 0.000000e+00 4.095395e+00 4.652257e-01 0.000000e+00 0.000000e+00 0.000000e+00 0.000000e+00 0.000000e+00 4.561499e+00
2.550000e+02 DR 3.453169e+09 0.000000e+00 0.000000e+00 0.000000e+00 0.000000e+00 1.610854e-03 0.000000e+00 4.812648e-03 1.856923e-03 1.353990e-02 0.000000e+00 0.000000e+00 4.415242e+01 5.032149e+00 0.000000e+00 0.000000e+00 0.000000e+00 0.000000e+00 0.000000e+00 4.920639e+01
2.550000e+02 DC 1.943695e+09 0.000000e+00 0.000000e+00 0.000000e+00 0.000000e+00 9.660544e-06 0.000000e+00 9.317040e-06 4.808207e-06 2.093029e-05 0.000000e+00 0.000000e+00 5.048624e-01 5.932773e-02 0.000000e+00 0.000000e+00 0.000000e+00 0.000000e+00 0.000000e+00 5.642348e-01
2.600000e+02 WAE 3.004147e+05 0.000000e+00 0.000000e+00 0.000000e+00 1.772770e+04 0.000000e+00 0.000000e+00 0.000000e+00 0.000000e+00 0.000000e+00 0.000000e+00 0.000000e+00 0.000000e+00 0.000000e+00 0.000000e+00 0.000000e+00 0.000000e+00 0.000000e+00 0.000000e+00 1.772770e+04
2.600000e+02 YPH 3.914344e+06 0.000000e+00 0.000000e+00 0.000000e+00 5.058032e+03 9.977942e-01 0.000000e+00 0.000000e+00 0.000000e+00 0.000000e+00 0.000000e+00 0.000000e+00 0.000000e+00 0.000000e+00 0.000000e+00 0.000000e+00 0.000000e+00 0.000000e+00 0.000000e+00 5.059029e+03
2.600000e+02 GZS 4.659578e+06 0.000000e+00 0.000000e+00 0.000000e+00 2.263453e+04 0.000000e+00 0.000000e+00 0.000000e+00 0.000000e+00 0.000000e+00 0.000000e+00 0.000000e+00 0.000000e+00 0.000000e+00 0.000000e+00 0.000000e+00 0.000000e+00 0.000000e+00 0.000000e+00 2.263453e+04
2.600000e+02 RDG 4.837650e+05 0.000000e+00 0.000000e+00 0.000000e+00 4.579585e+03 1.080484e+00 0.000000e+00 0.000000e+00 0.000000e+00 0.000000e+00 0.000000e+00 0.000000e+00 0.000000e+00 0.000000e+00 0.000000e+00 0.000000e+00 0.000000e+00 0.000000e+00 0.000000e+00 4.580665e+03
2.600000e+02 DRE 5.199688e+10 6.280224e-08 0.000000e+00 0.000000e+00 4.320204e-03 5.022019e-03 0.000000e+00 9.696854e-04 0.000000e+00 0.000000e+00 0.000000e+00 0.000000e+00 0.000000e+00 0.000000e+00 0.000000e+00 0.000000e+00 0.000000e+00 0.000000e+00 0.000000e+00 1.031191e-02
2.600000e+02 CHI 1.152187e+09 1.650377e-09 1.327923e-13 0.000000e+00 2.541038e-01 4.292655e-02 7.990873e-01 3.826021e-03 0.000000e+00 0.000000e+00 0.000000e+00 0.000000e+00 0.000000e+00 0.000000e+00 0.000000e+00 0.000000e+00 0.000000e+00 0.000000e+00 0.000000e+00 1.099944e+00
2.600000e+02 DIA 2.941458e+11 1.999470e-11 0.000000e+00 0.000000e+00 0.000000e+00 0.000000e+00 9.471342e-04 0.000000e+00 5.453396e-06 0.000000e+00 0.000000e+00 0.000000e+00 1.441152e+00 1.661851e-01 0.000000e+00 0.000000e+00 0.000000e+00 0.000000e+00 0.000000e+00 1.608290e+00
2.600000e+02 GRN 2.360444e+11 1.000393e-11 0.000000e+00 0.000000e+00 0.000000e+00 0.000000e+00 1.158196e-03 0.000000e+00 5.552198e-06 0.000000e+00 0.000000e+00 0.000000e+00 1.476695e+00 1.702073e-01 0.000000e+00 0.000000e+00 0.000000e+00 0.000000e+00 0.000000e+00 1.648066e+00
2.600000e+02 CAL 3.572968e+12 6.636488e-10 0.000000e+00 0.000000e+00 1.272493e-01 9.017528e-03 2.667332e-01 5.499684e-04 2.464667e-03 0.000000e+00 0.000000e+00 0.000000e+00 0.000000e+00 0.000000e+00 0.000000e+00 0.000000e+00 0.000000e+00 0.000000e+00 0.000000e+00 4.060147e-01
2.600000e+02 ROT 3.447265e+11 4.061585e-10 0.000000e+00 0.000000e+00 1.332054e-01 9.303477e-03 2.187216e-01 5.687834e-04 2.526000e-03 0.000000e+00 0.000000e+00 0.000000e+00 0.000000e+00 0.000000e+00 0.000000e+00 0.000000e+00 0.000000e+00 0.000000e+00 0.000000e+00 3.643253e-01
2.600000e+02 PB 2.798627e+09 0.000000e+00 0.000000e+00 0.000000e+00 0.000000e+00 1.860001e-04 0.000000e+00 5.468116e-04 0.000000e+00 0.000000e+00 0.000000e+00 0.000000e+00 1.545760e+01 1.751996e+00 0.000000e+00 0.000000e+00 0.000000e+00 0.000000e+00 0.000000e+00 1.721033e+01
2.600000e+02 BB 2.674860e+06 0.000000e+00 0.000000e+00 0.000000e+00 0.000000e+00 0.000000e+00 0.000000e+00 0.000000e+00 0.000000e+00 0.000000e+00 0.000000e+00 0.000000e+00 0.000000e+00 0.000000e+00 0.000000e+00 0.000000e+00 0.000000e+00 0.000000e+00 0.000000e+00 0.000000e+00
2.600000e+02 DL 1.111456e+11 0.000000e+00 0.000000e+00 0.000000e+00 0.000000e+00 7.031912e-05 0.000000e+00 1.953132e-04 2.553436e-05 5.826410e-04 0.000000e+00 0.000000e+00 4.058929e+00 4.613582e-01 0.000000e+00 0.000000e+00 0.000000e+00 0.000000e+00 0.000000e+00 4.521161e+00
2.600000e+02 DR 3.453169e+09 0.000000e+00 0.000000e+00 0.000000e+00 0.000000e+00 1.642027e-03 0.000000e+00 4.991276e-03 1.875040e-03 1.334312e-02 0.000000e+00 0.000000e+00 4.447334e+01 5.075891e+00 0.000000e+00 0.000000e+00 0.000000e+00 0.000000e+00 0.000000e+00 4.957108e+01
2.600000e+02 DC 1.943695e+09 0.000000e+00 0.000000e+00 0.000000e+00 0.000000e+00 9.474764e-06 0.000000e+00 9.137867e-06 4.715742e-06 2.052779e-05 0.000000e+00 0.000000e+00 4.951535e-01 5.818681e-02 0.000000e+00 0.000000e+00 0.000000e+00 0.000000e+00 0.000000e+00 5.533842e-01
2.650000e+02 WAE 3.004147e+05 0.000000e+00 0.000000e+00 0.000000e+00 1.738923e+04 0.000000e+00 0.000000e+00 0.000000e+00 0.000000e+00 0.000000e+00 0.000000e+00 0.000000e+00 0.000000e+00 0.000000e+00 0.000000e+00 0.000000e+00 0.000000e+00 0.000000e+00 0.000000e+00 1.738923e+04
2.650000e+02 YPH 3.914344e+06 0.000000e+00 0.000000e+00 0.000000e+00 5.293078e+03 9.769476e-01 0.000000e+00 0.000000e+00 0.000000e+00 0.000000e+00 0.000000e+00 0.000000e+00 0.000000e+00 0.000000e+00 0.000000e+00 0.000000e+00 0.000000e+00 0.000000e+00 0.000000e+00 5.294055e+03
2.650000e+02 GZS 4.659578e+06 0.000000e+00 0.000000e+00 0.000000e+00 2.409585e+04 0.000000e+00 0.000000e+00 0.000000e+00 0.000000e+00 0.000000e+00 0.000000e+00 0.000000e+00 0.000000e+00 0.000000e+00 0.000000e+00 0.000000e+00 0.000000e+00 0.000000e+00 0.000000e+00 2.409585e+04
2.650000e+02 RDG 4.837650e+05 0.000000e+00 0.000000e+00 0.000000e+00 4.620330e+03 1.079507e+00 0.000000e+00 0.000000e+00 0.000000e+00 0.000000e+00 0.000000e+00 0.000000e+00 0.000000e+00 0.000000e+00 0.000000e+00 0.000000e+00 0.000000e+00 0.000000e+00 0.000000e+00 4.621409e+03
2.650000e+02 DRE 5.199688e+10 6.239197e-08 0.000000e+00 0.000000e+00 4.339523e-03 5.032417e-03 0.000000e+00 9.807070e-04 0.000000e+00 0.000000e+00 0.000000e+00 0.000000e+00 0.000000e+00 0.000000e+00 0.000000e+00 0.000000e+00 0.000000e+00 0.000000e+00 0.000000e+00 1.035265e-02
2.650000e+02 CHI 1.152187e+09 1.621104e-09 1.302926e-13 0.000000e+00 2.521169e-01 4.219259e-02 7.854090e-01 3.762409e-03 0.000000e+00 0.000000e+00 0.000000e+00 0.000000e+00 0.000000e+00 0.000000e+00 0.000000e+00 0.000000e+00 0.000000e+00 0.000000e+00 0.000000e+00 1.083481e+00
2.650000e+02 DIA 2.941458e+11 1.961815e-11 0.000000e+00 0.000000e+00 0.000000e+00 0.000000e+00 9.799149e-04 0.000000e+00 5.357307e-06 0.000000e+00 0.000000e+00 0.000000e+00 1.415855e+00 1.632780e-01 0.000000e+00 0.000000e+00 0.000000e+00 0.000000e+00 0.000000e+00 1.580118e+00
2.650000e+02 GRN 2.360444e+11 9.815611e-12 0.000000e+00 0.000000e+00 0.000000e+00 0.000000e+00 1.199462e-03 0.000000e+00 5.455920e-06 0.000000e+00 0.000000e+00 0.000000e+00 1.451193e+00 1.672805e-01 0.000000e+00 0.000000e+00 0.000000e+00 0.000000e+00 0.000000e+00 1.619679e+00
2.650000e+02 CAL 3.572968e+12 6.578137e-10 0.000000e+00 0.000000e+00 1.306819e-01 9.015697e-03 2.675929e-01 5.505171e-04 2.448399e-03 0.000000e+00 0.000000e+00 0.000000e+00 0.000000e+00 0.000000e+00 0.000000e+00 0.000000e+00 0.000000e+00 0.000000e+00 0.000000e+00 4.102894e-01
2.650000e+02 ROT 3.447265e+11 4.028825e-10 0.000000e+00 0.000000e+00 1.370716e-01 9.311995e-03 2.180782e-01 5.699991e-04 2.511403e-03 0.000000e+00 0.000000e+00 0.000000e+00 0.000000e+00 0.000000e+00 0.000000e+00 0.000000e+00 0.000000e+00 0.000000e+00 0.000000e+00 3.675432e-01
2.650000e+02 PB 2.798627e+09 0.000000e+00 0.000000e+00 0.000000e+00 0.000000e+00 1.866170e-04 0.000000e+00 5.559337e-04 0.000000e+00 0.000000e+00 0.000000e+00 0.000000e+00 1.534513e+01 1.740548e+00 0.000000e+00 0.000000e+00 0.000000e+00 0.000000e+00 0.000000e+00 1.708642e+01
2.650000e+02 BB 2.674860e+06 0.000000e+00 0.000000e+00 0.000000e+00 0.000000e+00 0.000000e+00 0.000000e+00 0.000000e+00 0.000000e+00 0.000000e+00 0.000000e+00 0.000000e+00 0.000000e+00 0.000000e+00 0.000000e+00 0.000000e+00 0.000000e+00 0.000000e+00 0.000000e+00 0.000000e+00
2.650000e+02 DL 1.111456e+11 0.000000e+00 0.000000e+00 0.000000e+00 0.000000e+00 7.103501e-05 0.000000e+00 2.007880e-04 2.530969e-05 5.725473e-04 0.000000e+00 0.000000e+00 4.024390e+00 4.577236e-01 0.000000e+00 0.000000e+00 0.000000e+00 0.000000e+00 0.000000e+00 4.482983e+00
2.650000e+02 DR 3.453169e+09 0.000000e+00 0.000000e+00 0.000000e+00 0.000000e+00 1.672133e-03 0.000000e+00 5.172627e-03 1.894188e-03 1.314829e-02 0.000000e+00 0.000000e+00 4.480796e+01 5.121670e+00 0.000000e+00 0.000000e+00 0.000000e+00 0.000000e+00 0.000000e+00 4.995152e+01
2.650000e+02 DC 1.943695e+09 0.000000e+00 0.000000e+00 0.000000e+00 0.000000e+00 9.295995e-06 0.000000e+00 8.965454e-06 4.626766e-06 2.014047e-05 0.000000e+00 0.000000e+00 4.858110e-01 5.708895e-02 0.000000e+00 0.000000e+00 0.000000e+00 0.000000e+00 0.000000e+00 5.429430e-01
2.700000e+02 WAE 3.004147e+05 0.000000e+00 0.000000e+00 0.000000e+00 1.699776e+04 0.000000e+00 0.000000e+00 0.000000e+00 0.000000e+00 0.000000e+00 0.000000e+00 0.000000e+00 0.000000e+00 0.000000e+00 0.000000e+00 0.000000e+00 0.000000e+00 0.000000e+00 0.000000e+00 1.699776e+04
2.700000e+02 YPH 3.914344e+06 0.000000e+00 0.000000e+00 0.000000e+00 5.566356e+03 9.569554e-01 0.000000e+00 0.000000e+00 0.000000e+00 0.000000e+00 0.000000e+00 0.000000e+00 0.000000e+00 0.000000e+00 0.000000e+00 0.000000e+00 0.000000e+00 0.000000e+00 0.000000e+00 5.567313e+03
2.700000e+02 GZS 4.659578e+06 0.000000e+00 0.000000e+00 0.000000e+00 2.298716e+04 0.000000e+00 0.000000e+00 0.000000e+00 0.000000e+00 0.000000e+00 0.000000e+00 0.000000e+00 0.000000e+00 0.000000e+00 0.000000e+00 0.000000e+00 0.000000e+00 0.000000e+00 0.000000e+00 2.298716e+04
2.700000e+02 RDG 4.837650e+05 0.000000e+00 0.000000e+00 0.000000e+00 4.696915e+03 1.077103e+00 0.000000e+00 0.000000e+00 0.000000e+00 0.000000e+00 0.000000e+00 0.000000e+00 0.000000e+00 0.000000e+00 0.000000e+00 0.000000e+00 0.000000e+00 0.000000e+00 0.000000e+00 4.697992e+03
2.700000e+02 DRE 5.199688e+10 6.199374e-08 0.000000e+00 0.000000e+00 4.360291e-03 5.037376e-03 0.000000e+00 9.906824e-04 0.000000e+00 0.000000e+00 0.000000e+00 0.000000e+00 0.000000e+00 0.000000e+00 0.000000e+00 0.000000e+00 0.000000e+00 0.000000e+00 0.000000e+00 1.038835e-02
2.700000e+02 CHI 1.152187e+09 1.592696e-09 1.278842e-13 0.000000e+00 2.503587e-01 4.147398e-02 7.721847e-01 3.699852e-03 0.000000e+00 0.000000e+00 0.000000e+00 0.000000e+00 0.000000e+00 0.000000e+00 0.000000e+00 0.000000e+00 0.000000e+00 0.000000e+00 0.000000e+00 1.067717e+00
2.700000e+02 DIA 2.941458e+11 1.925554e-11 0.000000e+00 0.000000e+00 0.000000e+00 0.000000e+00 1.012648e-03 0.000000e+00 5.264750e-06 0.000000e+00 0.000000e+00 0.000000e+00 1.391461e+00 1.604754e-01 0.000000e+00 0.000000e+00 0.000000e+00 0.000000e+00 0.000000e+00 1.552954e+00
2.700000e+02 GRN 2.360444e+11 9.634270e-12 0.000000e+00 0.000000e+00 0.000000e+00 0.000000e+00 1.240653e-03 0.000000e+00 5.363174e-06 0.000000e+00 0.000000e+00 0.000000e+00 1.426595e+00 1.644583e-01 0.000000e+00 0.000000e+00 0.000000e+00 0.000000e+00 0.000000e+00 1.592299e+00
2.700000e+02 CAL 3.572968e+12 6.520775e-10 0.000000e+00 0.000000e+00 1.351790e-01 9.007156e-03 2.686648e-01 5.504428e-04 2.432087e-03 0.000000e+00 0.000000e+00 0.000000e+00 0.000000e+00 0.000000e+00 0.000000e+00 0.000000e+00 0.000000e+00 0.000000e+00 0.000000e+00 4.158335e-01
2.700000e+02 ROT 3.447265e+11 3.996688e-10 0.000000e+00 0.000000e+00 1.421298e-01 9.313524e-03 2.177262e-01 5.705578e-04 2.496774e-03 0.000000e+00 0.000000e+00 0.000000e+00 0.000000e+00 0.000000e+00 0.000000e+00 0.000000e+00 0.000000e+00 0.000000e+00 0.000000e+00 3.722369e-01
2.700000e+02 PB 2.798627e+09 0.000000e+00 0.000000e+00 0.000000e+00 0.000000e+00 1.870316e-04 0.000000e+00 5.645908e-04 0.000000e+00 0.000000e+00 0.000000e+00 0.000000e+00 1.523368e+01 1.729233e+00 0.000000e+00 0.000000e+00 0.000000e+00 0.000000e+00 0.000000e+00 1.696366e+01
2.700000e+02 BB 2.674860e+06 0.000000e+00 0.000000e+00 0.000000e+00 0.000000e+00 0.000000e+00 0.000000e+00 0.000000e+00 0.000000e+00 0.000000e+00 0.000000e+00 0.000000e+00 0.000000e+00 0.000000e+00 0.000000e+00 0.000000e+00 0.000000e+00 0.000000e+00 0.000000e+00 0.000000e+00
2.700000e+02 DL 1.111456e+11 0.000000e+00 0.000000e+00 0.000000e+00 0.000000e+00 7.169710e-05 0.000000e+00 2.062885e-04 2.509968e-05 5.627288e-04 0.000000e+00 0.000000e+00 3.991669e+00 4.543103e-01 0.000000e+00 0.000000e+00 0.000000e+00 0.000000e+00 0.000000e+00 4.446845e+00
2.700000e+02 DR 3.453169e+09 0.000000e+00 0.000000e+00 0.000000e+00 0.000000e+00 1.700911e-03 0.000000e+00 5.356978e-03 1.914481e-03 1.295524e-02 0.000000e+00 0.000000e+00 4.515715e+01 5.169612e+00 0.000000e+00 0.000000e+00 0.000000e+00 0.000000e+00 0.000000e+00 5.034869e+01
2.700000e+02 DC 1.943695e+09 0.000000e+00 0.000000e+00 0.000000e+00 0.000000e+00 9.123847e-06 0.000000e+00 8.799428e-06 4.541085e-06 1.976750e-05 0.000000e+00 0.000000e+00 4.768145e-01 5.603175e-02 0.000000e+00 0.000000e+00 0.000000e+00 0.000000e+00 0.000000e+00 5.328885e-01
2.750000e+02 WAE 3.004147e+05 0.000000e+00 0.000000e+00 0.000000e+00 1.662825e+04 0.000000e+00 0.000000e+00 0.000000e+00 0.000000e+00 0.000000e+00 0.000000e+00 0.000000e+00 0.000000e+00 0.000000e+00 0.000000e+00 0.000000e+00 0.000000e+00 0.000000e+00 0.000000e+00 1.662825e+04
2.750000e+02 YPH 3.914344e+06 0.000000e+00 0.000000e+00 0.000000e+00 5.805896e+03 9.376477e-01 0.000000e+00 0.000000e+00 0.000000e+00 0.000000e+00 0.000000e+00 0.000000e+00 0.000000e+00 0.000000e+00 0.000000e+00 0.000000e+00 0.000000e+00 0.000000e+00 0.000000e+00 5.806834e+03
2.750000e+02 GZS 4.659578e+06 0.000000e+00 0.000000e+00 0.000000e+00 2.198902e+04 0.000000e+00 0.000000e+00 0.000000e+00 0.000000e+00 0.000000e+00 0.000000e+00 0.000000e+00 0.000000e+00 0.000000e+00 0.000000e+00 0.000000e+00 0.000000e+00 0.000000e+00 0.000000e+00 2.198902e+04
2.750000e+02 RDG 4.837650e+05 0.000000e+00 0.000000e+00 0.000000e+00 4.760921e+03 1.073003e+00 0.000000e+00 0.000000e+00 0.000000e+00 0.000000e+00 0.000000e+00 0.000000e+00 0.000000e+00 0.000000e+00 0.000000e+00 0.000000e+00 0.000000e+00 0.000000e+00 0.000000e+00 4.761994e+03
2.750000e+02 DRE 5.199688e+10 6.160691e-08 0.000000e+00 0.000000e+00 4.380041e-03 5.036618e-03 0.000000e+00 9.995391e-04 0.000000e+00 0.000000e+00 0.000000e+00 0.000000e+00 0.000000e+00 0.000000e+00 0.000000e+00 0.000000e+00 0.000000e+00 0.000000e+00 0.000000e+00 1.041620e-02
2.750000e+02 CHI 1.152187e+09 1.565112e-09 1.255624e-13 0.000000e+00 2.484101e-01 4.077045e-02 7.594324e-01 3.638331e-03 0.000000e+00 0.000000e+00 0.000000e+00 0.000000e+00 0.000000e+00 0.000000e+00 0.000000e+00 0.000000e+00 0.000000e+00 0.000000e+00 0.000000e+00 1.052251e+00
2.750000e+02 DIA 2.941458e+11 1.890611e-11 0.000000e+00 0.000000e+00 0.000000e+00 0.000000e+00 1.045427e-03 0.000000e+00 5.175532e-06 0.000000e+00 0.000000e+00 0.000000e+00 1.367919e+00 1.577715e-01 0.000000e+00 0.000000e+00 0.000000e+00 0.000000e+00 0.000000e+00 1.526741e+00
2.750000e+02 GRN 2.360444e+11 9.459524e-12 0.000000e+00 0.000000e+00 0.000000e+00 0.000000e+00 1.281886e-03 0.000000e+00 5.273768e-06 0.000000e+00 0.000000e+00 0.000000e+00 1.402846e+00 1.617345e-01 0.000000e+00 0.000000e+00 0.000000e+00 0.000000e+00 0.000000e+00 1.565868e+00
2.750000e+02 CAL 3.572968e+12 6.464248e-10 0.000000e+00 0.000000e+00 1.397176e-01 8.991597e-03 2.701168e-01 5.496839e-04 2.415691e-03 0.000000e+00 0.000000e+00 0.000000e+00 0.000000e+00 0.000000e+00 0.000000e+00 0.000000e+00 0.000000e+00 0.000000e+00 0.000000e+00 4.217913e-01
2.750000e+02 ROT 3.447265e+11 3.965074e-10 0.000000e+00 0.000000e+00 1.472627e-01 9.307658e-03 2.178521e-01 5.703856e-04 2.482066e-03 0.000000e+00 0.000000e+00 0.000000e+00 0.000000e+00 0.000000e+00 0.000000e+00 0.000000e+00 0.000000e+00 0.000000e+00 0.000000e+00 3.774749e-01
2.750000e+02 PB 2.798627e+09 0.000000e+00 0.000000e+00 0.000000e+00 0.000000e+00 1.872295e-04 0.000000e+00 5.727633e-04 0.000000e+00 0.000000e+00 0.000000e+00 0.000000e+00 1.512293e+01 1.718012e+00 0.000000e+00 0.000000e+00 0.000000e+00 0.000000e+00 0.000000e+00 1.684170e+01
2.750000e+02 BB 2.674860e+06 0.000000e+00 0.000000e+00 0.000000e+00 0.000000e+00 0.000000e+00 0.000000e+00 0.000000e+00 0.000000e+00 0.000000e+00 0.000000e+00 0.000000e+00 0.000000e+00 0.000000e+00 0.000000e+00 0.000000e+00 0.000000e+00 0.000000e+00 0.000000e+00 0.000000e+00
2.750000e+02 DL 1.111456e+11 0.000000e+00 0.000000e+00 0.000000e+00 0.000000e+00 7.231470e-05 0.000000e+00 2.119109e-04 2.490643e-05 5.531709e-04 0.000000e+00 0.000000e+00 3.961090e+00 4.511586e-01 0.000000e+00 0.000000e+00 0.000000e+00 0.000000e+00 0.000000e+00 4.413111e+00
2.750000e+02 DR 3.453169e+09 0.000000e+00 0.000000e+00 0.000000e+00 0.000000e+00 1.728910e-03 0.000000e+00 5.548753e-03 1.936850e-03 1.276372e-02 0.000000e+00 0.000000e+00 4.553885e+01 5.221920e+00 0.000000e+00 0.000000e+00 0.000000e+00 0.000000e+00 0.000000e+00 5.078275e+01
2.750000e+02 DC 1.943695e+09 0.000000e+00 0.000000e+00 0.000000e+00 0.000000e+00 8.957959e-06 0.000000e+00 8.639438e-06 4.458520e-06 1.940809e-05 0.000000e+00 0.000000e+00 4.681451e-01 5.501299e-02 0.000000e+00 0.000000e+00 0.000000e+00 0.000000e+00 0.000000e+00 5.231996e-01
2.800000e+02 WAE 3.004147e+05 0.000000e+00 0.000000e+00 0.000000e+00 1.627865e+04 0.000000e+00 0.000000e+00 0.000000e+00 0.000000e+00 0.000000e+00 0.000000e+00 0.000000e+00 0.000000e+00 0.000000e+00 0.000000e+00 0.000000e+00 0.000000e+00 0.000000e+00 0.000000e+00 1.627865e+04
2.800000e+02 YPH 3.914344e+06 0.000000e+00 0.000000e+00 0.000000e+00 6.013820e+03 9.189532e-01 0.000000e+00 0.000000e+00 0.000000e+00 0.000000e+00 0.000000e+00 0.000000e+00 0.000000e+00 0.000000e+00 0.000000e+00 0.000000e+00 0.000000e+00 0.000000e+00 0.000000e+00 6.014738e+03
2.800000e+02 GZS 4.659578e+06 0.000000e+00 0.000000e+00 0.000000e+00 2.108665e+04 0.000000e+00 0.000000e+00 0.000000e+00 0.000000e+00 0.000000e+00 0.000000e+00 0.000000e+00 0.000000e+00 0.000000e+00 0.000000e+00 0.000000e+00 0.000000e+00 0.000000e+00 0.000000e+00 2.108665e+04
2.800000e+02 RDG 4.837650e+05 0.000000e+00 0.000000e+00 0.000000e+00 4.813002e+03 1.066310e+00 0.000000e+00 0.000000e+00 0.000000e+00 0.000000e+00 0.000000e+00 0.000000e+00 0.000000e+00 0.000000e+00 0.000000e+00 0.000000e+00 0.000000e+00 0.000000e+00 0.000000e+00 4.814068e+03
2.800000e+02 DRE 5.199688e+10 6.123087e-08 0.000000e+00 0.000000e+00 4.398739e-03 5.030559e-03 0.000000e+00 1.007325e-03 0.000000e+00 0.000000e+00 0.000000e+00 0.000000e+00 0.000000e+00 0.000000e+00 0.000000e+00 0.000000e+00 0.000000e+00 0.000000e+00 0.000000e+00 1.043662e-02
2.800000e+02 CHI 1.152187e+09 1.538320e-09 1.233225e-13 0.000000e+00 2.462806e-01 4.008261e-02 7.471133e-01 3.577935e-03 0.000000e+00 0.000000e+00 0.000000e+00 0.000000e+00 0.000000e+00 0.000000e+00 0.000000e+00 0.000000e+00 0.000000e+00 0.000000e+00 0.000000e+00 1.037054e+00
2.800000e+02 DIA 2.941458e+11 1.856917e-11 0.000000e+00 0.000000e+00 0.000000e+00 0.000000e+00 1.078320e-03 0.000000e+00 5.089474e-06 0.000000e+00 0.000000e+00 0.000000e+00 1.345181e+00 1.551605e-01 0.000000e+00 0.000000e+00 0.000000e+00 0.000000e+00 0.000000e+00 1.501425e+00
2.800000e+02 GRN 2.360444e+11 9.291018e-12 0.000000e+00 0.000000e+00 0.000000e+00 0.000000e+00 1.323248e-03 0.000000e+00 5.187522e-06 0.000000e+00 0.000000e+00 0.000000e+00 1.379901e+00 1.591036e-01 0.000000e+00 0.000000e+00 0.000000e+00 0.000000e+00 0.000000e+00 1.540333e+00
2.800000e+02 CAL 3.572968e+12 6.408453e-10 0.000000e+00 0.000000e+00 1.443004e-01 8.969581e-03 2.719717e-01 5.482737e-04 2.399195e-03 0.000000e+00 0.000000e+00 0.000000e+00 0.000000e+00 0.000000e+00 0.000000e+00 0.000000e+00 0.000000e+00 0.000000e+00 0.000000e+00 4.281892e-01
2.800000e+02 ROT 3.447265e+11 3.933913e-10 0.000000e+00 0.000000e+00 1.524748e-01 9.294947e-03 2.184839e-01 5.695126e-04 2.467259e-03 0.000000e+00 0.000000e+00 0.000000e+00 0.000000e+00 0.000000e+00 0.000000e+00 0.000000e+00 0.000000e+00 0.000000e+00 0.000000e+00 3.832904e-01
2.800000e+02 PB 2.798627e+09 0.000000e+00 0.000000e+00 0.000000e+00 0.000000e+00 1.872246e-04 0.000000e+00 5.804682e-04 0.000000e+00 0.000000e+00 0.000000e+00 0.000000e+00 1.501268e+01 1.706858e+00 0.000000e+00 0.000000e+00 0.000000e+00 0.000000e+00 0.000000e+00 1.672030e+01
2.800000e+02 BB 2.674860e+06 0.000000e+00 0.000000e+00 0.000000e+00 0.000000e+00 0.000000e+00 0.000000e+00 0.000000e+00 0.000000e+00 0.000000e+00 0.000000e+00 0.000000e+00 0.000000e+00 0.000000e+00 0.000000e+00 0.000000e+00 0.000000e+00 0.000000e+00 0.000000e+00 0.000000e+00
2.800000e+02 DL 1.111456e+11 0.000000e+00 0.000000e+00 0.000000e+00 0.000000e+00 7.289896e-05 0.000000e+00 2.177216e-04 2.473123e-05 5.438652e-04 0.000000e+00 0.000000e+00 3.932799e+00 4.482880e-01 0.000000e+00 0.000000e+00 0.000000e+00 0.000000e+00 0.000000e+00 4.381946e+00
2.800000e+02 DR 3.453169e+09 0.000000e+00 0.000000e+00 0.000000e+00 0.000000e+00 1.756368e-03 0.000000e+00 5.749832e-03 1.961617e-03 1.257384e-02 0.000000e+00 0.000000e+00 4.595827e+01 5.279277e+00 0.000000e+00 0.000000e+00 0.000000e+00 0.000000e+00 0.000000e+00 5.125958e+01
2.800000e+02 DC 1.943695e+09 0.000000e+00 0.000000e+00 0.000000e+00 0.000000e+00 8.797996e-06 0.000000e+00 8.485163e-06 4.378903e-06 1.906152e-05 0.000000e+00 0.000000e+00 4.597854e-01 5.403061e-02 0.000000e+00 0.000000e+00 0.000000e+00 0.000000e+00 0.000000e+00 5.138567e-01
2.850000e+02 WAE 3.004147e+05 0.000000e+00 0.000000e+00 0.000000e+00 1.594711e+04 0.000000e+00 0.000000e+00 0.000000e+00 0.000000e+00 0.000000e+00 0.000000e+00 0.000000e+00 0.000000e+00 0.000000e+00 0.000000e+00 0.000000e+00 0.000000e+00 0.000000e+00 0.000000e+00 1.594711e+04
2.850000e+02 YPH 3.914344e+06 0.000000e+00 0.000000e+00 0.000000e+00 6.192068e+03 9.008113e-01 0.000000e+00 0.000000e+00 0.000000e+00 0.000000e+00 0.000000e+00 0.000000e+00 0.000000e+00 0.000000e+00 0.000000e+00 0.000000e+00 0.000000e+00 0.000000e+00 0.000000e+00 6.192968e+03
2.850000e+02 GZS 4.659578e+06 0.000000e+00 0.000000e+00 0.000000e+00 2.026786e+04 0.000000e+00 0.000000e+00 0.000000e+00 0.000000e+00 0.000000e+00 0.000000e+00 0.000000e+00 0.000000e+00 0.000000e+00 0.000000e+00 0.000000e+00 0.000000e+00 0.000000e+00 0.000000e+00 2.026786e+04
2.850000e+02 RDG 4.837650e+05 0.000000e+00 0.000000e+00 0.000000e+00 4.853711e+03 1.057309e+00 0.000000e+00 0.000000e+00 0.000000e+00 0.000000e+00 0.000000e+00 0.000000e+00 0.000000e+00 0.000000e+00 0.000000e+00 0.000000e+00 0.000000e+00 0.000000e+00 0.000000e+00 4.854768e+03
2.850000e+02 DRE 5.199688e+10 6.086505e-08 0.000000e+00 0.000000e+00 4.416346e-03 5.019607e-03 0.000000e+00 1.014089e-03 0.000000e+00 0.000000e+00 0.000000e+00 0.000000e+00 0.000000e+00 0.000000e+00 0.000000e+00 0.000000e+00 0.000000e+00 0.000000e+00 0.000000e+00 1.045004e-02
2.850000e+02 CHI 1.152187e+09 1.512294e-09 1.211607e-13 0.000000e+00 2.439811e-01 3.941092e-02 7.351901e-01 3.518742e-03 0.000000e+00 0.000000e+00 0.000000e+00 0.000000e+00 0.000000e+00 0.000000e+00 0.000000e+00 0.000000e+00 0.000000e+00 0.000000e+00 0.000000e+00 1.022101e+00
2.850000e+02 DIA 2.941458e+11 1.824405e-11 0.000000e+00 0.000000e+00 0.000000e+00 0.000000e+00 1.111400e-03 0.000000e+00 5.006411e-06 0.000000e+00 0.000000e+00 0.000000e+00 1.323204e+00 1.526375e-01 0.000000e+00 0.000000e+00 0.000000e+00 0.000000e+00 0.000000e+00 1.476958e+00
2.850000e+02 GRN 2.360444e+11 9.128424e-12 0.000000e+00 0.000000e+00 0.000000e+00 0.000000e+00 1.364831e-03 0.000000e+00 5.104271e-06 0.000000e+00 0.000000e+00 0.000000e+00 1.357713e+00 1.565604e-01 0.000000e+00 0.000000e+00 0.000000e+00 0.000000e+00 0.000000e+00 1.515644e+00
2.850000e+02 CAL 3.572968e+12 6.353291e-10 0.000000e+00 0.000000e+00 1.489301e-01 8.941654e-03 2.742540e-01 5.462471e-04 2.382581e-03 0.000000e+00 0.000000e+00 0.000000e+00 0.000000e+00 0.000000e+00 0.000000e+00 0.000000e+00 0.000000e+00 0.000000e+00 0.000000e+00 4.350547e-01
2.850000e+02 ROT 3.447265e+11 3.903139e-10 0.000000e+00 0.000000e+00 1.577703e-01 9.275934e-03 2.196528e-01 5.679710e-04 2.452329e-03 0.000000e+00 0.000000e+00 0.000000e+00 0.000000e+00 0.000000e+00 0.000000e+00 0.000000e+00 0.000000e+00 0.000000e+00 0.000000e+00 3.897194e-01
2.850000e+02 PB 2.798627e+09 0.000000e+00 0.000000e+00 0.000000e+00 0.000000e+00 1.870305e-04 0.000000e+00 5.877236e-04 0.000000e+00 0.000000e+00 0.000000e+00 0.000000e+00 1.490275e+01 1.695747e+00 0.000000e+00 0.000000e+00 0.000000e+00 0.000000e+00 0.000000e+00 1.659927e+01
2.850000e+02 BB 2.674860e+06 0.000000e+00 0.000000e+00 0.000000e+00 0.000000e+00 0.000000e+00 0.000000e+00 0.000000e+00 0.000000e+00 0.000000e+00 0.000000e+00 0.000000e+00 0.000000e+00 0.000000e+00 0.000000e+00 0.000000e+00 0.000000e+00 0.000000e+00 0.000000e+00 0.000000e+00
2.850000e+02 DL 1.111456e+11 0.000000e+00 0.000000e+00 0.000000e+00 0.000000e+00 7.345323e-05 0.000000e+00 2.237549e-04 2.457451e-05 5.348044e-04 0.000000e+00 0.000000e+00 3.906785e+00 4.456991e-01 0.000000e+00 0.000000e+00 0.000000e+00 0.000000e+00 0.000000e+00 4.353341e+00
2.850000e+02 DR 3.453169e+09 0.000000e+00 0.000000e+00 0.000000e+00 0.000000e+00 1.783342e-03 0.000000e+00 5.961395e-03 1.988983e-03 1.238574e-02 0.000000e+00 0.000000e+00 4.641726e+01 5.341962e+00 0.000000e+00 0.000000e+00 0.000000e+00 0.000000e+00 0.000000e+00 5.178134e+01
2.850000e+02 DC 1.943695e+09 0.000000e+00 0.000000e+00 0.000000e+00 0.000000e+00 8.643645e-06 0.000000e+00 8.336301e-06 4.302080e-06 1.872711e-05 0.000000e+00 0.000000e+00 4.517190e-01 5.308271e-02 0.000000e+00 0.000000e+00 0.000000e+00 0.000000e+00 0.000000e+00 5.048417e-01
2.900000e+02 WAE 3.004147e+05 0.000000e+00 0.000000e+00 0.000000e+00 1.563199e+04 0.000000e+00 0.000000e+00 0.000000e+00 0.000000e+00 0.000000e+00 0.000000e+00 0.000000e+00 0.000000e+00 0.000000e+00 0.000000e+00 0.000000e+00 0.000000e+00 0.000000e+00 0.000000e+00 1.563199e+04
2.900000e+02 YPH 3.914344e+06 0.000000e+00 0.000000e+00 0.000000e+00 6.342437e+03 8.800758e-01 0.000000e+00 0.000000e+00 0.000000e+00 0.000000e+00 0.000000e+00 0.000000e+00 0.000000e+00 0.000000e+00 0.000000e+00 0.000000e+00 0.000000e+00 0.000000e+00 0.000000e+00 6.343317e+03
2.900000e+02 GZS 4.659578e+06 0.000000e+00 0.000000e+00 0.000000e+00 1.952244e+04 0.000000e+00 0.000000e+00 0.000000e+00 0.000000e+00 0.000000e+00 0.000000e+00 0.000000e+00 0.000000e+00 0.000000e+00 0.000000e+00 0.000000e+00 0.000000e+00 0.000000e+00 0.000000e+00 1.952244e+04
2.900000e+02 RDG 4.837650e+05 0.000000e+00 0.000000e+00 0.000000e+00 4.883523e+03 1.047184e+00 0.000000e+00 0.000000e+00 0.000000e+00 0.000000e+00 0.000000e+00 0.000000e+00 0.000000e+00 0.000000e+00 0.000000e+00 0.000000e+00 0.000000e+00 0.000000e+00 0.000000e+00 4.884570e+03
2.900000e+02 DRE 5.199688e+10 6.050891e-08 0.000000e+00 0.000000e+00 4.432817e-03 5.004167e-03 0.000000e+00 1.019881e-03 0.000000e+00 0.000000e+00 0.000000e+00 0.000000e+00 0.000000e+00 0.000000e+00 0.000000e+00 0.000000e+00 0.000000e+00 0.000000e+00 0.000000e+00 1.045686e-02
2.900000e+02 CHI 1.152187e+09 1.487010e-09 1.190728e-13 0.000000e+00 2.415245e-01 3.875573e-02 7.236279e-01 3.460821e-03 0.000000e+00 0.000000e+00 0.000000e+00 0.000000e+00 0.000000e+00 0.000000e+00 0.000000e+00 0.000000e+00 0.000000e+00 0.000000e+00 0.000000e+00 1.007369e+00
2.900000e+02 DIA 2.941458e+11 1.793014e-11 0.000000e+00 0.000000e+00 0.000000e+00 0.000000e+00 1.144746e-03 0.000000e+00 4.926186e-06 0.000000e+00 0.000000e+00 0.000000e+00 1.301945e+00 1.501976e-01 0.000000e+00 0.000000e+00 0.000000e+00 0.000000e+00 0.000000e+00 1.453293e+00
2.900000e+02 GRN 2.360444e+11 8.971438e-12 0.000000e+00 0.000000e+00 0.000000e+00 0.000000e+00 1.406732e-03 0.000000e+00 5.023859e-06 0.000000e+00 0.000000e+00 0.000000e+00 1.336243e+00 1.541001e-01 0.000000e+00 0.000000e+00 0.000000e+00 0.000000e+00 0.000000e+00 1.491755e+00
2.900000e+02 CAL 3.572968e+12 6.298664e-10 0.000000e+00 0.000000e+00 1.536088e-01 8.908354e-03 2.769902e-01 5.436410e-04 2.365832e-03 0.000000e+00 0.000000e+00 0.000000e+00 0.000000e+00 0.000000e+00 0.000000e+00 0.000000e+00 0.000000e+00 0.000000e+00 0.000000e+00 4.424168e-01
2.900000e+02 ROT 3.447265e+11 3.872686e-10 0.000000e+00 0.000000e+00 1.631533e-01 9.251156e-03 2.213926e-01 5.657953e-04 2.437252e-03 0.000000e+00 0.000000e+00 0.000000e+00 0.000000e+00 0.000000e+00 0.000000e+00 0.000000e+00 0.000000e+00 0.000000e+00 0.000000e+00 3.968002e-01
2.900000e+02 PB 2.798627e+09 0.000000e+00 0.000000e+00 0.000000e+00 0.000000e+00 1.866608e-04 0.000000e+00 5.945471e-04 0.000000e+00 0.000000e+00 0.000000e+00 0.000000e+00 1.479294e+01 1.684654e+00 0.000000e+00 0.000000e+00 0.000000e+00 0.000000e+00 0.000000e+00 1.647837e+01
2.900000e+02 BB 2.674860e+06 0.000000e+00 0.000000e+00 0.000000e+00 0.000000e+00 0.000000e+00 0.000000e+00 0.000000e+00 0.000000e+00 0.000000e+00 0.000000e+00 0.000000e+00 0.000000e+00 0.000000e+00 0.000000e+00 0.000000e+00 0.000000e+00 0.000000e+00 0.000000e+00 0.000000e+00
2.900000e+02 DL 1.111456e+11 0.000000e+00 0.000000e+00 0.000000e+00 0.000000e+00 7.398026e-05 0.000000e+00 2.300448e-04 2.443674e-05 5.259820e-04 0.000000e+00 0.000000e+00 3.883029e+00 4.433915e-01 0.000000e+00 0.000000e+00 0.000000e+00 0.000000e+00 0.000000e+00 4.327274e+00
2.900000e+02 DR 3.453169e+09 0.000000e+00 0.000000e+00 0.000000e+00 0.000000e+00 1.809890e-03 0.000000e+00 6.184739e-03 2.019169e-03 1.219959e-02 0.000000e+00 0.000000e+00 4.691761e+01 5.410256e+00 0.000000e+00 0.000000e+00 0.000000e+00 0.000000e+00 0.000000e+00 5.235008e+01
2.900000e+02 DC 1.943695e+09 0.000000e+00 0.000000e+00 0.000000e+00 0.000000e+00 8.494617e-06 0.000000e+00 8.192572e-06 4.227907e-06 1.840422e-05 0.000000e+00 0.000000e+00 4.439307e-01 5.216749e-02 0.000000e+00 0.000000e+00 0.000000e+00 0.000000e+00 0.000000e+00 4.961375e-01
2.950000e+02 WAE 3.004147e+05 0.000000e+00 0.000000e+00 0.000000e+00 1.531860e+04 0.000000e+00 0.000000e+00 0.000000e+00 0.000000e+00 0.000000e+00 0.000000e+00 0.000000e+00 0.000000e+00 0.000000e+00 0.000000e+00 0.000000e+00 0.000000e+00 0.000000e+00 0.000000e+00 1.531860e+04
2.950000e+02 YPH 3.914344e+06 0.000000e+00 0.000000e+00 0.000000e+00 6.466651e+03 8.598324e-01 0.000000e+00 0.000000e+00 0.000000e+00 0.000000e+00 0.000000e+00 0.000000e+00 0.000000e+00 0.000000e+00 0.000000e+00 0.000000e+00 0.000000e+00 0.000000e+00 0.000000e+00 6.467511e+03
2.950000e+02 GZS 4.659578e+06 0.000000e+00 0.000000e+00 0.000000e+00 1.884292e+04 0.000000e+00 0.000000e+00 0.000000e+00 0.000000e+00 0.000000e+00 0.000000e+00 0.000000e+00 0.000000e+00 0.000000e+00 0.000000e+00 0.000000e+00 0.000000e+00 0.000000e+00 0.000000e+00 1.884292e+04
2.950000e+02 RDG 4.837650e+05 0.000000e+00 0.000000e+00 0.000000e+00 4.902956e+03 1.036004e+00 0.000000e+00 0.000000e+00 0.000000e+00 0.000000e+00 0.000000e+00 0.000000e+00 0.000000e+00 0.000000e+00 0.000000e+00 0.000000e+00 0.000000e+00 0.000000e+00 0.000000e+00 4.903992e+03
2.950000e+02 DRE 5.199688e+10 6.016197e-08 0.000000e+00 0.000000e+00 4.448573e-03 4.984637e-03 0.000000e+00 1.024753e-03 0.000000e+00 0.000000e+00 0.000000e+00 0.000000e+00 0.000000e+00 0.000000e+00 0.000000e+00 0.000000e+00 0.000000e+00 0.000000e+00 0.000000e+00 1.045796e-02
2.950000e+02 CHI 1.152187e+09 1.462445e-09 1.170554e-13 0.000000e+00 2.389252e-01 3.811729e-02 7.123944e-01 3.404229e-03 0.000000e+00 0.000000e+00 0.000000e+00 0.000000e+00 0.000000e+00 0.000000e+00 0.000000e+00 0.000000e+00 0.000000e+00 0.000000e+00 0.000000e+00 9.928412e-01
2.950000e+02 DIA 2.941458e+11 1.762687e-11 0.000000e+00 0.000000e+00 0.000000e+00 0.000000e+00 1.178439e-03 0.000000e+00 4.848657e-06 0.000000e+00 0.000000e+00 0.000000e+00 1.281368e+00 1.478364e-01 0.000000e+00 0.000000e+00 0.000000e+00 0.000000e+00 0.000000e+00 1.430387e+00
2.950000e+02 GRN 2.360444e+11 8.819772e-12 0.000000e+00 0.000000e+00 0.000000e+00 0.000000e+00 1.449054e-03 0.000000e+00 4.946142e-06 0.000000e+00 0.000000e+00 0.000000e+00 1.315450e+00 1.517182e-01 0.000000e+00 0.000000e+00 0.000000e+00 0.000000e+00 0.000000e+00 1.468622e+00
2.950000e+02 CAL 3.572968e+12 6.244477e-10 0.000000e+00 0.000000e+00 1.583383e-01 8.870200e-03 2.802076e-01 5.404935e-04 2.348930e-03 0.000000e+00 0.000000e+00 0.000000e+00 0.000000e+00 0.000000e+00 0.000000e+00 0.000000e+00 0.000000e+00 0.000000e+00 0.000000e+00 4.503056e-01
2.950000e+02 ROT 3.447265e+11 3.842487e-10 0.000000e+00 0.000000e+00 1.686276e-01 9.221137e-03 2.237398e-01 5.630220e-04 2.422006e-03 0.000000e+00 0.000000e+00 0.000000e+00 0.000000e+00 0.000000e+00 0.000000e+00 0.000000e+00 0.000000e+00 0.000000e+00 0.000000e+00 4.045736e-01
2.950000e+02 PB 2.798627e+09 0.000000e+00 0.000000e+00 0.000000e+00 0.000000e+00 1.861291e-04 0.000000e+00 6.009558e-04 0.000000e+00 0.000000e+00 0.000000e+00 0.000000e+00 1.468306e+01 1.673554e+00 0.000000e+00 0.000000e+00 0.000000e+00 0.000000e+00 0.000000e+00 1.635740e+01
2.950000e+02 BB 2.674860e+06 0.000000e+00 0.000000e+00 0.000000e+00 0.000000e+00 0.000000e+00 0.000000e+00 0.000000e+00 0.000000e+00 0.000000e+00 0.000000e+00 0.000000e+00 0.000000e+00 0.000000e+00 0.000000e+00 0.000000e+00 0.000000e+00 0.000000e+00 0.000000e+00 0.000000e+00
2.950000e+02 DL 1.111456e+11 0.000000e+00 0.000000e+00 0.000000e+00 0.000000e+00 7.448290e-05 0.000000e+00 2.366288e-04 2.431853e-05 5.173921e-04 0.000000e+00 0.000000e+00 3.861510e+00 4.413653e-01 0.000000e+00 0.000000e+00 0.000000e+00 0.000000e+00 0.000000e+00 4.303728e+00
2.950000e+02 DR 3.453169e+09 0.000000e+00 0.000000e+00 0.000000e+00 0.000000e+00 1.836077e-03 0.000000e+00 6.421312e-03 2.052423e-03 1.201558e-02 0.000000e+00 0.000000e+00 4.746111e+01 5.484446e+00 0.000000e+00 0.000000e+00 0.000000e+00 0.000000e+00 0.000000e+00 5.296789e+01
2.950000e+02 DC 1.943695e+09 0.000000e+00 0.000000e+00 0.000000e+00 0.000000e+00 8.350640e-06 0.000000e+00 8.053715e-06 4.156247e-06 1.809229e-05 0.000000e+00 0.000000e+00 4.364065e-01 5.128329e-02 0.000000e+00 0.000000e+00 0.000000e+00 0.000000e+00 0.000000e+00 4.877284e-01
3.000000e+02 WAE 3.004147e+05 0.000000e+00 0.000000e+00 0.000000e+00 1.496850e+04 0.000000e+00 0.000000e+00 0.000000e+00 0.000000e+00 0.000000e+00 0.000000e+00 0.000000e+00 0.000000e+00 0.000000e+00 0.000000e+00 0.000000e+00 0.000000e+00 0.000000e+00 0.000000e+00 1.496850e+04
3.000000e+02 YPH 3.914344e+06 0.000000e+00 0.000000e+00 0.000000e+00 6.566612e+03 8.403986e-01 0.000000e+00 0.000000e+00 0.000000e+00 0.000000e+00 0.000000e+00 0.000000e+00 0.000000e+00 0.000000e+00 0.000000e+00 0.000000e+00 0.000000e+00 0.000000e+00 0.000000e+00 6.567452e+03
3.000000e+02 GZS 4.659578e+06 0.000000e+00 0.000000e+00 0.000000e+00 1.821122e+04 0.000000e+00 0.000000e+00 0.000000e+00 0.000000e+00 0.000000e+00 0.000000e+00 0.000000e+00 0.000000e+00 0.000000e+00 0.000000e+00 0.000000e+00 0.000000e+00 0.000000e+00 0.000000e+00 1.821122e+04
3.000000e+02 RDG 4.837650e+05 0.000000e+00 0.000000e+00 0.000000e+00 4.912775e+03 1.023686e+00 0.000000e+00 0.000000e+00 0.000000e+00 0.000000e+00 0.000000e+00 0.000000e+00 0.000000e+00 0.000000e+00 0.000000e+00 0.000000e+00 0.000000e+00 0.000000e+00 0.000000e+00 4.913799e+03
3.000000e+02 DRE 5.199688e+10 5.982377e-08 0.000000e+00 0.000000e+00 4.464929e-03 4.961409e-03 0.000000e+00 1.028756e-03 0.000000e+00 0.000000e+00 0.000000e+00 0.000000e+00 0.000000e+00 0.000000e+00 0.000000e+00 0.000000e+00 0.000000e+00 0.000000e+00 0.000000e+00 1.045510e-02
3.000000e+02 CHI 1.152187e+09 1.438578e-09 1.151050e-13 0.000000e+00 2.362005e-01 3.749571e-02 7.014601e-01 3.349010e-03 0.000000e+00 0.000000e+00 0.000000e+00 0.000000e+00 0.000000e+00 0.000000e+00 0.000000e+00 0.000000e+00 0.000000e+00 0.000000e+00 0.000000e+00 9.785053e-01
3.000000e+02 DIA 2.941458e+11 1.733371e-11 0.000000e+00 0.000000e+00 0.000000e+00 0.000000e+00 1.212571e-03 0.000000e+00 4.773687e-06 0.000000e+00 0.000000e+00 0.000000e+00 1.261434e+00 1.455497e-01 0.000000e+00 0.000000e+00 0.000000e+00 0.000000e+00 0.000000e+00 1.408201e+00
3.000000e+02 GRN 2.360444e+11 8.673163e-12 0.000000e+00 0.000000e+00 0.000000e+00 0.000000e+00 1.491912e-03 0.000000e+00 4.870985e-06 0.000000e+00 0.000000e+00 0.000000e+00 1.295299e+00 1.494103e-01 0.000000e+00 0.000000e+00 0.000000e+00 0.000000e+00 0.000000e+00 1.446206e+00
3.000000e+02 CAL 3.572968e+12 6.190634e-10 0.000000e+00 0.000000e+00 1.631270e-01 8.827699e-03 2.839344e-01 5.368443e-04 2.331855e-03 0.000000e+00 0.000000e+00 0.000000e+00 0.000000e+00 0.000000e+00 0.000000e+00 0.000000e+00 0.000000e+00 0.000000e+00 0.000000e+00 4.587579e-01
3.000000e+02 ROT 3.447265e+11 3.812478e-10 0.000000e+00 0.000000e+00 1.742044e-01 9.186392e-03 2.267327e-01 5.596893e-04 2.406563e-03 0.000000e+00 0.000000e+00 0.000000e+00 0.000000e+00 0.000000e+00 0.000000e+00 0.000000e+00 0.000000e+00 0.000000e+00 0.000000e+00 4.130898e-01
3.000000e+02 PB 2.798627e+09 0.000000e+00 0.000000e+00 0.000000e+00 0.000000e+00 1.854487e-04 0.000000e+00 6.069649e-04 0.000000e+00 0.000000e+00 0.000000e+00 0.000000e+00 1.457293e+01 1.662421e+00 0.000000e+00 0.000000e+00 0.000000e+00 0.000000e+00 0.000000e+00 1.623614e+01
3.000000e+02 BB 2.674860e+06 0.000000e+00 0.000000e+00 0.000000e+00 0.000000e+00 0.000000e+00 0.000000e+00 0.000000e+00 0.000000e+00 0.000000e+00 0.000000e+00 0.000000e+00 0.000000e+00 0.000000e+00 0.000000e+00 0.000000e+00 0.000000e+00 0.000000e+00 0.000000e+00 0.000000e+00
3.000000e+02 DL 1.111456e+11 0.000000e+00 0.000000e+00 0.000000e+00 0.000000e+00 7.496415e-05 0.000000e+00 2.435475e-04 2.422066e-05 5.090298e-04 0.000000e+00 0.000000e+00 3.842212e+00 4.396207e-01 0.000000e+00 0.000000e+00 0.000000e+00 0.000000e+00 0.000000e+00 4.282685e+00
3.000000e+02 DR 3.453169e+09 0.000000e+00 0.000000e+00 0.000000e+00 0.000000e+00 1.861972e-03 0.000000e+00 6.672712e-03 2.089021e-03 1.183391e-02 0.000000e+00 0.000000e+00 4.804946e+01 5.564814e+00 0.000000e+00 0.000000e+00 0.000000e+00 0.000000e+00 0.000000e+00 5.363673e+01
3.000000e+02 DC 1.943695e+09 0.000000e+00 0.000000e+00 0.000000e+00 0.000000e+00 8.211463e-06 0.000000e+00 7.919486e-06 4.086976e-06 1.779075e-05 0.000000e+00 0.000000e+00 4.291330e-01 5.042857e-02 0.000000e+00 0.000000e+00 0.000000e+00 0.000000e+00 0.000000e+00 4.795996e-01
3.050000e+02 WAE 3.004147e+05 0.000000e+00 0.000000e+00 0.000000e+00 1.463511e+04 0.000000e+00 0.000000e+00 0.000000e+00 0.000000e+00 0.000000e+00 0.000000e+00 0.000000e+00 0.000000e+00 0.000000e+00 0.000000e+00 0.000000e+00 0.000000e+00 0.000000e+00 0.000000e+00 1.463511e+04
3.050000e+02 YPH 3.914344e+06 0.000000e+00 0.000000e+00 0.000000e+00 6.647738e+03 8.217111e-01 0.000000e+00 0.000000e+00 0.000000e+00 0.000000e+00 0.000000e+00 0.000000e+00 0.000000e+00 0.000000e+00 0.000000e+00 0.000000e+00 0.000000e+00 0.000000e+00 0.000000e+00 6.648559e+03
3.050000e+02 GZS 4.659578e+06 0.000000e+00 0.000000e+00 0.000000e+00 1.759217e+04 0.000000e+00 0.000000e+00 0.000000e+00 0.000000e+00 0.000000e+00 0.000000e+00 0.000000e+00 0.000000e+00 0.000000e+00 0.000000e+00 0.000000e+00 0.000000e+00 0.000000e+00 0.000000e+00 1.759217e+04
3.050000e+02 RDG 4.837650e+05 0.000000e+00 0.000000e+00 0.000000e+00 4.923212e+03 1.009883e+00 0.000000e+00 0.000000e+00 0.000000e+00 0.000000e+00 0.000000e+00 0.000000e+00 0.000000e+00 0.000000e+00 0.000000e+00 0.000000e+00 0.000000e+00 0.000000e+00 0.000000e+00 4.924222e+03
3.050000e+02 DRE 5.199688e+10 5.949387e-08 0.000000e+00 0.000000e+00 4.483087e-03 4.934847e-03 0.000000e+00 1.031931e-03 0.000000e+00 0.000000e+00 0.000000e+00 0.000000e+00 0.000000e+00 0.000000e+00 0.000000e+00 0.000000e+00 0.000000e+00 0.000000e+00 0.000000e+00 1.044986e-02
3.050000e+02 CHI 1.152187e+09 1.415390e-09 1.132183e-13 0.000000e+00 2.333681e-01 3.689101e-02 6.907991e-01 3.295194e-03 0.000000e+00 0.000000e+00 0.000000e+00 0.000000e+00 0.000000e+00 0.000000e+00 0.000000e+00 0.000000e+00 0.000000e+00 0.000000e+00 0.000000e+00 9.643535e-01
3.050000e+02 DIA 2.941458e+11 1.705016e-11 0.000000e+00 0.000000e+00 0.000000e+00 0.000000e+00 1.247241e-03 0.000000e+00 4.701152e-06 0.000000e+00 0.000000e+00 0.000000e+00 1.242111e+00 1.433334e-01 0.000000e+00 0.000000e+00 0.000000e+00 0.000000e+00 0.000000e+00 1.386697e+00
3.050000e+02 GRN 2.360444e+11 8.531360e-12 0.000000e+00 0.000000e+00 0.000000e+00 0.000000e+00 1.535429e-03 0.000000e+00 4.798263e-06 0.000000e+00 0.000000e+00 0.000000e+00 1.275755e+00 1.471726e-01 0.000000e+00 0.000000e+00 0.000000e+00 0.000000e+00 0.000000e+00 1.424468e+00
3.050000e+02 CAL 3.572968e+12 6.137041e-10 0.000000e+00 0.000000e+00 1.679805e-01 8.781315e-03 2.882024e-01 5.327311e-04 2.314588e-03 0.000000e+00 0.000000e+00 0.000000e+00 0.000000e+00 0.000000e+00 0.000000e+00 0.000000e+00 0.000000e+00 0.000000e+00 0.000000e+00 4.678115e-01
3.050000e+02 ROT 3.447265e+11 3.782591e-10 0.000000e+00 0.000000e+00 1.798923e-01 9.147395e-03 2.304149e-01 5.558339e-04 2.390898e-03 0.000000e+00 0.000000e+00 0.000000e+00 0.000000e+00 0.000000e+00 0.000000e+00 0.000000e+00 0.000000e+00 0.000000e+00 0.000000e+00 4.224013e-01
3.050000e+02 PB 2.798627e+09 0.000000e+00 0.000000e+00 0.000000e+00 0.000000e+00 1.846321e-04 0.000000e+00 6.125808e-04 0.000000e+00 0.000000e+00 0.000000e+00 0.000000e+00 1.446234e+01 1.651228e+00 0.000000e+00 0.000000e+00 0.000000e+00 0.000000e+00 0.000000e+00 1.611437e+01
3.050000e+02 BB 2.674860e+06 0.000000e+00 0.000000e+00 0.000000e+00 0.000000e+00 0.000000e+00 0.000000e+00 0.000000e+00 0.000000e+00 0.000000e+00 0.000000e+00 0.000000e+00 0.000000e+00 0.000000e+00 0.000000e+00 0.000000e+00 0.000000e+00 0.000000e+00 0.000000e+00 0.000000e+00
3.050000e+02 DL 1.111456e+11 0.000000e+00 0.000000e+00 0.000000e+00 0.000000e+00 7.542645e-05 0.000000e+00 2.508398e-04 2.414408e-05 5.008903e-04 0.000000e+00 0.000000e+00 3.825116e+00 4.381578e-01 0.000000e+00 0.000000e+00 0.000000e+00 0.000000e+00 0.000000e+00 4.264125e+00
3.050000e+02 DR 3.453169e+09 0.000000e+00 0.000000e+00 0.000000e+00 0.000000e+00 1.887630e-03 0.000000e+00 6.940521e-03 2.129277e-03 1.165481e-02 0.000000e+00 0.000000e+00 4.868416e+01 5.651630e+00 0.000000e+00 0.000000e+00 0.000000e+00 0.000000e+00 0.000000e+00 5.435841e+01
3.050000e+02 DC 1.943695e+09 0.000000e+00 0.000000e+00 0.000000e+00 0.000000e+00 8.076849e-06 0.000000e+00 7.789659e-06 4.019977e-06 1.749910e-05 0.000000e+00 0.000000e+00 4.220981e-01 4.960188e-02 0.000000e+00 0.000000e+00 0.000000e+00 0.000000e+00 0.000000e+00 4.717373e-01
3.100000e+02 WAE 3.004147e+05 0.000000e+00 0.000000e+00 0.000000e+00 1.431716e+04 0.000000e+00 0.000000e+00 0.000000e+00 0.000000e+00 0.000000e+00 0.000000e+00 0.000000e+00 0.000000e+00 0.000000e+00 0.000000e+00 0.000000e+00 0.000000e+00 0.000000e+00 0.000000e+00 1.431716e+04
3.100000e+02 YPH 3.914344e+06 0.000000e+00 0.000000e+00 0.000000e+00 6.708771e+03 8.037096e-01 0.000000e+00 0.000000e+00 0.000000e+00 0.000000e+00 0.000000e+00 0.000000e+00 0.000000e+00 0.000000e+00 0.000000e+00 0.000000e+00 0.000000e+00 0.000000e+00 0.000000e+00 6.709575e+03
3.100000e+02 GZS 4.659578e+06 0.000000e+00 0.000000e+00 0.000000e+00 1.700546e+04 0.000000e+00 0.000000e+00 0.000000e+00 0.000000e+00 0.000000e+00 0.000000e+00 0.000000e+00 0.000000e+00 0.000000e+00 0.000000e+00 0.000000e+00 0.000000e+00 0.000000e+00 0.000000e+00 1.700546e+04
3.100000e+02 RDG 4.837650e+05 0.000000e+00 0.000000e+00 0.000000e+00 4.930962e+03 9.952738e-01 0.000000e+00 0.000000e+00 0.000000e+00 0.000000e+00 0.000000e+00 0.000000e+00 0.000000e+00 0.000000e+00 0.000000e+00 0.000000e+00 0.000000e+00 0.000000e+00 0.000000e+00 4.931957e+03
3.100000e+02 DRE 5.199688e+10 5.917186e-08 0.000000e+00 0.000000e+00 4.502617e-03 4.905247e-03 0.000000e+00 1.034281e-03 0.000000e+00 0.000000e+00 0.000000e+00 0.000000e+00 0.000000e+00 0.000000e+00 0.000000e+00 0.000000e+00 0.000000e+00 0.000000e+00 0.000000e+00 1.044214e-02
3.100000e+02 CHI 1.152187e+09 1.392862e-09 1.113924e-13 0.000000e+00 2.304458e-01 3.630307e-02 6.803896e-01 3.242797e-03 0.000000e+00 0.000000e+00 0.000000e+00 0.000000e+00 0.000000e+00 0.000000e+00 0.000000e+00 0.000000e+00 0.000000e+00 0.000000e+00 0.000000e+00 9.503813e-01
3.100000e+02 DIA 2.941458e+11 1.677576e-11 0.000000e+00 0.000000e+00 0.000000e+00 0.000000e+00 1.282558e-03 0.000000e+00 4.630933e-06 0.000000e+00 0.000000e+00 0.000000e+00 1.223367e+00 1.411839e-01 0.000000e+00 0.000000e+00 0.000000e+00 0.000000e+00 0.000000e+00 1.365838e+00
3.100000e+02 GRN 2.360444e+11 8.394132e-12 0.000000e+00 0.000000e+00 0.000000e+00 0.000000e+00 1.579743e-03 0.000000e+00 4.727858e-06 0.000000e+00 0.000000e+00 0.000000e+00 1.256786e+00 1.450011e-01 0.000000e+00 0.000000e+00 0.000000e+00 0.000000e+00 0.000000e+00 1.403371e+00
3.100000e+02 CAL 3.572968e+12 6.083604e-10 0.000000e+00 0.000000e+00 1.728904e-01 8.731435e-03 2.930426e-01 5.281856e-04 2.297106e-03 0.000000e+00 0.000000e+00 0.000000e+00 0.000000e+00 0.000000e+00 0.000000e+00 0.000000e+00 0.000000e+00 0.000000e+00 0.000000e+00 4.774897e-01
3.100000e+02 ROT 3.447265e+11 3.752762e-10 0.000000e+00 0.000000e+00 1.856840e-01 9.104540e-03 2.348308e-01 5.514859e-04 2.374982e-03 0.000000e+00 0.000000e+00 0.000000e+00 0.000000e+00 0.000000e+00 0.000000e+00 0.000000e+00 0.000000e+00 0.000000e+00 0.000000e+00 4.325458e-01
3.100000e+02 PB 2.798627e+09 0.000000e+00 0.000000e+00 0.000000e+00 0.000000e+00 1.836886e-04 0.000000e+00 6.177764e-04 0.000000e+00 0.000000e+00 0.000000e+00 0.000000e+00 1.435110e+01 1.639949e+00 0.000000e+00 0.000000e+00 0.000000e+00 0.000000e+00 0.000000e+00 1.599185e+01
3.100000e+02 BB 2.674860e+06 0.000000e+00 0.000000e+00 0.000000e+00 0.000000e+00 0.000000e+00 0.000000e+00 0.000000e+00 0.000000e+00 0.000000e+00 0.000000e+00 0.000000e+00 0.000000e+00 0.000000e+00 0.000000e+00 0.000000e+00 0.000000e+00 0.000000e+00 0.000000e+00 0.000000e+00
3.100000e+02 DL 1.111456e+11 0.000000e+00 0.000000e+00 0.000000e+00 0.000000e+00 7.587022e-05 0.000000e+00 2.585232e-04 2.409004e-05 4.929694e-04 0.000000e+00 0.000000e+00 3.810199e+00 4.369770e-01 0.000000e+00 0.000000e+00 0.000000e+00 0.000000e+00 0.000000e+00 4.248028e+00
3.100000e+02 DR 3.453169e+09 0.000000e+00 0.000000e+00 0.000000e+00 0.000000e+00 1.913046e-03 0.000000e+00 7.225671e-03 2.173550e-03 1.147851e-02 0.000000e+00 0.000000e+00 4.936666e+01 5.745161e+00 0.000000e+00 0.000000e+00 0.000000e+00 0.000000e+00 0.000000e+00 5.513462e+01
3.100000e+02 DC 1.943695e+09 0.000000e+00 0.000000e+00 0.000000e+00 0.000000e+00 7.946577e-06 0.000000e+00 7.664019e-06 3.955138e-06 1.721685e-05 0.000000e+00 0.000000e+00 4.152900e-01 4.880184e-02 0.000000e+00 0.000000e+00 0.000000e+00 0.000000e+00 0.000000e+00 4.641287e-01
3.150000e+02 WAE 3.004147e+05 0.000000e+00 0.000000e+00 0.000000e+00 1.401351e+04 0.000000e+00 0.000000e+00 0.000000e+00 0.000000e+00 0.000000e+00 0.000000e+00 0.000000e+00 0.000000e+00 0.000000e+00 0.000000e+00 0.000000e+00 0.000000e+00 0.000000e+00 0.000000e+00 1.401351e+04
3.150000e+02 YPH 3.914344e+06 0.000000e+00 0.000000e+00 0.000000e+00 6.750449e+03 7.863452e-01 0.000000e+00 0.000000e+00 0.000000e+00 0.000000e+00 0.000000e+00 0.000000e+00 0.000000e+00 0.000000e+00 0.000000e+00 0.000000e+00 0.000000e+00 0.000000e+00 0.000000e+00 6.751236e+03
3.150000e+02 GZS 4.659578e+06 0.000000e+00 0.000000e+00 0.000000e+00 1.644286e+04 0.000000e+00 0.000000e+00 0.000000e+00 0.000000e+00 0.000000e+00 0.000000e+00 0.000000e+00 0.000000e+00 0.000000e+00 0.000000e+00 0.000000e+00 0.000000e+00 0.000000e+00 0.000000e+00 1.644286e+04
3.150000e+02 RDG 4.837650e+05 0.000000e+00 0.000000e+00 0.000000e+00 4.936697e+03 9.799099e-01 0.000000e+00 0.000000e+00 0.000000e+00 0.000000e+00 0.000000e+00 0.000000e+00 0.000000e+00 0.000000e+00 0.000000e+00 0.000000e+00 0.000000e+00 0.000000e+00 0.000000e+00 4.937677e+03
3.150000e+02 DRE 5.199688e+10 5.885736e-08 0.000000e+00 0.000000e+00 4.524964e-03 4.872979e-03 0.000000e+00 1.035836e-03 0.000000e+00 0.000000e+00 0.000000e+00 0.000000e+00 0.000000e+00 0.000000e+00 0.000000e+00 0.000000e+00 0.000000e+00 0.000000e+00 0.000000e+00 1.043378e-02
3.150000e+02 CHI 1.152187e+09 1.370976e-09 1.096243e-13 0.000000e+00 2.274537e-01 3.573172e-02 6.702134e-01 3.191828e-03 0.000000e+00 0.000000e+00 0.000000e+00 0.000000e+00 0.000000e+00 0.000000e+00 0.000000e+00 0.000000e+00 0.000000e+00 0.000000e+00 0.000000e+00 9.365907e-01
3.150000e+02 DIA 2.941458e+11 1.651007e-11 0.000000e+00 0.000000e+00 0.000000e+00 0.000000e+00 1.318657e-03 0.000000e+00 4.562936e-06 0.000000e+00 0.000000e+00 0.000000e+00 1.205173e+00 1.390977e-01 0.000000e+00 0.000000e+00 0.000000e+00 0.000000e+00 0.000000e+00 1.345594e+00
3.150000e+02 GRN 2.360444e+11 8.261260e-12 0.000000e+00 0.000000e+00 0.000000e+00 0.000000e+00 1.625034e-03 0.000000e+00 4.659683e-06 0.000000e+00 0.000000e+00 0.000000e+00 1.238363e+00 1.428925e-01 0.000000e+00 0.000000e+00 0.000000e+00 0.000000e+00 0.000000e+00 1.382885e+00
3.150000e+02 CAL 3.572968e+12 6.030231e-10 0.000000e+00 0.000000e+00 1.778572e-01 8.678512e-03 2.984824e-01 5.232497e-04 2.279389e-03 0.000000e+00 0.000000e+00 0.000000e+00 0.000000e+00 0.000000e+00 0.000000e+00 0.000000e+00 0.000000e+00 0.000000e+00 0.000000e+00 4.878207e-01
3.150000e+02 ROT 3.447265e+11 3.722922e-10 0.000000e+00 0.000000e+00 1.915826e-01 9.058299e-03 2.400223e-01 5.466872e-04 2.358786e-03 0.000000e+00 0.000000e+00 0.000000e+00 0.000000e+00 0.000000e+00 0.000000e+00 0.000000e+00 0.000000e+00 0.000000e+00 0.000000e+00 4.435686e-01
3.150000e+02 PB 2.798627e+09 0.000000e+00 0.000000e+00 0.000000e+00 0.000000e+00 1.826309e-04 0.000000e+00 6.225434e-04 0.000000e+00 0.000000e+00 0.000000e+00 0.000000e+00 1.423902e+01 1.628557e+00 0.000000e+00 0.000000e+00 0.000000e+00 0.000000e+00 0.000000e+00 1.586838e+01
3.150000e+02 BB 2.674860e+06 0.000000e+00 0.000000e+00 0.000000e+00 0.000000e+00 0.000000e+00 0.000000e+00 0.000000e+00 0.000000e+00 0.000000e+00 0.000000e+00 0.000000e+00 0.000000e+00 0.000000e+00 0.000000e+00 0.000000e+00 0.000000e+00 0.000000e+00 0.000000e+00 0.000000e+00
3.150000e+02 DL 1.111456e+11 0.000000e+00 0.000000e+00 0.000000e+00 0.000000e+00 7.629885e-05 0.000000e+00 2.666310e-04 2.405999e-05 4.852630e-04 0.000000e+00 0.000000e+00 3.797438e+00 4.360780e-01 0.000000e+00 0.000000e+00 0.000000e+00 0.000000e+00 0.000000e+00 4.234368e+00
3.150000e+02 DR 3.453169e+09 0.000000e+00 0.000000e+00 0.000000e+00 0.000000e+00 1.938309e-03 0.000000e+00 7.529635e-03 2.222225e-03 1.130525e-02 0.000000e+00 0.000000e+00 5.009807e+01 5.845644e+00 0.000000e+00 0.000000e+00 0.000000e+00 0.000000e+00 0.000000e+00 5.596671e+01
3.150000e+02 DC 1.943695e+09 0.000000e+00 0.000000e+00 0.000000e+00 0.000000e+00 7.820441e-06 0.000000e+00 7.542369e-06 3.892358e-06 1.694357e-05 0.000000e+00 0.000000e+00 4.086981e-01 4.802721e-02 0.000000e+00 0.000000e+00 0.000000e+00 0.000000e+00 0.000000e+00 4.567615e-01
3.200000e+02 WAE 3.004147e+05 0.000000e+00 0.000000e+00 0.000000e+00 1.370256e+04 0.000000e+00 0.000000e+00 0.000000e+00 0.000000e+00 0.000000e+00 0.000000e+00 0.000000e+00 0.000000e+00 0.000000e+00 0.000000e+00 0.000000e+00 0.000000e+00 0.000000e+00 0.000000e+00 1.370256e+04
3.200000e+02 YPH 3.914344e+06 0.000000e+00 0.000000e+00 0.000000e+00 6.772239e+03 7.691601e-01 0.000000e+00 0.000000e+00 0.000000e+00 0.000000e+00 0.000000e+00 0.000000e+00 0.000000e+00 0.000000e+00 0.000000e+00 0.000000e+00 0.000000e+00 0.000000e+00 0.000000e+00 6.773008e+03
3.200000e+02 GZS 4.659578e+06 0.000000e+00 0.000000e+00 0.000000e+00 1.590999e+04 0.000000e+00 0.000000e+00 0.000000e+00 0.000000e+00 0.000000e+00 0.000000e+00 0.000000e+00 0.000000e+00 0.000000e+00 0.000000e+00 0.000000e+00 0.000000e+00 0.000000e+00 0.000000e+00 1.590999e+04
3.200000e+02 RDG 4.837650e+05 0.000000e+00 0.000000e+00 0.000000e+00 4.936684e+03 9.638558e-01 0.000000e+00 0.000000e+00 0.000000e+00 0.000000e+00 0.000000e+00 0.000000e+00 0.000000e+00 0.000000e+00 0.000000e+00 0.000000e+00 0.000000e+00 0.000000e+00 0.000000e+00 4.937648e+03
3.200000e+02 DRE 5.199688e+10 5.855001e-08 0.000000e+00 0.000000e+00 4.549784e-03 4.838432e-03 0.000000e+00 1.036634e-03 0.000000e+00 0.000000e+00 0.000000e+00 0.000000e+00 0.000000e+00 0.000000e+00 0.000000e+00 0.000000e+00 0.000000e+00 0.000000e+00 0.000000e+00 1.042485e-02
3.200000e+02 CHI 1.152187e+09 1.349715e-09 1.079115e-13 0.000000e+00 2.244126e-01 3.517668e-02 6.602571e-01 3.142279e-03 0.000000e+00 0.000000e+00 0.000000e+00 0.000000e+00 0.000000e+00 0.000000e+00 0.000000e+00 0.000000e+00 0.000000e+00 0.000000e+00 0.000000e+00 9.229887e-01
3.200000e+02 DIA 2.941458e+11 1.625268e-11 0.000000e+00 0.000000e+00 0.000000e+00 0.000000e+00 1.355983e-03 0.000000e+00 4.497075e-06 0.000000e+00 0.000000e+00 0.000000e+00 1.187506e+00 1.370724e-01 0.000000e+00 0.000000e+00 0.000000e+00 0.000000e+00 0.000000e+00 1.325939e+00
3.200000e+02 GRN 2.360444e+11 8.132542e-12 0.000000e+00 0.000000e+00 0.000000e+00 0.000000e+00 1.671887e-03 0.000000e+00 4.593652e-06 0.000000e+00 0.000000e+00 0.000000e+00 1.220465e+00 1.408445e-01 0.000000e+00 0.000000e+00 0.000000e+00 0.000000e+00 0.000000e+00 1.362986e+00
3.200000e+02 CAL 3.572968e+12 5.976829e-10 0.000000e+00 0.000000e+00 1.828808e-01 8.623000e-03 3.045451e-01 5.179688e-04 2.261415e-03 0.000000e+00 0.000000e+00 0.000000e+00 0.000000e+00 0.000000e+00 0.000000e+00 0.000000e+00 0.000000e+00 0.000000e+00 0.000000e+00 4.988283e-01
3.200000e+02 ROT 3.447265e+11 3.693006e-10 0.000000e+00 0.000000e+00 1.975905e-01 9.009155e-03 2.460284e-01 5.414846e-04 2.342280e-03 0.000000e+00 0.000000e+00 0.000000e+00 0.000000e+00 0.000000e+00 0.000000e+00 0.000000e+00 0.000000e+00 0.000000e+00 0.000000e+00 4.555118e-01
3.200000e+02 PB 2.798627e+09 0.000000e+00 0.000000e+00 0.000000e+00 0.000000e+00 1.814728e-04 0.000000e+00 6.268757e-04 0.000000e+00 0.000000e+00 0.000000e+00 0.000000e+00 1.412588e+01 1.617023e+00 0.000000e+00 0.000000e+00 0.000000e+00 0.000000e+00 0.000000e+00 1.574371e+01
3.200000e+02 BB 2.674860e+06 0.000000e+00 0.000000e+00 0.000000e+00 0.000000e+00 0.000000e+00 0.000000e+00 0.000000e+00 0.000000e+00 0.000000e+00 0.000000e+00 0.000000e+00 0.000000e+00 0.000000e+00 0.000000e+00 0.000000e+00 0.000000e+00 0.000000e+00 0.000000e+00 0.000000e+00
3.200000e+02 DL 1.111456e+11 0.000000e+00 0.000000e+00 0.000000e+00 0.000000e+00 7.671717e-05 0.000000e+00 2.752004e-04 2.405564e-05 4.777671e-04 0.000000e+00 0.000000e+00 3.786794e+00 4.354594e-01 0.000000e+00 0.000000e+00 0.000000e+00 0.000000e+00 0.000000e+00 4.223108e+00
3.200000e+02 DR 3.453169e+09 0.000000e+00 0.000000e+00 0.000000e+00 0.000000e+00 1.963568e-03 0.000000e+00 7.854077e-03 2.275725e-03 1.113525e-02 0.000000e+00 0.000000e+00 5.087899e+01 5.953263e+00 0.000000e+00 0.000000e+00 0.000000e+00 0.000000e+00 0.000000e+00 5.685548e+01
3.200000e+02 DC 1.943695e+09 0.000000e+00 0.000000e+00 0.000000e+00 0.000000e+00 7.698247e-06 0.000000e+00 7.424519e-06 3.831540e-06 1.667883e-05 0.000000e+00 0.000000e+00 4.023122e-01 4.727679e-02 0.000000e+00 0.000000e+00 0.000000e+00 0.000000e+00 0.000000e+00 4.496246e-01
3.250000e+02 WAE 3.004147e+05 0.000000e+00 0.000000e+00 0.000000e+00 1.340538e+04 0.000000e+00 0.000000e+00 0.000000e+00 0.000000e+00 0.000000e+00 0.000000e+00 0.000000e+00 0.000000e+00 0.000000e+00 0.000000e+00 0.000000e+00 0.000000e+00 0.000000e+00 0.000000e+00 1.340538e+04
3.250000e+02 YPH 3.914344e+06 0.000000e+00 0.000000e+00 0.000000e+00 6.774491e+03 7.516929e-01 0.000000e+00 0.000000e+00 0.000000e+00 0.000000e+00 0.000000e+00 0.000000e+00 0.000000e+00 0.000000e+00 0.000000e+00 0.000000e+00 0.000000e+00 0.000000e+00 0.000000e+00 6.775242e+03
3.250000e+02 GZS 4.659578e+06 0.000000e+00 0.000000e+00 0.000000e+00 1.540763e+04 0.000000e+00 0.000000e+00 0.000000e+00 0.000000e+00 0.000000e+00 0.000000e+00 0.000000e+00 0.000000e+00 0.000000e+00 0.000000e+00 0.000000e+00 0.000000e+00 0.000000e+00 0.000000e+00 1.540763e+04
3.250000e+02 RDG 4.837650e+05 0.000000e+00 0.000000e+00 0.000000e+00 4.928144e+03 9.471619e-01 0.000000e+00 0.000000e+00 0.000000e+00 0.000000e+00 0.000000e+00 0.000000e+00 0.000000e+00 0.000000e+00 0.000000e+00 0.000000e+00 0.000000e+00 0.000000e+00 0.000000e+00 4.929091e+03
3.250000e+02 DRE 5.199688e+10 5.824947e-08 0.000000e+00 0.000000e+00 4.574937e-03 4.802021e-03 0.000000e+00 1.036726e-03 0.000000e+00 0.000000e+00 0.000000e+00 0.000000e+00 0.000000e+00 0.000000e+00 0.000000e+00 0.000000e+00 0.000000e+00 0.000000e+00 0.000000e+00 1.041368e-02
3.250000e+02 CHI 1.152187e+09 1.329074e-09 1.062514e-13 0.000000e+00 2.213836e-01 3.463785e-02 6.505557e-01 3.094155e-03 0.000000e+00 0.000000e+00 0.000000e+00 0.000000e+00 0.000000e+00 0.000000e+00 0.000000e+00 0.000000e+00 0.000000e+00 0.000000e+00 0.000000e+00 9.096712e-01
3.250000e+02 DIA 2.941458e+11 1.600322e-11 0.000000e+00 0.000000e+00 0.000000e+00 0.000000e+00 1.394862e-03 0.000000e+00 4.433188e-06 0.000000e+00 0.000000e+00 0.000000e+00 1.170338e+00 1.351045e-01 0.000000e+00 0.000000e+00 0.000000e+00 0.000000e+00 0.000000e+00 1.306842e+00
3.250000e+02 GRN 2.360444e+11 8.007786e-12 0.000000e+00 0.000000e+00 0.000000e+00 0.000000e+00 1.720665e-03 0.000000e+00 4.529587e-06 0.000000e+00 0.000000e+00 0.000000e+00 1.203062e+00 1.388534e-01 0.000000e+00 0.000000e+00 0.000000e+00 0.000000e+00 0.000000e+00 1.343640e+00
3.250000e+02 CAL 3.572968e+12 5.923307e-10 0.000000e+00 0.000000e+00 1.879601e-01 8.565361e-03 3.112477e-01 5.123922e-04 2.243162e-03 0.000000e+00 0.000000e+00 0.000000e+00 0.000000e+00 0.000000e+00 0.000000e+00 0.000000e+00 0.000000e+00 0.000000e+00 0.000000e+00 5.105287e-01
3.250000e+02 ROT 3.447265e+11 3.662945e-10 0.000000e+00 0.000000e+00 2.037095e-01 8.957605e-03 2.528824e-01 5.359297e-04 2.325435e-03 0.000000e+00 0.000000e+00 0.000000e+00 0.000000e+00 0.000000e+00 0.000000e+00 0.000000e+00 0.000000e+00 0.000000e+00 0.000000e+00 4.684109e-01
3.250000e+02 PB 2.798627e+09 0.000000e+00 0.000000e+00 0.000000e+00 0.000000e+00 1.802293e-04 0.000000e+00 6.307764e-04 0.000000e+00 0.000000e+00 0.000000e+00 0.000000e+00 1.401150e+01 1.605319e+00 0.000000e+00 0.000000e+00 0.000000e+00 0.000000e+00 0.000000e+00 1.561763e+01
3.250000e+02 BB 2.674860e+06 0.000000e+00 0.000000e+00 0.000000e+00 0.000000e+00 0.000000e+00 0.000000e+00 0.000000e+00 0.000000e+00 0.000000e+00 0.000000e+00 0.000000e+00 0.000000e+00 0.000000e+00 0.000000e+00 0.000000e+00 0.000000e+00 0.000000e+00 0.000000e+00 0.000000e+00
3.250000e+02 DL 1.111456e+11 0.000000e+00 0.000000e+00 0.000000e+00 0.000000e+00 7.713251e-05 0.000000e+00 2.842794e-04 2.407898e-05 4.704839e-04 0.000000e+00 0.000000e+00 3.778211e+00 4.351174e-01 0.000000e+00 0.000000e+00 0.000000e+00 0.000000e+00 0.000000e+00 4.214184e+00
3.250000e+02 DR 3.453169e+09 0.000000e+00 0.000000e+00 0.000000e+00 0.000000e+00 1.989060e-03 0.000000e+00 8.201078e-03 2.334504e-03 1.096921e-02 0.000000e+00 0.000000e+00 5.170924e+01 6.068109e+00 0.000000e+00 0.000000e+00 0.000000e+00 0.000000e+00 0.000000e+00 5.780084e+01
3.250000e+02 DC 1.943695e+09 0.000000e+00 0.000000e+00 0.000000e+00 0.000000e+00 7.579812e-06 0.000000e+00 7.310296e-06 3.772594e-06 1.642223e-05 0.000000e+00 0.000000e+00 3.961228e-01 4.654945e-02 0.000000e+00 0.000000e+00 0.000000e+00 0.000000e+00 0.000000e+00 4.427073e-01
3.300000e+02 WAE 3.004147e+05 0.000000e+00 0.000000e+00 0.000000e+00 1.312104e+04 0.000000e+00 0.000000e+00 0.000000e+00 0.000000e+00 0.000000e+00 0.000000e+00 0.000000e+00 0.000000e+00 0.000000e+00 0.000000e+00 0.000000e+00 0.000000e+00 0.000000e+00 0.000000e+00 1.312104e+04
3.300000e+02 YPH 3.914344e+06 0.000000e+00 0.000000e+00 0.000000e+00 6.758934e+03 7.349734e-01 0.000000e+00 0.000000e+00 0.000000e+00 0.000000e+00 0.000000e+00 0.000000e+00 0.000000e+00 0.000000e+00 0.000000e+00 0.000000e+00 0.000000e+00 0.000000e+00 0.000000e+00 6.759669e+03
3.300000e+02 GZS 4.659578e+06 0.000000e+00 0.000000e+00 0.000000e+00 1.493121e+04 0.000000e+00 0.000000e+00 0.000000e+00 0.000000e+00 0.000000e+00 0.000000e+00 0.000000e+00 0.000000e+00 0.000000e+00 0.000000e+00 0.000000e+00 0.000000e+00 0.000000e+00 0.000000e+00 1.493121e+04
3.300000e+02 RDG 4.837650e+05 0.000000e+00 0.000000e+00 0.000000e+00 4.912564e+03 9.296778e-01 0.000000e+00 0.000000e+00 0.000000e+00 0.000000e+00 0.000000e+00 0.000000e+00 0.000000e+00 0.000000e+00 0.000000e+00 0.000000e+00 0.000000e+00 0.000000e+00 0.000000e+00 4.913494e+03
3.300000e+02 DRE 5.199688e+10 5.795543e-08 0.000000e+00 0.000000e+00 4.601070e-03 4.764171e-03 0.000000e+00 1.036170e-03 0.000000e+00 0.000000e+00 0.000000e+00 0.000000e+00 0.000000e+00 0.000000e+00 0.000000e+00 0.000000e+00 0.000000e+00 0.000000e+00 0.000000e+00 1.040141e-02
3.300000e+02 CHI 1.152187e+09 1.309056e-09 1.046415e-13 0.000000e+00 2.184741e-01 3.411516e-02 6.412101e-01 3.047461e-03 0.000000e+00 0.000000e+00 0.000000e+00 0.000000e+00 0.000000e+00 0.000000e+00 0.000000e+00 0.000000e+00 0.000000e+00 0.000000e+00 0.000000e+00 8.968469e-01
3.300000e+02 DIA 2.941458e+11 1.576132e-11 0.000000e+00 0.000000e+00 0.000000e+00 0.000000e+00 1.435521e-03 0.000000e+00 4.371196e-06 0.000000e+00 0.000000e+00 0.000000e+00 1.153644e+00 1.331912e-01 0.000000e+00 0.000000e+00 0.000000e+00 0.000000e+00 0.000000e+00 1.288275e+00
3.300000e+02 GRN 2.360444e+11 7.886812e-12 0.000000e+00 0.000000e+00 0.000000e+00 0.000000e+00 1.771652e-03 0.000000e+00 4.467410e-06 0.000000e+00 0.000000e+00 0.000000e+00 1.186129e+00 1.369163e-01 0.000000e+00 0.000000e+00 0.000000e+00 0.000000e+00 0.000000e+00 1.324821e+00
3.300000e+02 CAL 3.572968e+12 5.869576e-10 0.000000e+00 0.000000e+00 1.930932e-01 8.506042e-03 3.185980e-01 5.065706e-04 2.224609e-03 0.000000e+00 0.000000e+00 0.000000e+00 0.000000e+00 0.000000e+00 0.000000e+00 0.000000e+00 0.000000e+00 0.000000e+00 0.000000e+00 5.229285e-01
3.300000e+02 ROT 3.447265e+11 3.632673e-10 0.000000e+00 0.000000e+00 2.099406e-01 8.904139e-03 2.606093e-01 5.300763e-04 2.308218e-03 0.000000e+00 0.000000e+00 0.000000e+00 0.000000e+00 0.000000e+00 0.000000e+00 0.000000e+00 0.000000e+00 0.000000e+00 0.000000e+00 4.822923e-01
3.300000e+02 PB 2.798627e+09 0.000000e+00 0.000000e+00 0.000000e+00 0.000000e+00 1.789164e-04 0.000000e+00 6.342522e-04 0.000000e+00 0.000000e+00 0.000000e+00 0.000000e+00 1.389567e+01 1.593417e+00 0.000000e+00 0.000000e+00 0.000000e+00 0.000000e+00 0.000000e+00 1.548990e+01
3.300000e+02 BB 2.674860e+06 0.000000e+00 0.000000e+00 0.000000e+00 0.000000e+00 0.000000e+00 0.000000e+00 0.000000e+00 0.000000e+00 0.000000e+00 0.000000e+00 0.000000e+00 0.000000e+00 0.000000e+00 0.000000e+00 0.000000e+00 0.000000e+00 0.000000e+00 0.000000e+00 0.000000e+00
3.300000e+02 DL 1.111456e+11 0.000000e+00 0.000000e+00 0.000000e+00 0.000000e+00 7.755448e-05 0.000000e+00 2.939208e-04 2.413229e-05 4.634216e-04 0.000000e+00 0.000000e+00 3.771595e+00 4.350439e-01 0.000000e+00 0.000000e+00 0.000000e+00 0.000000e+00 0.000000e+00 4.207498e+00
3.300000e+02 DR 3.453169e+09 0.000000e+00 0.000000e+00 0.000000e+00 0.000000e+00 2.015114e-03 0.000000e+00 8.572954e-03 2.399049e-03 1.080832e-02 0.000000e+00 0.000000e+00 5.258734e+01 6.190118e+00 0.000000e+00 0.000000e+00 0.000000e+00 0.000000e+00 0.000000e+00 5.880126e+01
3.300000e+02 DC 1.943695e+09 0.000000e+00 0.000000e+00 0.000000e+00 0.000000e+00 7.464966e-06 0.000000e+00 7.199534e-06 3.715433e-06 1.617341e-05 0.000000e+00 0.000000e+00 3.901209e-01 4.584416e-02 0.000000e+00 0.000000e+00 0.000000e+00 0.000000e+00 0.000000e+00 4.359997e-01
3.350000e+02 WAE 3.004147e+05 0.000000e+00 0.000000e+00 0.000000e+00 1.285211e+04 0.000000e+00 0.000000e+00 0.000000e+00 0.000000e+00 0.000000e+00 0.000000e+00 0.000000e+00 0.000000e+00 0.000000e+00 0.000000e+00 0.000000e+00 0.000000e+00 0.000000e+00 0.000000e+00 1.285211e+04
3.350000e+02 YPH 3.914344e+06 0.000000e+00 0.000000e+00 0.000000e+00 6.726710e+03 7.187129e-01 0.000000e+00 0.000000e+00 0.000000e+00 0.000000e+00 0.000000e+00 0.000000e+00 0.000000e+00 0.000000e+00 0.000000e+00 0.000000e+00 0.000000e+00 0.000000e+00 0.000000e+00 6.727429e+03
3.350000e+02 GZS 4.659578e+06 0.000000e+00 0.000000e+00 0.000000e+00 1.448194e+04 0.000000e+00 0.000000e+00 0.000000e+00 0.000000e+00 0.000000e+00 0.000000e+00 0.000000e+00 0.000000e+00 0.000000e+00 0.000000e+00 0.000000e+00 0.000000e+00 0.000000e+00 0.000000e+00 1.448194e+04
3.350000e+02 RDG 4.837650e+05 0.000000e+00 0.000000e+00 0.000000e+00 4.888534e+03 9.118104e-01 0.000000e+00 0.000000e+00 0.000000e+00 0.000000e+00 0.000000e+00 0.000000e+00 0.000000e+00 0.000000e+00 0.000000e+00 0.000000e+00 0.000000e+00 0.000000e+00 0.000000e+00 4.889445e+03
3.350000e+02 DRE 5.199688e+10 5.766757e-08 0.000000e+00 0.000000e+00 4.627164e-03 4.725318e-03 0.000000e+00 1.035027e-03 0.000000e+00 0.000000e+00 0.000000e+00 0.000000e+00 0.000000e+00 0.000000e+00 0.000000e+00 0.000000e+00 0.000000e+00 0.000000e+00 0.000000e+00 1.038751e-02
3.350000e+02 CHI 1.152187e+09 1.289636e-09 1.030797e-13 0.000000e+00 2.156879e-01 3.360797e-02 6.322189e-01 3.002137e-03 0.000000e+00 0.000000e+00 0.000000e+00 0.000000e+00 0.000000e+00 0.000000e+00 0.000000e+00 0.000000e+00 0.000000e+00 0.000000e+00 0.000000e+00 8.845168e-01
3.350000e+02 DIA 2.941458e+11 1.552664e-11 0.000000e+00 0.000000e+00 0.000000e+00 0.000000e+00 1.478225e-03 0.000000e+00 4.311033e-06 0.000000e+00 0.000000e+00 0.000000e+00 1.137401e+00 1.313297e-01 0.000000e+00 0.000000e+00 0.000000e+00 0.000000e+00 0.000000e+00 1.270213e+00
3.350000e+02 GRN 2.360444e+11 7.769451e-12 0.000000e+00 0.000000e+00 0.000000e+00 0.000000e+00 1.825180e-03 0.000000e+00 4.407061e-06 0.000000e+00 0.000000e+00 0.000000e+00 1.169641e+00 1.350304e-01 0.000000e+00 0.000000e+00 0.000000e+00 0.000000e+00 0.000000e+00 1.306501e+00
3.350000e+02 CAL 3.572968e+12 5.815549e-10 0.000000e+00 0.000000e+00 1.982771e-01 8.445465e-03 3.265915e-01 5.005545e-04 2.205734e-03 0.000000e+00 0.000000e+00 0.000000e+00 0.000000e+00 0.000000e+00 0.000000e+00 0.000000e+00 0.000000e+00 0.000000e+00 0.000000e+00 5.360204e-01
3.350000e+02 ROT 3.447265e+11 3.602123e-10 0.000000e+00 0.000000e+00 2.162836e-01 8.849226e-03 2.692215e-01 5.239793e-04 2.290599e-03 0.000000e+00 0.000000e+00 0.000000e+00 0.000000e+00 0.000000e+00 0.000000e+00 0.000000e+00 0.000000e+00 0.000000e+00 0.000000e+00 4.971688e-01
3.350000e+02 PB 2.798627e+09 0.000000e+00 0.000000e+00 0.000000e+00 0.000000e+00 1.775504e-04 0.000000e+00 6.373122e-04 0.000000e+00 0.000000e+00 0.000000e+00 0.000000e+00 1.377820e+01 1.581287e+00 0.000000e+00 0.000000e+00 0.000000e+00 0.000000e+00 0.000000e+00 1.536031e+01
3.350000e+02 BB 2.674860e+06 0.000000e+00 0.000000e+00 0.000000e+00 0.000000e+00 0.000000e+00 0.000000e+00 0.000000e+00 0.000000e+00 0.000000e+00 0.000000e+00 0.000000e+00 0.000000e+00 0.000000e+00 0.000000e+00 0.000000e+00 0.000000e+00 0.000000e+00 0.000000e+00 0.000000e+00
3.350000e+02 DL 1.111456e+11 0.000000e+00 0.000000e+00 0.000000e+00 0.000000e+00 7.799584e-05 0.000000e+00 3.041828e-04 2.421825e-05 4.565710e-04 0.000000e+00 0.000000e+00 3.766819e+00 4.352262e-01 0.000000e+00 0.000000e+00 0.000000e+00 0.000000e+00 0.000000e+00 4.202908e+00
3.350000e+02 DR 3.453169e+09 0.000000e+00 0.000000e+00 0.000000e+00 0.000000e+00 2.042193e-03 0.000000e+00 8.972364e-03 2.469875e-03 1.065242e-02 0.000000e+00 0.000000e+00 5.351050e+01 6.319062e+00 0.000000e+00 0.000000e+00 0.000000e+00 0.000000e+00 0.000000e+00 5.985370e+01
3.350000e+02 DC 1.943695e+09 0.000000e+00 0.000000e+00 0.000000e+00 0.000000e+00 7.353549e-06 0.000000e+00 7.092079e-06 3.659979e-06 1.593201e-05 0.000000e+00 0.000000e+00 3.842982e-01 4.515992e-02 0.000000e+00 0.000000e+00 0.000000e+00 0.000000e+00 0.000000e+00 4.294922e-01
3.400000e+02 WAE 3.004147e+05 0.000000e+00 0.000000e+00 0.000000e+00 1.258493e+04 0.000000e+00 0.000000e+00 0.000000e+00 0.000000e+00 0.000000e+00 0.000000e+00 0.000000e+00 0.000000e+00 0.000000e+00 0.000000e+00 0.000000e+00 0.000000e+00 0.000000e+00 0.000000e+00 1.258493e+04
3.400000e+02 YPH 3.914344e+06 0.000000e+00 0.000000e+00 0.000000e+00 6.679538e+03 7.031564e-01 0.000000e+00 0.000000e+00 0.000000e+00 0.000000e+00 0.000000e+00 0.000000e+00 0.000000e+00 0.000000e+00 0.000000e+00 0.000000e+00 0.000000e+00 0.000000e+00 0.000000e+00 6.680241e+03
3.400000e+02 GZS 4.659578e+06 0.000000e+00 0.000000e+00 0.000000e+00 1.405849e+04 0.000000e+00 0.000000e+00 0.000000e+00 0.000000e+00 0.000000e+00 0.000000e+00 0.000000e+00 0.000000e+00 0.000000e+00 0.000000e+00 0.000000e+00 0.000000e+00 0.000000e+00 0.000000e+00 1.405849e+04
3.400000e+02 RDG 4.837650e+05 0.000000e+00 0.000000e+00 0.000000e+00 4.856727e+03 8.936364e-01 0.000000e+00 0.000000e+00 0.000000e+00 0.000000e+00 0.000000e+00 0.000000e+00 0.000000e+00 0.000000e+00 0.000000e+00 0.000000e+00 0.000000e+00 0.000000e+00 0.000000e+00 4.857620e+03
3.400000e+02 DRE 5.199688e+10 5.738563e-08 0.000000e+00 0.000000e+00 4.653513e-03 4.685907e-03 0.000000e+00 1.033363e-03 0.000000e+00 0.000000e+00 0.000000e+00 0.000000e+00 0.000000e+00 0.000000e+00 0.000000e+00 0.000000e+00 0.000000e+00 0.000000e+00 0.000000e+00 1.037278e-02
3.400000e+02 CHI 1.152187e+09 1.270787e-09 1.015639e-13 0.000000e+00 2.130249e-01 3.311559e-02 6.235776e-01 2.958123e-03 0.000000e+00 0.000000e+00 0.000000e+00 0.000000e+00 0.000000e+00 0.000000e+00 0.000000e+00 0.000000e+00 0.000000e+00 0.000000e+00 0.000000e+00 8.726762e-01
3.400000e+02 DIA 2.941458e+11 1.529886e-11 0.000000e+00 0.000000e+00 0.000000e+00 0.000000e+00 1.523271e-03 0.000000e+00 4.252617e-06 0.000000e+00 0.000000e+00 0.000000e+00 1.121585e+00 1.295172e-01 0.000000e+00 0.000000e+00 0.000000e+00 0.000000e+00 0.000000e+00 1.252630e+00
3.400000e+02 GRN 2.360444e+11 7.655543e-12 0.000000e+00 0.000000e+00 0.000000e+00 0.000000e+00 1.881618e-03 0.000000e+00 4.348459e-06 0.000000e+00 0.000000e+00 0.000000e+00 1.153576e+00 1.331928e-01 0.000000e+00 0.000000e+00 0.000000e+00 0.000000e+00 0.000000e+00 1.288655e+00
3.400000e+02 CAL 3.572968e+12 5.761142e-10 0.000000e+00 0.000000e+00 2.035075e-01 8.384024e-03 3.352066e-01 4.943943e-04 2.186518e-03 0.000000e+00 0.000000e+00 0.000000e+00 0.000000e+00 0.000000e+00 0.000000e+00 0.000000e+00 0.000000e+00 0.000000e+00 0.000000e+00 5.497791e-01
3.400000e+02 ROT 3.447265e+11 3.571230e-10 0.000000e+00 0.000000e+00 2.227372e-01 8.793308e-03 2.787133e-01 5.176938e-04 2.272549e-03 0.000000e+00 0.000000e+00 0.000000e+00 0.000000e+00 0.000000e+00 0.000000e+00 0.000000e+00 0.000000e+00 0.000000e+00 0.000000e+00 5.130341e-01
3.400000e+02 PB 2.798627e+09 0.000000e+00 0.000000e+00 0.000000e+00 0.000000e+00 1.761488e-04 0.000000e+00 6.399710e-04 0.000000e+00 0.000000e+00 0.000000e+00 0.000000e+00 1.365891e+01 1.568902e+00 0.000000e+00 0.000000e+00 0.000000e+00 0.000000e+00 0.000000e+00 1.522863e+01
3.400000e+02 BB 2.674860e+06 0.000000e+00 0.000000e+00 0.000000e+00 0.000000e+00 0.000000e+00 0.000000e+00 0.000000e+00 0.000000e+00 0.000000e+00 0.000000e+00 0.000000e+00 0.000000e+00 0.000000e+00 0.000000e+00 0.000000e+00 0.000000e+00 0.000000e+00 0.000000e+00 0.000000e+00
3.400000e+02 DL 1.111456e+11 0.000000e+00 0.000000e+00 0.000000e+00 0.000000e+00 7.847382e-05 0.000000e+00 3.151341e-04 2.433992e-05 4.499228e-04 0.000000e+00 0.000000e+00 3.763699e+00 4.356447e-01 0.000000e+00 0.000000e+00 0.000000e+00 0.000000e+00 0.000000e+00 4.200211e+00
3.400000e+02 DR 3.453169e+09 0.000000e+00 0.000000e+00 0.000000e+00 0.000000e+00 2.070938e-03 0.000000e+00 9.402452e-03 2.547509e-03 1.050131e-02 0.000000e+00 0.000000e+00 5.447397e+01 6.454466e+00 0.000000e+00 0.000000e+00 0.000000e+00 0.000000e+00 0.000000e+00 6.095296e+01
3.400000e+02 DC 1.943695e+09 0.000000e+00 0.000000e+00 0.000000e+00 0.000000e+00 7.245409e-06 0.000000e+00 6.987784e-06 3.606156e-06 1.569772e-05 0.000000e+00 0.000000e+00 3.786468e-01 4.449580e-02 0.000000e+00 0.000000e+00 0.000000e+00 0.000000e+00 0.000000e+00 4.231761e-01
3.450000e+02 WAE 3.004147e+05 0.000000e+00 0.000000e+00 0.000000e+00 1.232275e+04 0.000000e+00 0.000000e+00 0.000000e+00 0.000000e+00 0.000000e+00 0.000000e+00 0.000000e+00 0.000000e+00 0.000000e+00 0.000000e+00 0.000000e+00 0.000000e+00 0.000000e+00 0.000000e+00 1.232275e+04
3.450000e+02 YPH 3.914344e+06 0.000000e+00 0.000000e+00 0.000000e+00 6.619111e+03 6.882590e-01 0.000000e+00 0.000000e+00 0.000000e+00 0.000000e+00 0.000000e+00 0.000000e+00 0.000000e+00 0.000000e+00 0.000000e+00 0.000000e+00 0.000000e+00 0.000000e+00 0.000000e+00 6.619799e+03
3.450000e+02 GZS 4.659578e+06 0.000000e+00 0.000000e+00 0.000000e+00 1.365910e+04 0.000000e+00 0.000000e+00 0.000000e+00 0.000000e+00 0.000000e+00 0.000000e+00 0.000000e+00 0.000000e+00 0.000000e+00 0.000000e+00 0.000000e+00 0.000000e+00 0.000000e+00 0.000000e+00 1.365910e+04
3.450000e+02 RDG 4.837650e+05 0.000000e+00 0.000000e+00 0.000000e+00 4.817410e+03 8.752985e-01 0.000000e+00 0.000000e+00 0.000000e+00 0.000000e+00 0.000000e+00 0.000000e+00 0.000000e+00 0.000000e+00 0.000000e+00 0.000000e+00 0.000000e+00 0.000000e+00 0.000000e+00 4.818285e+03
3.450000e+02 DRE 5.199688e+10 5.710933e-08 0.000000e+00 0.000000e+00 4.679566e-03 4.646381e-03 0.000000e+00 1.031245e-03 0.000000e+00 0.000000e+00 0.000000e+00 0.000000e+00 0.000000e+00 0.000000e+00 0.000000e+00 0.000000e+00 0.000000e+00 0.000000e+00 0.000000e+00 1.035719e-02
3.450000e+02 CHI 1.152187e+09 1.252485e-09 1.000920e-13 0.000000e+00 2.104870e-01 3.263741e-02 6.152837e-01 2.915366e-03 0.000000e+00 0.000000e+00 0.000000e+00 0.000000e+00 0.000000e+00 0.000000e+00 0.000000e+00 0.000000e+00 0.000000e+00 0.000000e+00 0.000000e+00 8.613234e-01
3.450000e+02 DIA 2.941458e+11 1.507770e-11 0.000000e+00 0.000000e+00 0.000000e+00 0.000000e+00 1.571001e-03 0.000000e+00 4.195878e-06 0.000000e+00 0.000000e+00 0.000000e+00 1.106176e+00 1.277511e-01 0.000000e+00 0.000000e+00 0.000000e+00 0.000000e+00 0.000000e+00 1.235502e+00
3.450000e+02 GRN 2.360444e+11 7.544939e-12 0.000000e+00 0.000000e+00 0.000000e+00 0.000000e+00 1.941394e-03 0.000000e+00 4.291537e-06 0.000000e+00 0.000000e+00 0.000000e+00 1.137911e+00 1.314008e-01 0.000000e+00 0.000000e+00 0.000000e+00 0.000000e+00 0.000000e+00 1.271258e+00
3.450000e+02 CAL 3.572968e+12 5.706279e-10 0.000000e+00 0.000000e+00 2.087782e-01 8.322068e-03 3.444000e-01 4.881378e-04 2.166942e-03 0.000000e+00 0.000000e+00 0.000000e+00 0.000000e+00 0.000000e+00 0.000000e+00 0.000000e+00 0.000000e+00 0.000000e+00 0.000000e+00 5.641554e-01
3.450000e+02 ROT 3.447265e+11 3.539931e-10 0.000000e+00 0.000000e+00 2.292986e-01 8.736788e-03 2.890553e-01 5.112730e-04 2.254037e-03 0.000000e+00 0.000000e+00 0.000000e+00 0.000000e+00 0.000000e+00 0.000000e+00 0.000000e+00 0.000000e+00 0.000000e+00 0.000000e+00 5.298560e-01
3.450000e+02 PB 2.798627e+09 0.000000e+00 0.000000e+00 0.000000e+00 0.000000e+00 1.747293e-04 0.000000e+00 6.422423e-04 0.000000e+00 0.000000e+00 0.000000e+00 0.000000e+00 1.353762e+01 1.556234e+00 0.000000e+00 0.000000e+00 0.000000e+00 0.000000e+00 0.000000e+00 1.509468e+01
3.450000e+02 BB 2.674860e+06 0.000000e+00 0.000000e+00 0.000000e+00 0.000000e+00 0.000000e+00 0.000000e+00 0.000000e+00 0.000000e+00 0.000000e+00 0.000000e+00 0.000000e+00 0.000000e+00 0.000000e+00 0.000000e+00 0.000000e+00 0.000000e+00 0.000000e+00 0.000000e+00 0.000000e+00
3.450000e+02 DL 1.111456e+11 0.000000e+00 0.000000e+00 0.000000e+00 0.000000e+00 7.901098e-05 0.000000e+00 3.268449e-04 2.450080e-05 4.434684e-04 0.000000e+00 0.000000e+00 3.761988e+00 4.362713e-01 0.000000e+00 0.000000e+00 0.000000e+00 0.000000e+00 0.000000e+00 4.199133e+00
3.450000e+02 DR 3.453169e+09 0.000000e+00 0.000000e+00 0.000000e+00 0.000000e+00 2.102213e-03 0.000000e+00 9.866588e-03 2.632480e-03 1.035479e-02 0.000000e+00 0.000000e+00 5.547058e+01 6.595540e+00 0.000000e+00 0.000000e+00 0.000000e+00 0.000000e+00 0.000000e+00 6.209107e+01
3.450000e+02 DC 1.943695e+09 0.000000e+00 0.000000e+00 0.000000e+00 0.000000e+00 7.140403e-06 0.000000e+00 6.886511e-06 3.553893e-06 1.547022e-05 0.000000e+00 0.000000e+00 3.731592e-01 4.385093e-02 0.000000e+00 0.000000e+00 0.000000e+00 0.000000e+00 0.000000e+00 4.170432e-01
3.500000e+02 WAE 3.004147e+05 0.000000e+00 0.000000e+00 0.000000e+00 1.207126e+04 0.000000e+00 0.000000e+00 0.000000e+00 0.000000e+00 0.000000e+00 0.000000e+00 0.000000e+00 0.000000e+00 0.000000e+00 0.000000e+00 0.000000e+00 0.000000e+00 0.000000e+00 0.000000e+00 1.207126e+04
3.500000e+02 YPH 3.914344e+06 0.000000e+00 0.000000e+00 0.000000e+00 6.547194e+03 6.739798e-01 0.000000e+00 0.000000e+00 0.000000e+00 0.000000e+00 0.000000e+00 0.000000e+00 0.000000e+00 0.000000e+00 0.000000e+00 0.000000e+00 0.000000e+00 0.000000e+00 0.000000e+00 6.547868e+03
3.500000e+02 GZS 4.659578e+06 0.000000e+00 0.000000e+00 0.000000e+00 1.328178e+04 0.000000e+00 0.000000e+00 0.000000e+00 0.000000e+00 0.000000e+00 0.000000e+00 0.000000e+00 0.000000e+00 0.000000e+00 0.000000e+00 0.000000e+00 0.000000e+00 0.000000e+00 0.000000e+00 1.328178e+04
3.500000e+02 RDG 4.837650e+05 0.000000e+00 0.000000e+00 0.000000e+00 4.771099e+03 8.568905e-01 0.000000e+00 0.000000e+00 0.000000e+00 0.000000e+00 0.000000e+00 0.000000e+00 0.000000e+00 0.000000e+00 0.000000e+00 0.000000e+00 0.000000e+00 0.000000e+00 0.000000e+00 4.771956e+03
3.500000e+02 DRE 5.199688e+10 5.683841e-08 0.000000e+00 0.000000e+00 4.705069e-03 4.607194e-03 0.000000e+00 1.028739e-03 0.000000e+00 0.000000e+00 0.000000e+00 0.000000e+00 0.000000e+00 0.000000e+00 0.000000e+00 0.000000e+00 0.000000e+00 0.000000e+00 0.000000e+00 1.034100e-02
3.500000e+02 CHI 1.152187e+09 1.234706e-09 9.866213e-14 0.000000e+00 2.080772e-01 3.217286e-02 6.073366e-01 2.873813e-03 0.000000e+00 0.000000e+00 0.000000e+00 0.000000e+00 0.000000e+00 0.000000e+00 0.000000e+00 0.000000e+00 0.000000e+00 0.000000e+00 0.000000e+00 8.504604e-01
3.500000e+02 DIA 2.941458e+11 1.486285e-11 0.000000e+00 0.000000e+00 0.000000e+00 0.000000e+00 1.621822e-03 0.000000e+00 4.140768e-06 0.000000e+00 0.000000e+00 0.000000e+00 1.091151e+00 1.260291e-01 0.000000e+00 0.000000e+00 0.000000e+00 0.000000e+00 0.000000e+00 1.218807e+00
3.500000e+02 GRN 2.360444e+11 7.437498e-12 0.000000e+00 0.000000e+00 0.000000e+00 0.000000e+00 2.005016e-03 0.000000e+00 4.236252e-06 0.000000e+00 0.000000e+00 0.000000e+00 1.122626e+00 1.296521e-01 0.000000e+00 0.000000e+00 0.000000e+00 0.000000e+00 0.000000e+00 1.254288e+00
3.500000e+02 CAL 3.572968e+12 5.650888e-10 0.000000e+00 0.000000e+00 2.140811e-01 8.259904e-03 3.541004e-01 4.818306e-04 2.146991e-03 0.000000e+00 0.000000e+00 0.000000e+00 0.000000e+00 0.000000e+00 0.000000e+00 0.000000e+00 0.000000e+00 0.000000e+00 0.000000e+00 5.790702e-01
3.500000e+02 ROT 3.447265e+11 3.508165e-10 0.000000e+00 0.000000e+00 2.359624e-01 8.680021e-03 3.001865e-01 5.047680e-04 2.235037e-03 0.000000e+00 0.000000e+00 0.000000e+00 0.000000e+00 0.000000e+00 0.000000e+00 0.000000e+00 0.000000e+00 0.000000e+00 0.000000e+00 5.475687e-01
3.500000e+02 PB 2.798627e+09 0.000000e+00 0.000000e+00 0.000000e+00 0.000000e+00 1.733108e-04 0.000000e+00 6.441427e-04 0.000000e+00 0.000000e+00 0.000000e+00 0.000000e+00 1.341418e+01 1.543258e+00 0.000000e+00 0.000000e+00 0.000000e+00 0.000000e+00 0.000000e+00 1.495826e+01
3.500000e+02 BB 2.674860e+06 0.000000e+00 0.000000e+00 0.000000e+00 0.000000e+00 0.000000e+00 0.000000e+00 0.000000e+00 0.000000e+00 0.000000e+00 0.000000e+00 0.000000e+00 0.000000e+00 0.000000e+00 0.000000e+00 0.000000e+00 0.000000e+00 0.000000e+00 0.000000e+00 0.000000e+00
3.500000e+02 DL 1.111456e+11 0.000000e+00 0.000000e+00 0.000000e+00 0.000000e+00 7.963772e-05 0.000000e+00 3.393931e-04 2.470485e-05 4.371995e-04 0.000000e+00 0.000000e+00 3.761361e+00 4.370671e-01 0.000000e+00 0.000000e+00 0.000000e+00 0.000000e+00 0.000000e+00 4.199309e+00
3.500000e+02 DR 3.453169e+09 0.000000e+00 0.000000e+00 0.000000e+00 0.000000e+00 2.137216e-03 0.000000e+00 1.036865e-02 2.725289e-03 1.021268e-02 0.000000e+00 0.000000e+00 5.649033e+01 6.741114e+00 0.000000e+00 0.000000e+00 0.000000e+00 0.000000e+00 0.000000e+00 6.325689e+01
3.500000e+02 DC 1.943695e+09 0.000000e+00 0.000000e+00 0.000000e+00 0.000000e+00 7.038397e-06 0.000000e+00 6.788133e-06 3.503123e-06 1.524921e-05 0.000000e+00 0.000000e+00 3.678283e-01 4.322449e-02 0.000000e+00 0.000000e+00 0.000000e+00 0.000000e+00 0.000000e+00 4.110854e-01
3.550000e+02 WAE 3.004147e+05 0.000000e+00 0.000000e+00 0.000000e+00 1.182984e+04 0.000000e+00 0.000000e+00 0.000000e+00 0.000000e+00 0.000000e+00 0.000000e+00 0.000000e+00 0.000000e+00 0.000000e+00 0.000000e+00 0.000000e+00 0.000000e+00 0.000000e+00 0.000000e+00 1.182984e+04
3.550000e+02 YPH 3.914344e+06 0.000000e+00 0.000000e+00 0.000000e+00 6.465597e+03 6.602810e-01 0.000000e+00 0.000000e+00 0.000000e+00 0.000000e+00 0.000000e+00 0.000000e+00 0.000000e+00 0.000000e+00 0.000000e+00 0.000000e+00 0.000000e+00 0.000000e+00 0.000000e+00 6.466258e+03
3.550000e+02 GZS 4.659578e+06 0.000000e+00 0.000000e+00 0.000000e+00 1.292474e+04 0.000000e+00 0.000000e+00 0.000000e+00 0.000000e+00 0.000000e+00 0.000000e+00 0.000000e+00 0.000000e+00 0.000000e+00 0.000000e+00 0.000000e+00 0.000000e+00 0.000000e+00 0.000000e+00 1.292474e+04
3.550000e+02 RDG 4.837650e+05 0.000000e+00 0.000000e+00 0.000000e+00 4.718725e+03 8.385046e-01 0.000000e+00 0.000000e+00 0.000000e+00 0.000000e+00 0.000000e+00 0.000000e+00 0.000000e+00 0.000000e+00 0.000000e+00 0.000000e+00 0.000000e+00 0.000000e+00 0.000000e+00 4.719564e+03
3.550000e+02 DRE 5.199688e+10 5.657264e-08 0.000000e+00 0.000000e+00 4.730035e-03 4.568809e-03 0.000000e+00 1.025913e-03 0.000000e+00 0.000000e+00 0.000000e+00 0.000000e+00 0.000000e+00 0.000000e+00 0.000000e+00 0.000000e+00 0.000000e+00 0.000000e+00 0.000000e+00 1.032476e-02
3.550000e+02 CHI 1.152187e+09 1.217427e-09 9.727255e-14 0.000000e+00 2.058011e-01 3.172138e-02 5.997376e-01 2.833416e-03 0.000000e+00 0.000000e+00 0.000000e+00 0.000000e+00 0.000000e+00 0.000000e+00 0.000000e+00 0.000000e+00 0.000000e+00 0.000000e+00 0.000000e+00 8.400934e-01
3.550000e+02 DIA 2.941458e+11 1.465406e-11 0.000000e+00 0.000000e+00 0.000000e+00 0.000000e+00 1.676193e-03 0.000000e+00 4.087234e-06 0.000000e+00 0.000000e+00 0.000000e+00 1.076494e+00 1.243488e-01 0.000000e+00 0.000000e+00 0.000000e+00 0.000000e+00 0.000000e+00 1.202523e+00
3.550000e+02 GRN 2.360444e+11 7.333086e-12 0.000000e+00 0.000000e+00 0.000000e+00 0.000000e+00 2.073056e-03 0.000000e+00 4.182553e-06 0.000000e+00 0.000000e+00 0.000000e+00 1.107701e+00 1.279442e-01 0.000000e+00 0.000000e+00 0.000000e+00 0.000000e+00 0.000000e+00 1.237723e+00
3.550000e+02 CAL 3.572968e+12 5.594911e-10 0.000000e+00 0.000000e+00 2.194049e-01 8.197782e-03 3.642019e-01 4.755144e-04 2.126655e-03 0.000000e+00 0.000000e+00 0.000000e+00 0.000000e+00 0.000000e+00 0.000000e+00 0.000000e+00 0.000000e+00 0.000000e+00 0.000000e+00 5.944067e-01
3.550000e+02 ROT 3.447265e+11 3.475881e-10 0.000000e+00 0.000000e+00 2.427202e-01 8.623307e-03 3.120055e-01 4.982269e-04 2.215528e-03 0.000000e+00 0.000000e+00 0.000000e+00 0.000000e+00 0.000000e+00 0.000000e+00 0.000000e+00 0.000000e+00 0.000000e+00 0.000000e+00 5.660628e-01
3.550000e+02 PB 2.798627e+09 0.000000e+00 0.000000e+00 0.000000e+00 0.000000e+00 1.719132e-04 0.000000e+00 6.456892e-04 0.000000e+00 0.000000e+00 0.000000e+00 0.000000e+00 1.328847e+01 1.529951e+00 0.000000e+00 0.000000e+00 0.000000e+00 0.000000e+00 0.000000e+00 1.481923e+01
3.550000e+02 BB 2.674860e+06 0.000000e+00 0.000000e+00 0.000000e+00 0.000000e+00 0.000000e+00 0.000000e+00 0.000000e+00 0.000000e+00 0.000000e+00 0.000000e+00 0.000000e+00 0.000000e+00 0.000000e+00 0.000000e+00 0.000000e+00 0.000000e+00 0.000000e+00 0.000000e+00 0.000000e+00
3.550000e+02 DL 1.111456e+11 0.000000e+00 0.000000e+00 0.000000e+00 0.000000e+00 8.039487e-05 0.000000e+00 3.528585e-04 2.495652e-05 4.311083e-04 0.000000e+00 0.000000e+00 3.761397e+00 4.379805e-01 0.000000e+00 0.000000e+00 0.000000e+00 0.000000e+00 0.000000e+00 4.200267e+00
3.550000e+02 DR 3.453169e+09 0.000000e+00 0.000000e+00 0.000000e+00 0.000000e+00 2.177589e-03 0.000000e+00 1.091285e-02 2.826372e-03 1.007482e-02 0.000000e+00 0.000000e+00 5.751976e+01 6.889546e+00 0.000000e+00 0.000000e+00 0.000000e+00 0.000000e+00 0.000000e+00 6.443530e+01
3.550000e+02 DC 1.943695e+09 0.000000e+00 0.000000e+00 0.000000e+00 0.000000e+00 6.939265e-06 0.000000e+00 6.692526e-06 3.453783e-06 1.503444e-05 0.000000e+00 0.000000e+00 3.626476e-01 4.261570e-02 0.000000e+00 0.000000e+00 0.000000e+00 0.000000e+00 0.000000e+00 4.052955e-01
3.600000e+02 WAE 3.004147e+05 0.000000e+00 0.000000e+00 0.000000e+00 1.159788e+04 0.000000e+00 0.000000e+00 0.000000e+00 0.000000e+00 0.000000e+00 0.000000e+00 0.000000e+00 0.000000e+00 0.000000e+00 0.000000e+00 0.000000e+00 0.000000e+00 0.000000e+00 0.000000e+00 1.159788e+04
3.600000e+02 YPH 3.914344e+06 0.000000e+00 0.000000e+00 0.000000e+00 6.376102e+03 6.471280e-01 0.000000e+00 0.000000e+00 0.000000e+00 0.000000e+00 0.000000e+00 0.000000e+00 0.000000e+00 0.000000e+00 0.000000e+00 0.000000e+00 0.000000e+00 0.000000e+00 0.000000e+00 6.376749e+03
3.600000e+02 GZS 4.659578e+06 0.000000e+00 0.000000e+00 0.000000e+00 1.258640e+04 0.000000e+00 0.000000e+00 0.000000e+00 0.000000e+00 0.000000e+00 0.000000e+00 0.000000e+00 0.000000e+00 0.000000e+00 0.000000e+00 0.000000e+00 0.000000e+00 0.000000e+00 0.000000e+00 1.258640e+04
3.600000e+02 RDG 4.837650e+05 0.000000e+00 0.000000e+00 0.000000e+00 4.661261e+03 8.202314e-01 0.000000e+00 0.000000e+00 0.000000e+00 0.000000e+00 0.000000e+00 0.000000e+00 0.000000e+00 0.000000e+00 0.000000e+00 0.000000e+00 0.000000e+00 0.000000e+00 0.000000e+00 4.662081e+03
3.600000e+02 DRE 5.199688e+10 5.631178e-08 0.000000e+00 0.000000e+00 4.754475e-03 4.531702e-03 0.000000e+00 1.022827e-03 0.000000e+00 0.000000e+00 0.000000e+00 0.000000e+00 0.000000e+00 0.000000e+00 0.000000e+00 0.000000e+00 0.000000e+00 0.000000e+00 0.000000e+00 1.030901e-02
3.600000e+02 CHI 1.152187e+09 1.200628e-09 9.592157e-14 0.000000e+00 2.036669e-01 3.128246e-02 5.924897e-01 2.794128e-03 0.000000e+00 0.000000e+00 0.000000e+00 0.000000e+00 0.000000e+00 0.000000e+00 0.000000e+00 0.000000e+00 0.000000e+00 0.000000e+00 0.000000e+00 8.302332e-01
3.600000e+02 DIA 2.941458e+11 1.445108e-11 0.000000e+00 0.000000e+00 0.000000e+00 0.000000e+00 1.734637e-03 0.000000e+00 4.035223e-06 0.000000e+00 0.000000e+00 0.000000e+00 1.062185e+00 1.227081e-01 0.000000e+00 0.000000e+00 0.000000e+00 0.000000e+00 0.000000e+00 1.186632e+00
3.600000e+02 GRN 2.360444e+11 7.231577e-12 0.000000e+00 0.000000e+00 0.000000e+00 0.000000e+00 2.146166e-03 0.000000e+00 4.130391e-06 0.000000e+00 0.000000e+00 0.000000e+00 1.093117e+00 1.262749e-01 0.000000e+00 0.000000e+00 0.000000e+00 0.000000e+00 0.000000e+00 1.221543e+00
3.600000e+02 CAL 3.572968e+12 5.538302e-10 0.000000e+00 0.000000e+00 2.247345e-01 8.135892e-03 3.745572e-01 4.692269e-04 2.105927e-03 0.000000e+00 0.000000e+00 0.000000e+00 0.000000e+00 0.000000e+00 0.000000e+00 0.000000e+00 0.000000e+00 0.000000e+00 0.000000e+00 6.100027e-01
3.600000e+02 ROT 3.447265e+11 3.443033e-10 0.000000e+00 0.000000e+00 2.495594e-01 8.566878e-03 3.243608e-01 4.916931e-04 2.195493e-03 0.000000e+00 0.000000e+00 0.000000e+00 0.000000e+00 0.000000e+00 0.000000e+00 0.000000e+00 0.000000e+00 0.000000e+00 0.000000e+00 5.851743e-01
3.600000e+02 PB 2.798627e+09 0.000000e+00 0.000000e+00 0.000000e+00 0.000000e+00 1.705584e-04 0.000000e+00 6.468990e-04 0.000000e+00 0.000000e+00 0.000000e+00 0.000000e+00 1.316038e+01 1.516294e+00 0.000000e+00 0.000000e+00 0.000000e+00 0.000000e+00 0.000000e+00 1.467749e+01
3.600000e+02 BB 2.674860e+06 0.000000e+00 0.000000e+00 0.000000e+00 0.000000e+00 0.000000e+00 0.000000e+00 0.000000e+00 0.000000e+00 0.000000e+00 0.000000e+00 0.000000e+00 0.000000e+00 0.000000e+00 0.000000e+00 0.000000e+00 0.000000e+00 0.000000e+00 0.000000e+00 0.000000e+00
3.600000e+02 DL 1.111456e+11 0.000000e+00 0.000000e+00 0.000000e+00 0.000000e+00 8.133777e-05 0.000000e+00 3.673199e-04 2.526074e-05 4.251877e-04 0.000000e+00 0.000000e+00 3.761569e+00 4.389444e-01 0.000000e+00 0.000000e+00 0.000000e+00 0.000000e+00 0.000000e+00 4.201413e+00
3.600000e+02 DR 3.453169e+09 0.000000e+00 0.000000e+00 0.000000e+00 0.000000e+00 2.225612e-03 0.000000e+00 1.150375e-02 2.936045e-03 9.941036e-03 0.000000e+00 0.000000e+00 5.854146e+01 7.038637e+00 0.000000e+00 0.000000e+00 0.000000e+00 0.000000e+00 0.000000e+00 6.560670e+01
3.600000e+02 DC 1.943695e+09 0.000000e+00 0.000000e+00 0.000000e+00 0.000000e+00 6.842886e-06 0.000000e+00 6.599574e-06 3.405814e-06 1.482562e-05 0.000000e+00 0.000000e+00 3.576109e-01 4.202381e-02 0.000000e+00 0.000000e+00 0.000000e+00 0.000000e+00 0.000000e+00 3.996664e-01
3.645000e+02 WAE 3.004147e+05 0.000000e+00 0.000000e+00 0.000000e+00 1.137484e+04 0.000000e+00 0.000000e+00 0.000000e+00 0.000000e+00 0.000000e+00 0.000000e+00 0.000000e+00 0.000000e+00 0.000000e+00 0.000000e+00 0.000000e+00 0.000000e+00 0.000000e+00 0.000000e+00 1.137484e+04
3.645000e+02 YPH 3.914344e+06 0.000000e+00 0.000000e+00 0.000000e+00 6.278083e+03 6.344888e-01 0.000000e+00 0.000000e+00 0.000000e+00 0.000000e+00 0.000000e+00 0.000000e+00 0.000000e+00 0.000000e+00 0.000000e+00 0.000000e+00 0.000000e+00 0.000000e+00 0.000000e+00 6.278717e+03
3.645000e+02 GZS 4.659578e+06 0.000000e+00 0.000000e+00 0.000000e+00 1.226531e+04 0.000000e+00 0.000000e+00 0.000000e+00 0.000000e+00 0.000000e+00 0.000000e+00 0.000000e+00 0.000000e+00 0.000000e+00 0.000000e+00 0.000000e+00 0.000000e+00 0.000000e+00 0.000000e+00 1.226531e+04
3.645000e+02 RDG 4.837650e+05 0.000000e+00 0.000000e+00 0.000000e+00 4.594831e+03 8.019934e-01 0.000000e+00 0.000000e+00 0.000000e+00 0.000000e+00 0.000000e+00 0.000000e+00 0.000000e+00 0.000000e+00 0.000000e+00 0.000000e+00 0.000000e+00 0.000000e+00 0.000000e+00 4.595633e+03
3.645000e+02 DRE 5.199688e+10 5.600421e-08 0.000000e+00 0.000000e+00 4.769492e-03 4.493389e-03 0.000000e+00 1.018480e-03 0.000000e+00 0.000000e+00 0.000000e+00 0.000000e+00 0.000000e+00 0.000000e+00 0.000000e+00 0.000000e+00 0.000000e+00 0.000000e+00 0.000000e+00 1.028136e-02
3.645000e+02 CHI 1.152187e+09 1.184279e-09 9.460760e-14 0.000000e+00 2.015904e-01 3.085543e-02 5.854598e-01 2.755902e-03 0.000000e+00 0.000000e+00 0.000000e+00 0.000000e+00 0.000000e+00 0.000000e+00 0.000000e+00 0.000000e+00 0.000000e+00 0.000000e+00 0.000000e+00 8.206615e-01
3.645000e+02 DIA 2.941458e+11 1.425360e-11 0.000000e+00 0.000000e+00 0.000000e+00 0.000000e+00 1.788109e-03 0.000000e+00 3.984185e-06 0.000000e+00 0.000000e+00 0.000000e+00 1.048149e+00 1.210969e-01 0.000000e+00 0.000000e+00 0.000000e+00 0.000000e+00 0.000000e+00 1.171038e+00
3.645000e+02 GRN 2.360444e+11 7.132816e-12 0.000000e+00 0.000000e+00 0.000000e+00 0.000000e+00 2.213062e-03 0.000000e+00 4.079096e-06 0.000000e+00 0.000000e+00 0.000000e+00 1.078784e+00 1.246320e-01 0.000000e+00 0.000000e+00 0.000000e+00 0.000000e+00 0.000000e+00 1.205633e+00
3.645000e+02 CAL 3.572968e+12 5.479275e-10 0.000000e+00 0.000000e+00 2.292004e-01 8.069388e-03 3.833640e-01 4.629844e-04 2.084186e-03 0.000000e+00 0.000000e+00 0.000000e+00 0.000000e+00 0.000000e+00 0.000000e+00 0.000000e+00 0.000000e+00 0.000000e+00 0.000000e+00 6.231810e-01
3.645000e+02 ROT 3.447265e+11 3.408284e-10 0.000000e+00 0.000000e+00 2.554123e-01 8.504758e-03 3.352579e-01 4.851852e-04 2.174150e-03 0.000000e+00 0.000000e+00 0.000000e+00 0.000000e+00 0.000000e+00 0.000000e+00 0.000000e+00 0.000000e+00 0.000000e+00 0.000000e+00 6.018343e-01
3.645000e+02 PB 2.798627e+09 0.000000e+00 0.000000e+00 0.000000e+00 0.000000e+00 1.691686e-04 0.000000e+00 6.468278e-04 0.000000e+00 0.000000e+00 0.000000e+00 0.000000e+00 1.302517e+01 1.501632e+00 0.000000e+00 0.000000e+00 0.000000e+00 0.000000e+00 0.000000e+00 1.452761e+01
3.645000e+02 BB 2.674860e+06 0.000000e+00 0.000000e+00 0.000000e+00 0.000000e+00 0.000000e+00 0.000000e+00 0.000000e+00 0.000000e+00 0.000000e+00 0.000000e+00 0.000000e+00 0.000000e+00 0.000000e+00 0.000000e+00 0.000000e+00 0.000000e+00 0.000000e+00 0.000000e+00 0.000000e+00
3.645000e+02 DL 1.111456e+11 0.000000e+00 0.000000e+00 0.000000e+00 0.000000e+00 8.230575e-05 0.000000e+00 3.807253e-04 2.554902e-05 4.194238e-04 0.000000e+00 0.000000e+00 3.756102e+00 4.391758e-01 0.000000e+00 0.000000e+00 0.000000e+00 0.000000e+00 0.000000e+00 4.196186e+00
3.645000e+02 DR 3.453169e+09 0.000000e+00 0.000000e+00 0.000000e+00 0.000000e+00 2.275303e-03 0.000000e+00 1.206277e-02 3.038043e-03 9.810547e-03 0.000000e+00 0.000000e+00 5.934960e+01 7.160491e+00 0.000000e+00 0.000000e+00 0.000000e+00 0.000000e+00 0.000000e+00 6.653728e+01
3.645000e+02 DC 1.943695e+09 0.000000e+00 0.000000e+00 0.000000e+00 0.000000e+00 6.749148e-06 0.000000e+00 6.509169e-06 3.359159e-06 1.462253e-05 0.000000e+00 0.000000e+00 3.527121e-01 4.144814e-02 0.000000e+00 0.000000e+00 0.000000e+00 0.000000e+00 0.000000e+00 3.941915e-01
