Time Predator Cohort Stock Updated WAE YPH GZS RDG DRE CHI DIA GRN CAL ROT PB BB DL DR DC
5.000000e+00 WAE 0 0 0 0.000000e+00 1.420349e-02 8.171459e-03 4.788279e-04 0.000000e+00 2.733151e-03 0.000000e+00 0.000000e+00 8.883744e-01 8.603864e-02 0.000000e+00 0.000000e+00 0.000000e+00 0.000000e+00 0.000000e+00
5.000000e+00 WAE 1 0 0 0.000000e+00 1.755613e-02 8.142912e-03 4.771538e-04 0.000000e+00 2.727347e-03 0.000000e+00 0.000000e+00 8.853504e-01 8.574603e-02 0.000000e+00 0.000000e+00 0.000000e+00 0.000000e+00 0.000000e+00
5.000000e+00 WAE 2 0 0 0.000000e+00 6.248103e-01 2.902692e-01 2.892649e-02 5.362122e-02 2.372795e-03 0.000000e+00 0.000000e+00 0.000000e+00 0.000000e+00 0.000000e+00 0.000000e+00 0.000000e+00 0.000000e+00 0.000000e+00
5.000000e+00 WAE 3 0 0 1.000558e-01 5.550503e-01 2.578702e-01 2.569692e-02 5.872799e-02 2.598776e-03 0.000000e+00 0.000000e+00 0.000000e+00 0.000000e+00 0.000000e+00 0.000000e+00 0.000000e+00 0.000000e+00 0.000000e+00
5.000000e+00 WAE 4 0 0 4.437213e-02 2.461491e-01 6.536388e-01 1.139590e-02 4.256073e-02 1.883358e-03 0.000000e+00 0.000000e+00 0.000000e+00 0.000000e+00 0.000000e+00 0.000000e+00 0.000000e+00 0.000000e+00 0.000000e+00
5.000000e+00 WAE 5 0 0 4.434688e-02 2.460091e-01 6.532667e-01 1.138942e-02 4.308149e-02 1.906402e-03 0.000000e+00 0.000000e+00 0.000000e+00 0.000000e+00 0.000000e+00 0.000000e+00 0.000000e+00 0.000000e+00 0.000000e+00
5.000000e+00 WAE 6 0 0 4.458786e-02 2.473468e-01 6.568152e-01 1.145131e-02 3.811233e-02 1.686512e-03 0.000000e+00 0.000000e+00 0.000000e+00 0.000000e+00 0.000000e+00 0.000000e+00 0.000000e+00 0.000000e+00 0.000000e+00
5.000000e+00 WAE 7 0 0 9.900678e-02 2.325959e-01 6.176458e-01 1.076840e-02 3.828878e-02 1.694320e-03 0.000000e+00 0.000000e+00 0.000000e+00 0.000000e+00 0.000000e+00 0.000000e+00 0.000000e+00 0.000000e+00 0.000000e+00
5.000000e+00 YPH 0 0 0 0.000000e+00 0.000000e+00 0.000000e+00 0.000000e+00 8.424603e-03 3.728000e-03 0.000000e+00 0.000000e+00 8.868795e-01 8.589576e-02 2.626349e-04 0.000000e+00 1.389988e-02 7.713054e-04 1.382937e-04
5.000000e+00 YPH 1 0 0 0.000000e+00 0.000000e+00 0.000000e+00 0.000000e+00 8.657500e-03 3.831083e-03 0.000000e+00 0.000000e+00 8.865814e-01 8.586772e-02 2.620842e-04 0.000000e+00 1.389036e-02 7.725131e-04 1.373468e-04
5.000000e+00 YPH 2 0 0 0.000000e+00 1.461549e-04 0.000000e+00 9.763520e-06 2.442203e-03 1.080728e-03 0.000000e+00 0.000000e+00 9.055192e-01 8.769890e-02 5.421079e-05 0.000000e+00 2.862404e-03 1.578286e-04 2.864144e-05
5.000000e+00 YPH 3 0 0 0.000000e+00 1.461540e-04 0.000000e+00 9.763446e-06 2.441023e-03 1.080206e-03 0.000000e+00 0.000000e+00 9.055204e-01 8.769898e-02 5.421836e-05 0.000000e+00 2.862772e-03 1.578461e-04 2.864429e-05
5.000000e+00 YPH 4 0 0 0.000000e+00 1.461598e-04 0.000000e+00 9.763817e-06 2.441635e-03 1.080478e-03 0.000000e+00 0.000000e+00 9.055187e-01 8.769866e-02 5.424723e-05 0.000000e+00 2.863791e-03 1.578533e-04 2.867113e-05
5.000000e+00 YPH 5 0 0 0.000000e+00 1.461485e-04 0.000000e+00 9.763089e-06 2.439085e-03 1.079349e-03 0.000000e+00 0.000000e+00 9.055231e-01 8.769932e-02 5.420749e-05 0.000000e+00 2.862518e-03 1.578635e-04 2.862885e-05
5.000000e+00 YPH 6 0 0 0.000000e+00 3.592358e-04 0.000000e+00 9.763266e-06 2.445767e-03 1.082308e-03 0.000000e+00 0.000000e+00 9.053171e-01 8.767858e-02 5.433128e-05 0.000000e+00 2.866366e-03 1.578144e-04 2.876159e-05
5.000000e+00 GZS 0 0 0 0.000000e+00 0.000000e+00 0.000000e+00 0.000000e+00 0.000000e+00 2.710532e-03 0.000000e+00 0.000000e+00 9.092197e-01 8.806974e-02 0.000000e+00 0.000000e+00 0.000000e+00 0.000000e+00 0.000000e+00
5.000000e+00 GZS 1 0 0 0.000000e+00 0.000000e+00 0.000000e+00 0.000000e+00 0.000000e+00 0.000000e+00 2.398151e-01 1.928741e-01 5.673108e-01 0.000000e+00 0.000000e+00 0.000000e+00 0.000000e+00 0.000000e+00 0.000000e+00
5.000000e+00 GZS 2 0 0 0.000000e+00 0.000000e+00 0.000000e+00 0.000000e+00 0.000000e+00 0.000000e+00 2.381386e-01 1.915293e-01 5.703321e-01 0.000000e+00 0.000000e+00 0.000000e+00 0.000000e+00 0.000000e+00 0.000000e+00
5.000000e+00 GZS 3 0 0 0.000000e+00 0.000000e+00 0.000000e+00 0.000000e+00 0.000000e+00 0.000000e+00 2.327691e-01 1.872222e-01 5.800087e-01 0.000000e+00 0.000000e+00 0.000000e+00 0.000000e+00 0.000000e+00 0.000000e+00
5.000000e+00 GZS 4 0 0 0.000000e+00 0.000000e+00 0.000000e+00 0.000000e+00 0.000000e+00 0.000000e+00 2.310677e-01 1.858574e-01 5.830749e-01 0.000000e+00 0.000000e+00 0.000000e+00 0.000000e+00 0.000000e+00 0.000000e+00
5.000000e+00 RDG 0 0 0 0.000000e+00 0.000000e+00 0.000000e+00 0.000000e+00 1.188773e-02 3.945265e-03 0.000000e+00 0.000000e+00 7.789805e-01 7.545280e-02 2.360635e-03 0.000000e+00 1.194737e-01 6.744925e-03 1.154398e-03
5.000000e+00 RDG 1 0 0 0.000000e+00 0.000000e+00 0.000000e+00 0.000000e+00 1.207048e-02 4.005911e-03 0.000000e+00 0.000000e+00 7.789102e-01 7.544660e-02 2.355352e-03 0.000000e+00 1.193165e-01 6.746037e-03 1.148865e-03
5.000000e+00 RDG 2 0 0 0.000000e+00 0.000000e+00 0.000000e+00 0.000000e+00 3.532199e-02 7.815141e-04 0.000000e+00 0.000000e+00 0.000000e+00 0.000000e+00 1.648905e-02 0.000000e+00 8.851633e-01 5.514356e-02 7.100590e-03
5.000000e+00 RDG 3 0 0 0.000000e+00 0.000000e+00 0.000000e+00 0.000000e+00 1.718050e-02 3.801270e-04 0.000000e+00 0.000000e+00 0.000000e+00 0.000000e+00 1.573588e-02 0.000000e+00 8.995142e-01 6.122044e-02 5.968818e-03
5.000000e+00 RDG 4 0 0 0.000000e+00 0.000000e+00 0.000000e+00 0.000000e+00 1.866171e-02 4.128994e-04 0.000000e+00 0.000000e+00 0.000000e+00 0.000000e+00 1.588591e-02 0.000000e+00 8.985754e-01 6.030507e-02 6.159014e-03
5.000000e+00 DRE 0 0 1 0.000000e+00 0.000000e+00 0.000000e+00 0.000000e+00 0.000000e+00 0.000000e+00 2.590218e-02 2.078751e-02 8.566674e-01 8.279728e-02 0.000000e+00 0.000000e+00 1.048124e-02 3.352492e-03 1.193807e-05
5.000000e+00 CHI 0 0 1 0.000000e+00 0.000000e+00 0.000000e+00 0.000000e+00 0.000000e+00 0.000000e+00 0.000000e+00 0.000000e+00 0.000000e+00 0.000000e+00 0.000000e+00 0.000000e+00 8.106827e-01 1.755569e-01 1.376040e-02
5.000000e+00 CAL 0 0 1 0.000000e+00 0.000000e+00 0.000000e+00 0.000000e+00 0.000000e+00 0.000000e+00 4.883570e-01 3.920298e-01 0.000000e+00 0.000000e+00 0.000000e+00 0.000000e+00 1.144131e-01 5.086327e-03 1.138302e-04
5.000000e+00 ROT 0 0 1 0.000000e+00 0.000000e+00 0.000000e+00 0.000000e+00 0.000000e+00 0.000000e+00 4.896574e-01 3.930659e-01 0.000000e+00 0.000000e+00 0.000000e+00 0.000000e+00 1.122722e-01 4.890419e-03 1.141363e-04
1.000000e+01 WAE 0 0 0 0.000000e+00 1.700188e-02 8.913536e-03 4.741040e-04 0.000000e+00 2.591748e-03 0.000000e+00 0.000000e+00 8.850425e-01 8.597628e-02 0.000000e+00 0.000000e+00 0.000000e+00 0.000000e+00 0.000000e+00
1.000000e+01 WAE 1 0 0 0.000000e+00 1.700230e-02 8.912520e-03 4.741018e-04 0.000000e+00 2.592398e-03 0.000000e+00 0.000000e+00 8.850425e-01 8.597621e-02 0.000000e+00 0.000000e+00 0.000000e+00 0.000000e+00 0.000000e+00
1.000000e+01 WAE 2 0 0 0.000000e+00 6.018141e-01 3.154364e-01 2.809526e-02 5.234756e-02 2.306713e-03 0.000000e+00 0.000000e+00 0.000000e+00 0.000000e+00 0.000000e+00 0.000000e+00 0.000000e+00 0.000000e+00 0.000000e+00
1.000000e+01 WAE 3 0 0 9.776006e-02 5.363113e-01 2.811153e-01 2.503738e-02 5.725308e-02 2.522876e-03 0.000000e+00 0.000000e+00 0.000000e+00 0.000000e+00 0.000000e+00 0.000000e+00 0.000000e+00 0.000000e+00 0.000000e+00
1.000000e+01 WAE 4 0 0 4.432345e-02 2.431568e-01 6.571581e-01 1.135168e-02 4.215245e-02 1.857462e-03 0.000000e+00 0.000000e+00 0.000000e+00 0.000000e+00 0.000000e+00 0.000000e+00 0.000000e+00 0.000000e+00 0.000000e+00
1.000000e+01 WAE 5 0 0 4.429902e-02 2.430229e-01 6.567958e-01 1.134543e-02 4.265719e-02 1.879704e-03 0.000000e+00 0.000000e+00 0.000000e+00 0.000000e+00 0.000000e+00 0.000000e+00 0.000000e+00 0.000000e+00 0.000000e+00
1.000000e+01 WAE 6 0 0 4.453217e-02 2.443028e-01 6.602508e-01 1.140515e-02 3.784154e-02 1.667502e-03 0.000000e+00 0.000000e+00 0.000000e+00 0.000000e+00 0.000000e+00 0.000000e+00 0.000000e+00 0.000000e+00 0.000000e+00
1.000000e+01 WAE 7 0 0 9.819238e-02 2.299417e-01 6.214392e-01 1.073471e-02 3.801679e-02 1.675224e-03 0.000000e+00 0.000000e+00 0.000000e+00 0.000000e+00 0.000000e+00 0.000000e+00 0.000000e+00 0.000000e+00 0.000000e+00
1.000000e+01 YPH 0 0 0 0.000000e+00 0.000000e+00 0.000000e+00 0.000000e+00 8.269275e-03 3.643781e-03 0.000000e+00 0.000000e+00 8.998682e-01 8.741652e-02 1.618733e-05 0.000000e+00 7.040072e-04 8.203935e-05 1.613448e-13
1.000000e+01 YPH 1 0 0 0.000000e+00 0.000000e+00 0.000000e+00 0.000000e+00 8.473585e-03 3.733843e-03 0.000000e+00 0.000000e+00 8.995973e-01 8.739012e-02 1.618398e-05 0.000000e+00 7.067223e-04 8.226994e-05 1.612670e-13
1.000000e+01 YPH 2 0 0 0.000000e+00 1.008402e-04 0.000000e+00 9.731465e-06 2.341466e-03 1.031747e-03 0.000000e+00 0.000000e+00 9.081329e-01 8.821928e-02 3.282635e-06 0.000000e+00 1.440779e-04 1.664473e-05 3.265779e-14
1.000000e+01 YPH 3 0 0 0.000000e+00 1.437935e-04 0.000000e+00 9.730910e-06 2.340156e-03 1.031171e-03 0.000000e+00 0.000000e+00 9.080955e-01 8.821563e-02 3.282518e-06 0.000000e+00 1.441276e-04 1.664980e-05 3.265589e-14
1.000000e+01 YPH 4 0 0 0.000000e+00 1.437945e-04 0.000000e+00 9.730957e-06 2.340715e-03 1.031418e-03 0.000000e+00 0.000000e+00 9.080947e-01 8.821555e-02 3.282654e-06 0.000000e+00 1.441857e-04 1.665561e-05 3.265635e-14
1.000000e+01 YPH 5 0 0 0.000000e+00 1.437906e-04 0.000000e+00 9.730703e-06 2.338196e-03 1.030308e-03 0.000000e+00 0.000000e+00 9.080980e-01 8.821587e-02 3.282443e-06 0.000000e+00 1.441520e-04 1.665247e-05 3.265492e-14
1.000000e+01 YPH 6 0 0 0.000000e+00 3.489249e-04 0.000000e+00 9.729377e-06 2.344758e-03 1.033200e-03 0.000000e+00 0.000000e+00 9.079023e-01 8.819684e-02 3.282466e-06 0.000000e+00 1.442825e-04 1.666446e-05 3.265233e-14
1.000000e+01 GZS 0 0 0 0.000000e+00 0.000000e+00 0.000000e+00 0.000000e+00 0.000000e+00 2.580724e-03 0.000000e+00 0.000000e+00 9.091049e-01 8.831435e-02 0.000000e+00 0.000000e+00 0.000000e+00 0.000000e+00 0.000000e+00
1.000000e+01 GZS 1 0 0 0.000000e+00 0.000000e+00 0.000000e+00 0.000000e+00 0.000000e+00 0.000000e+00 1.402319e-03 1.285971e-03 9.973117e-01 0.000000e+00 0.000000e+00 0.000000e+00 0.000000e+00 0.000000e+00 0.000000e+00
1.000000e+01 GZS 2 0 0 0.000000e+00 0.000000e+00 0.000000e+00 0.000000e+00 0.000000e+00 0.000000e+00 1.403564e-03 1.286946e-03 9.973095e-01 0.000000e+00 0.000000e+00 0.000000e+00 0.000000e+00 0.000000e+00 0.000000e+00
1.000000e+01 GZS 3 0 0 0.000000e+00 0.000000e+00 0.000000e+00 0.000000e+00 0.000000e+00 0.000000e+00 1.405570e-03 1.288596e-03 9.973058e-01 0.000000e+00 0.000000e+00 0.000000e+00 0.000000e+00 0.000000e+00 0.000000e+00
1.000000e+01 GZS 4 0 0 0.000000e+00 0.000000e+00 0.000000e+00 0.000000e+00 0.000000e+00 0.000000e+00 1.406209e-03 1.289125e-03 9.973047e-01 0.000000e+00 0.000000e+00 0.000000e+00 0.000000e+00 0.000000e+00 0.000000e+00
1.000000e+01 RDG 0 0 0 0.000000e+00 0.000000e+00 0.000000e+00 0.000000e+00 1.296874e-02 4.285915e-03 0.000000e+00 0.000000e+00 8.885679e-01 8.631886e-02 1.682178e-04 0.000000e+00 6.884307e-03 8.060887e-04 1.590337e-12
1.000000e+01 RDG 1 0 0 0.000000e+00 0.000000e+00 0.000000e+00 0.000000e+00 1.316648e-02 4.351262e-03 0.000000e+00 0.000000e+00 8.883369e-01 8.629644e-02 1.681578e-04 0.000000e+00 6.875709e-03 8.049923e-04 1.589836e-12
1.000000e+01 RDG 2 0 0 0.000000e+00 0.000000e+00 0.000000e+00 0.000000e+00 2.869072e-01 6.321331e-03 0.000000e+00 0.000000e+00 0.000000e+00 0.000000e+00 1.552480e-02 0.000000e+00 6.175193e-01 7.372740e-02 1.475726e-10
1.000000e+01 RDG 3 0 0 0.000000e+00 0.000000e+00 0.000000e+00 0.000000e+00 7.604866e-02 1.675558e-03 0.000000e+00 0.000000e+00 0.000000e+00 0.000000e+00 2.206539e-02 0.000000e+00 8.030140e-01 9.719639e-02 2.106912e-10
1.000000e+01 RDG 4 0 0 0.000000e+00 0.000000e+00 0.000000e+00 0.000000e+00 9.580606e-02 2.110867e-03 0.000000e+00 0.000000e+00 0.000000e+00 0.000000e+00 2.106305e-02 0.000000e+00 7.862284e-01 9.479161e-02 2.008885e-10
1.000000e+01 DRE 0 0 1 0.000000e+00 0.000000e+00 0.000000e+00 0.000000e+00 0.000000e+00 0.000000e+00 2.515396e-05 2.155834e-05 9.102136e-01 8.841841e-02 0.000000e+00 0.000000e+00 8.207877e-04 5.005276e-04 5.052660e-14
1.000000e+01 CHI 0 0 1 0.000000e+00 0.000000e+00 0.000000e+00 0.000000e+00 0.000000e+00 0.000000e+00 0.000000e+00 0.000000e+00 0.000000e+00 0.000000e+00 0.000000e+00 0.000000e+00 7.804010e-01 2.187383e-01 8.607167e-04
1.000000e+01 CAL 0 0 1 0.000000e+00 0.000000e+00 0.000000e+00 0.000000e+00 0.000000e+00 0.000000e+00 5.348936e-02 4.764129e-02 0.000000e+00 0.000000e+00 0.000000e+00 0.000000e+00 8.238734e-01 7.499594e-02 7.594940e-11
1.000000e+01 ROT 0 0 1 0.000000e+00 0.000000e+00 0.000000e+00 0.000000e+00 0.000000e+00 0.000000e+00 5.349066e-02 4.764191e-02 0.000000e+00 0.000000e+00 0.000000e+00 0.000000e+00 8.238748e-01 7.499262e-02 7.594451e-11
1.500000e+01 WAE 0 0 0 0.000000e+00 1.728420e-02 1.022618e-02 4.942222e-04 0.000000e+00 2.571154e-03 0.000000e+00 0.000000e+00 8.835478e-01 8.587639e-02 0.000000e+00 0.000000e+00 0.000000e+00 0.000000e+00 0.000000e+00
1.500000e+01 WAE 1 0 0 0.000000e+00 1.728459e-02 1.022500e-02 4.942192e-04 0.000000e+00 2.571802e-03 0.000000e+00 0.000000e+00 8.835480e-01 8.587637e-02 0.000000e+00 0.000000e+00 0.000000e+00 0.000000e+00 0.000000e+00
1.500000e+01 WAE 2 0 0 0.000000e+00 5.777662e-01 3.417398e-01 2.718796e-02 5.106588e-02 2.240194e-03 0.000000e+00 0.000000e+00 0.000000e+00 0.000000e+00 0.000000e+00 0.000000e+00 0.000000e+00 0.000000e+00 0.000000e+00
1.500000e+01 WAE 3 0 0 9.521624e-02 5.166526e-01 3.056060e-01 2.431221e-02 5.576654e-02 2.446406e-03 0.000000e+00 0.000000e+00 0.000000e+00 0.000000e+00 0.000000e+00 0.000000e+00 0.000000e+00 0.000000e+00 0.000000e+00
1.500000e+01 WAE 4 0 0 4.420382e-02 2.398526e-01 6.610927e-01 1.128684e-02 4.173322e-02 1.830783e-03 0.000000e+00 0.000000e+00 0.000000e+00 0.000000e+00 0.000000e+00 0.000000e+00 0.000000e+00 0.000000e+00 0.000000e+00
1.500000e+01 WAE 5 0 0 4.418026e-02 2.397249e-01 6.607403e-01 1.128083e-02 4.222155e-02 1.852206e-03 0.000000e+00 0.000000e+00 0.000000e+00 0.000000e+00 0.000000e+00 0.000000e+00 0.000000e+00 0.000000e+00 0.000000e+00
1.500000e+01 WAE 6 0 0 4.440508e-02 2.409457e-01 6.641001e-01 1.133824e-02 3.756309e-02 1.647846e-03 0.000000e+00 0.000000e+00 0.000000e+00 0.000000e+00 0.000000e+00 0.000000e+00 0.000000e+00 0.000000e+00 0.000000e+00
1.500000e+01 WAE 7 0 0 6.041714e-02 2.365654e-01 6.520925e-01 1.113256e-02 3.812007e-02 1.672279e-03 0.000000e+00 0.000000e+00 0.000000e+00 0.000000e+00 0.000000e+00 0.000000e+00 0.000000e+00 0.000000e+00 0.000000e+00
1.500000e+01 YPH 0 0 0 0.000000e+00 0.000000e+00 0.000000e+00 0.000000e+00 8.265451e-03 3.625838e-03 0.000000e+00 0.000000e+00 9.004583e-01 8.752001e-02 1.568610e-05 0.000000e+00 9.530045e-05 1.946294e-05 1.615569e-13
1.500000e+01 YPH 1 0 0 0.000000e+00 0.000000e+00 0.000000e+00 0.000000e+00 8.468589e-03 3.714986e-03 0.000000e+00 0.000000e+00 9.001919e-01 8.749406e-02 1.567776e-05 0.000000e+00 9.532113e-05 1.945698e-05 1.614793e-13
1.500000e+01 YPH 2 0 0 0.000000e+00 0.000000e+00 0.000000e+00 1.016371e-05 2.336599e-03 1.025006e-03 0.000000e+00 0.000000e+00 9.083179e-01 8.828386e-02 3.170962e-06 0.000000e+00 1.933235e-05 3.931745e-06 3.268550e-14
1.500000e+01 YPH 3 0 0 0.000000e+00 1.482734e-04 0.000000e+00 1.016205e-05 2.335105e-03 1.024352e-03 0.000000e+00 0.000000e+00 9.081848e-01 8.827091e-02 3.170445e-06 0.000000e+00 1.933020e-05 3.931212e-06 3.268013e-14
1.500000e+01 YPH 4 0 0 0.000000e+00 1.482744e-04 0.000000e+00 1.016210e-05 2.335666e-03 1.024598e-03 0.000000e+00 0.000000e+00 9.081840e-01 8.827083e-02 3.170487e-06 0.000000e+00 1.933157e-05 3.931354e-06 3.268058e-14
1.500000e+01 YPH 5 0 0 0.000000e+00 1.482704e-04 0.000000e+00 1.016183e-05 2.333138e-03 1.023490e-03 0.000000e+00 0.000000e+00 9.081874e-01 8.827115e-02 3.170357e-06 0.000000e+00 1.933015e-05 3.931177e-06 3.267914e-14
1.500000e+01 YPH 6 0 0 0.000000e+00 3.553548e-04 0.000000e+00 1.016042e-05 2.339722e-03 1.026378e-03 0.000000e+00 0.000000e+00 9.079900e-01 8.825196e-02 3.170072e-06 0.000000e+00 1.933147e-05 3.930983e-06 3.267648e-14
1.500000e+01 GZS 0 0 0 0.000000e+00 0.000000e+00 0.000000e+00 0.000000e+00 0.000000e+00 2.563250e-03 0.000000e+00 0.000000e+00 9.090785e-01 8.835824e-02 0.000000e+00 0.000000e+00 0.000000e+00 0.000000e+00 0.000000e+00
1.500000e+01 GZS 1 0 0 0.000000e+00 0.000000e+00 0.000000e+00 0.000000e+00 0.000000e+00 0.000000e+00 9.676468e-04 9.676468e-04 9.980647e-01 0.000000e+00 0.000000e+00 0.000000e+00 0.000000e+00 0.000000e+00 0.000000e+00
1.500000e+01 GZS 2 0 0 0.000000e+00 0.000000e+00 0.000000e+00 0.000000e+00 0.000000e+00 0.000000e+00 9.677990e-04 9.677990e-04 9.980644e-01 0.000000e+00 0.000000e+00 0.000000e+00 0.000000e+00 0.000000e+00 0.000000e+00
1.500000e+01 GZS 3 0 0 0.000000e+00 0.000000e+00 0.000000e+00 0.000000e+00 0.000000e+00 0.000000e+00 9.682454e-04 9.682454e-04 9.980635e-01 0.000000e+00 0.000000e+00 0.000000e+00 0.000000e+00 0.000000e+00 0.000000e+00
1.500000e+01 GZS 4 0 0 0.000000e+00 0.000000e+00 0.000000e+00 0.000000e+00 0.000000e+00 0.000000e+00 9.683962e-04 9.683962e-04 9.980632e-01 0.000000e+00 0.000000e+00 0.000000e+00 0.000000e+00 0.000000e+00 0.000000e+00
1.500000e+01 RDG 0 0 0 0.000000e+00 0.000000e+00 0.000000e+00 0.000000e+00 1.304465e-02 4.291767e-03 0.000000e+00 0.000000e+00 8.944286e-01 8.693400e-02 1.642477e-04 0.000000e+00 9.435967e-04 1.931363e-04 1.601942e-12
1.500000e+01 RDG 1 0 0 0.000000e+00 0.000000e+00 0.000000e+00 0.000000e+00 1.324337e-02 4.357142e-03 0.000000e+00 0.000000e+00 8.941884e-01 8.691067e-02 1.641902e-04 0.000000e+00 9.431913e-04 1.930505e-04 1.601422e-12
1.500000e+01 RDG 2 0 0 0.000000e+00 0.000000e+00 0.000000e+00 0.000000e+00 6.897180e-01 1.512853e-02 0.000000e+00 0.000000e+00 0.000000e+00 0.000000e+00 3.740669e-02 0.000000e+00 2.136603e-01 4.408639e-02 3.642465e-10
1.500000e+01 RDG 3 0 0 0.000000e+00 0.000000e+00 0.000000e+00 0.000000e+00 2.779286e-01 6.096198e-03 0.000000e+00 0.000000e+00 0.000000e+00 0.000000e+00 9.076130e-02 0.000000e+00 5.182553e-01 1.069587e-01 8.837102e-10
1.500000e+01 RDG 4 0 0 0.000000e+00 0.000000e+00 0.000000e+00 0.000000e+00 3.436043e-01 7.536756e-03 0.000000e+00 0.000000e+00 0.000000e+00 0.000000e+00 8.224578e-02 0.000000e+00 4.696846e-01 9.692860e-02 8.008152e-10
1.500000e+01 DRE 0 0 1 0.000000e+00 0.000000e+00 0.000000e+00 0.000000e+00 0.000000e+00 0.000000e+00 1.054033e-05 1.054033e-05 9.112304e-01 8.856520e-02 0.000000e+00 0.000000e+00 7.674294e-05 1.065688e-04 9.467958e-14
1.500000e+01 CHI 0 0 1 0.000000e+00 0.000000e+00 0.000000e+00 0.000000e+00 0.000000e+00 0.000000e+00 0.000000e+00 0.000000e+00 0.000000e+00 0.000000e+00 0.000000e+00 0.000000e+00 7.690253e-01 2.309747e-01 9.237830e-12
1.500000e+01 CAL 0 0 1 0.000000e+00 0.000000e+00 0.000000e+00 0.000000e+00 0.000000e+00 0.000000e+00 1.798489e-01 1.798489e-01 0.000000e+00 0.000000e+00 0.000000e+00 0.000000e+00 5.426167e-01 9.768541e-02 8.190855e-10
1.500000e+01 ROT 0 0 1 0.000000e+00 0.000000e+00 0.000000e+00 0.000000e+00 0.000000e+00 0.000000e+00 1.798513e-01 1.798513e-01 0.000000e+00 0.000000e+00 0.000000e+00 0.000000e+00 5.426112e-01 9.768619e-02 8.191005e-10
2.000000e+01 WAE 0 0 0 0.000000e+00 1.757929e-02 1.173573e-02 5.153700e-04 0.000000e+00 2.550609e-03 0.000000e+00 0.000000e+00 8.818660e-01 8.575302e-02 0.000000e+00 0.000000e+00 0.000000e+00 0.000000e+00 0.000000e+00
2.000000e+01 WAE 1 0 0 0.000000e+00 1.757969e-02 1.173437e-02 5.153669e-04 0.000000e+00 2.551258e-03 0.000000e+00 0.000000e+00 8.818663e-01 8.575301e-02 0.000000e+00 0.000000e+00 0.000000e+00 0.000000e+00 0.000000e+00
2.000000e+01 WAE 2 0 0 0.000000e+00 5.528491e-01 3.689622e-01 2.623094e-02 4.978428e-02 2.173497e-03 0.000000e+00 0.000000e+00 0.000000e+00 0.000000e+00 0.000000e+00 0.000000e+00 0.000000e+00 0.000000e+00 0.000000e+00
2.000000e+01 WAE 3 0 0 9.244086e-02 4.961987e-01 3.311711e-01 2.354315e-02 5.427651e-02 2.369621e-03 0.000000e+00 0.000000e+00 0.000000e+00 0.000000e+00 0.000000e+00 0.000000e+00 0.000000e+00 0.000000e+00 0.000000e+00
2.000000e+01 WAE 4 0 0 4.399654e-02 2.361603e-01 6.655353e-01 1.120517e-02 4.129959e-02 1.803070e-03 0.000000e+00 0.000000e+00 0.000000e+00 0.000000e+00 0.000000e+00 0.000000e+00 0.000000e+00 0.000000e+00 0.000000e+00
2.000000e+01 WAE 5 0 0 4.397392e-02 2.360390e-01 6.651930e-01 1.119941e-02 4.177100e-02 1.823652e-03 0.000000e+00 0.000000e+00 0.000000e+00 0.000000e+00 0.000000e+00 0.000000e+00 0.000000e+00 0.000000e+00 0.000000e+00
2.000000e+01 WAE 6 0 0 4.418979e-02 2.371987e-01 6.684552e-01 1.125439e-02 3.727460e-02 1.627348e-03 0.000000e+00 0.000000e+00 0.000000e+00 0.000000e+00 0.000000e+00 0.000000e+00 0.000000e+00 0.000000e+00 0.000000e+00
2.000000e+01 WAE 7 0 0 4.415618e-02 2.370181e-01 6.679472e-01 1.124583e-02 3.797476e-02 1.657916e-03 0.000000e+00 0.000000e+00 0.000000e+00 0.000000e+00 0.000000e+00 0.000000e+00 0.000000e+00 0.000000e+00 0.000000e+00
2.000000e+01 YPH 0 0 0 0.000000e+00 0.000000e+00 0.000000e+00 0.000000e+00 8.258063e-03 3.605214e-03 0.000000e+00 0.000000e+00 9.004562e-01 8.756075e-02 1.570394e-05 0.000000e+00 8.505499e-05 1.900448e-05 1.617410e-13
2.000000e+01 YPH 1 0 0 0.000000e+00 0.000000e+00 0.000000e+00 0.000000e+00 8.460145e-03 3.693477e-03 0.000000e+00 0.000000e+00 9.001917e-01 8.753497e-02 1.569560e-05 0.000000e+00 8.500914e-05 1.899322e-05 1.616635e-13
2.000000e+01 YPH 2 0 0 0.000000e+00 0.000000e+00 0.000000e+00 1.061863e-05 2.332143e-03 1.018142e-03 0.000000e+00 0.000000e+00 9.082922e-01 8.832266e-02 3.174472e-06 0.000000e+00 1.719298e-05 3.838206e-06 3.272172e-14
2.000000e+01 YPH 3 0 0 0.000000e+00 1.529600e-04 0.000000e+00 1.061684e-05 2.330637e-03 1.017486e-03 0.000000e+00 0.000000e+00 9.081548e-01 8.830929e-02 3.173939e-06 0.000000e+00 1.719009e-05 3.837554e-06 3.271618e-14
2.000000e+01 YPH 4 0 0 0.000000e+00 1.529609e-04 0.000000e+00 1.061689e-05 2.331200e-03 1.017732e-03 0.000000e+00 0.000000e+00 9.081541e-01 8.830921e-02 3.173981e-06 0.000000e+00 1.719032e-05 3.837576e-06 3.271664e-14
2.000000e+01 YPH 5 0 0 0.000000e+00 1.529568e-04 0.000000e+00 1.061661e-05 2.328665e-03 1.016626e-03 0.000000e+00 0.000000e+00 9.081574e-01 8.830954e-02 3.173851e-06 0.000000e+00 1.718961e-05 3.837456e-06 3.271520e-14
2.000000e+01 YPH 6 0 0 0.000000e+00 3.621016e-04 0.000000e+00 1.061512e-05 2.335266e-03 1.019508e-03 0.000000e+00 0.000000e+00 9.079582e-01 8.829015e-02 3.173560e-06 0.000000e+00 1.718804e-05 3.836975e-06 3.271247e-14
2.000000e+01 GZS 0 0 0 0.000000e+00 0.000000e+00 0.000000e+00 0.000000e+00 0.000000e+00 2.546187e-03 0.000000e+00 0.000000e+00 9.090564e-01 8.839742e-02 0.000000e+00 0.000000e+00 0.000000e+00 0.000000e+00 0.000000e+00
2.000000e+01 GZS 1 0 0 0.000000e+00 0.000000e+00 0.000000e+00 0.000000e+00 0.000000e+00 0.000000e+00 9.687398e-04 9.687398e-04 9.980625e-01 0.000000e+00 0.000000e+00 0.000000e+00 0.000000e+00 0.000000e+00 0.000000e+00
2.000000e+01 GZS 2 0 0 0.000000e+00 0.000000e+00 0.000000e+00 0.000000e+00 0.000000e+00 0.000000e+00 9.688923e-04 9.688923e-04 9.980622e-01 0.000000e+00 0.000000e+00 0.000000e+00 0.000000e+00 0.000000e+00 0.000000e+00
2.000000e+01 GZS 3 0 0 0.000000e+00 0.000000e+00 0.000000e+00 0.000000e+00 0.000000e+00 0.000000e+00 9.693395e-04 9.693395e-04 9.980613e-01 0.000000e+00 0.000000e+00 0.000000e+00 0.000000e+00 0.000000e+00 0.000000e+00
2.000000e+01 GZS 4 0 0 0.000000e+00 0.000000e+00 0.000000e+00 0.000000e+00 0.000000e+00 0.000000e+00 9.694905e-04 9.694905e-04 9.980610e-01 0.000000e+00 0.000000e+00 0.000000e+00 0.000000e+00 0.000000e+00 0.000000e+00
2.000000e+01 RDG 0 0 0 0.000000e+00 0.000000e+00 0.000000e+00 0.000000e+00 1.303934e-02 4.269436e-03 0.000000e+00 0.000000e+00 8.945116e-01 8.698273e-02 1.644502e-04 0.000000e+00 8.438181e-04 1.886351e-04 1.603922e-12
2.000000e+01 RDG 1 0 0 0.000000e+00 0.000000e+00 0.000000e+00 0.000000e+00 1.323758e-02 4.334342e-03 0.000000e+00 0.000000e+00 8.942721e-01 8.695946e-02 1.643927e-04 0.000000e+00 8.435221e-04 1.885708e-04 1.603402e-12
2.000000e+01 RDG 2 0 0 0.000000e+00 0.000000e+00 0.000000e+00 0.000000e+00 7.058050e-01 1.540714e-02 0.000000e+00 0.000000e+00 0.000000e+00 0.000000e+00 3.829228e-02 0.000000e+00 1.964826e-01 4.401303e-02 3.728721e-10
2.000000e+01 RDG 3 0 0 0.000000e+00 0.000000e+00 0.000000e+00 0.000000e+00 2.936631e-01 6.410433e-03 0.000000e+00 0.000000e+00 0.000000e+00 0.000000e+00 9.613745e-02 0.000000e+00 4.932890e-01 1.105000e-01 9.360887e-10
2.000000e+01 RDG 4 0 0 0.000000e+00 0.000000e+00 0.000000e+00 0.000000e+00 3.613213e-01 7.887357e-03 0.000000e+00 0.000000e+00 0.000000e+00 0.000000e+00 8.664130e-02 0.000000e+00 4.445647e-01 9.958532e-02 8.436355e-10
2.000000e+01 DRE 0 0 1 0.000000e+00 0.000000e+00 0.000000e+00 0.000000e+00 0.000000e+00 0.000000e+00 1.063605e-05 1.063605e-05 9.112141e-01 8.860644e-02 0.000000e+00 0.000000e+00 5.175050e-05 1.064732e-04 1.063605e-13
2.000000e+01 CHI 0 0 1 0.000000e+00 0.000000e+00 0.000000e+00 0.000000e+00 0.000000e+00 0.000000e+00 0.000000e+00 0.000000e+00 0.000000e+00 0.000000e+00 0.000000e+00 0.000000e+00 7.566631e-01 2.433369e-01 9.043277e-12
2.000000e+01 CAL 0 0 1 0.000000e+00 0.000000e+00 0.000000e+00 0.000000e+00 0.000000e+00 0.000000e+00 2.012475e-01 2.012475e-01 0.000000e+00 0.000000e+00 0.000000e+00 0.000000e+00 4.902519e-01 1.072532e-01 9.528152e-10
2.000000e+01 ROT 0 0 1 0.000000e+00 0.000000e+00 0.000000e+00 0.000000e+00 0.000000e+00 0.000000e+00 2.012475e-01 2.012475e-01 0.000000e+00 0.000000e+00 0.000000e+00 0.000000e+00 4.902518e-01 1.072533e-01 9.528152e-10
2.500000e+01 WAE 0 0 0 0.000000e+00 1.805344e-02 3.875210e-03 5.426115e-04 0.000000e+00 2.548913e-03 0.000000e+00 0.000000e+00 8.885376e-01 8.644227e-02 0.000000e+00 0.000000e+00 0.000000e+00 0.000000e+00 0.000000e+00
2.500000e+01 WAE 1 0 0 0.000000e+00 1.787993e-02 1.346575e-02 5.373616e-04 0.000000e+00 2.529614e-03 0.000000e+00 0.000000e+00 8.799779e-01 8.560943e-02 0.000000e+00 0.000000e+00 0.000000e+00 0.000000e+00 0.000000e+00
2.500000e+01 WAE 2 0 0 0.000000e+00 5.271939e-01 3.969615e-01 2.522936e-02 4.850847e-02 2.106826e-03 0.000000e+00 0.000000e+00 0.000000e+00 0.000000e+00 0.000000e+00 0.000000e+00 0.000000e+00 0.000000e+00 0.000000e+00
2.500000e+01 WAE 3 0 0 8.944496e-02 4.750344e-01 3.577060e-01 2.273330e-02 5.278862e-02 2.292723e-03 0.000000e+00 0.000000e+00 0.000000e+00 0.000000e+00 0.000000e+00 0.000000e+00 0.000000e+00 0.000000e+00 0.000000e+00
2.500000e+01 WAE 4 0 0 5.496378e-02 2.917457e-01 5.934589e-01 1.396826e-02 4.395437e-02 1.909017e-03 0.000000e+00 0.000000e+00 0.000000e+00 0.000000e+00 0.000000e+00 0.000000e+00 0.000000e+00 0.000000e+00 0.000000e+00
2.500000e+01 WAE 5 0 0 4.367267e-02 2.319399e-01 6.701887e-01 1.109982e-02 4.130497e-02 1.793964e-03 0.000000e+00 0.000000e+00 0.000000e+00 0.000000e+00 0.000000e+00 0.000000e+00 0.000000e+00 0.000000e+00 0.000000e+00
2.500000e+01 WAE 6 0 0 4.387899e-02 2.330366e-01 6.733506e-01 1.115226e-02 3.697561e-02 1.605932e-03 0.000000e+00 0.000000e+00 0.000000e+00 0.000000e+00 0.000000e+00 0.000000e+00 0.000000e+00 0.000000e+00 0.000000e+00
2.500000e+01 WAE 7 0 0 4.384687e-02 2.328659e-01 6.728582e-01 1.114410e-02 3.764967e-02 1.635208e-03 0.000000e+00 0.000000e+00 0.000000e+00 0.000000e+00 0.000000e+00 0.000000e+00 0.000000e+00 0.000000e+00 0.000000e+00
2.500000e+01 YPH 0 0 0 0.000000e+00 0.000000e+00 0.000000e+00 0.000000e+00 8.251096e-03 3.583503e-03 0.000000e+00 0.000000e+00 9.004436e-01 8.760051e-02 1.572253e-05 0.000000e+00 8.571006e-05 1.981625e-05 1.619330e-13
2.500000e+01 YPH 1 0 0 0.000000e+00 0.000000e+00 0.000000e+00 0.000000e+00 8.452134e-03 3.670858e-03 0.000000e+00 0.000000e+00 9.001809e-01 8.757490e-02 1.571420e-05 0.000000e+00 8.566250e-05 1.980395e-05 1.618555e-13
2.500000e+01 YPH 2 0 0 0.000000e+00 0.000000e+00 0.000000e+00 1.109534e-05 2.327818e-03 1.010987e-03 0.000000e+00 0.000000e+00 9.082643e-01 8.836128e-02 3.178164e-06 0.000000e+00 1.732272e-05 4.000546e-06 3.275980e-14
2.500000e+01 YPH 3 0 0 0.000000e+00 1.578157e-04 0.000000e+00 1.109343e-05 2.326301e-03 1.010330e-03 0.000000e+00 0.000000e+00 9.081225e-01 8.834748e-02 3.177615e-06 0.000000e+00 1.731971e-05 3.999846e-06 3.275410e-14
2.500000e+01 YPH 4 0 0 0.000000e+00 1.578167e-04 0.000000e+00 1.109348e-05 2.326865e-03 1.010575e-03 0.000000e+00 0.000000e+00 9.081217e-01 8.834740e-02 3.177657e-06 0.000000e+00 1.731992e-05 3.999865e-06 3.275456e-14
2.500000e+01 YPH 5 0 0 0.000000e+00 1.578125e-04 0.000000e+00 1.109319e-05 2.324322e-03 1.009471e-03 0.000000e+00 0.000000e+00 9.081251e-01 8.834773e-02 3.177526e-06 0.000000e+00 1.731922e-05 3.999747e-06 3.275311e-14
2.500000e+01 YPH 6 0 0 0.000000e+00 3.690660e-04 0.000000e+00 1.109160e-05 2.330942e-03 1.012346e-03 0.000000e+00 0.000000e+00 9.079239e-01 8.832815e-02 3.177229e-06 0.000000e+00 1.731755e-05 3.999212e-06 3.275032e-14
2.500000e+01 GZS 0 0 0 0.000000e+00 0.000000e+00 0.000000e+00 0.000000e+00 0.000000e+00 2.528441e-03 0.000000e+00 0.000000e+00 9.090348e-01 8.843671e-02 0.000000e+00 0.000000e+00 0.000000e+00 0.000000e+00 0.000000e+00
2.500000e+01 GZS 1 0 0 0.000000e+00 0.000000e+00 0.000000e+00 0.000000e+00 0.000000e+00 0.000000e+00 9.698902e-04 9.698902e-04 9.980602e-01 0.000000e+00 0.000000e+00 0.000000e+00 0.000000e+00 0.000000e+00 0.000000e+00
2.500000e+01 GZS 2 0 0 0.000000e+00 0.000000e+00 0.000000e+00 0.000000e+00 0.000000e+00 0.000000e+00 9.700432e-04 9.700432e-04 9.980599e-01 0.000000e+00 0.000000e+00 0.000000e+00 0.000000e+00 0.000000e+00 0.000000e+00
2.500000e+01 GZS 3 0 0 0.000000e+00 0.000000e+00 0.000000e+00 0.000000e+00 0.000000e+00 0.000000e+00 9.704913e-04 9.704913e-04 9.980590e-01 0.000000e+00 0.000000e+00 0.000000e+00 0.000000e+00 0.000000e+00 0.000000e+00
2.500000e+01 GZS 4 0 0 0.000000e+00 0.000000e+00 0.000000e+00 0.000000e+00 0.000000e+00 0.000000e+00 9.706426e-04 9.706426e-04 9.980587e-01 0.000000e+00 0.000000e+00 0.000000e+00 0.000000e+00 0.000000e+00 0.000000e+00
2.500000e+01 RDG 0 0 0 0.000000e+00 0.000000e+00 0.000000e+00 0.000000e+00 1.303290e-02 4.245213e-03 0.000000e+00 0.000000e+00 8.944889e-01 8.702124e-02 1.646429e-04 0.000000e+00 8.503662e-04 1.967295e-04 1.605806e-12
2.500000e+01 RDG 1 0 0 0.000000e+00 0.000000e+00 0.000000e+00 0.000000e+00 1.323067e-02 4.309625e-03 0.000000e+00 0.000000e+00 8.942503e-01 8.699805e-02 1.645855e-04 0.000000e+00 8.500676e-04 1.966610e-04 1.605287e-12
2.500000e+01 RDG 2 0 0 0.000000e+00 0.000000e+00 0.000000e+00 0.000000e+00 7.036283e-01 1.528005e-02 0.000000e+00 0.000000e+00 0.000000e+00 0.000000e+00 3.816901e-02 0.000000e+00 1.971880e-01 4.573460e-02 3.716718e-10
2.500000e+01 RDG 3 0 0 0.000000e+00 0.000000e+00 0.000000e+00 0.000000e+00 2.914182e-01 6.328475e-03 0.000000e+00 0.000000e+00 0.000000e+00 0.000000e+00 9.535837e-02 0.000000e+00 4.926346e-01 1.142604e-01 9.285028e-10
2.500000e+01 RDG 4 0 0 0.000000e+00 0.000000e+00 0.000000e+00 0.000000e+00 3.588118e-01 7.792003e-03 0.000000e+00 0.000000e+00 0.000000e+00 0.000000e+00 8.600814e-02 0.000000e+00 4.443312e-01 1.030568e-01 8.374704e-10
2.500000e+01 DRE 0 0 1 0.000000e+00 0.000000e+00 0.000000e+00 0.000000e+00 0.000000e+00 0.000000e+00 1.064827e-05 1.064827e-05 9.111763e-01 8.864424e-02 0.000000e+00 0.000000e+00 5.149858e-05 1.066453e-04 1.064827e-13
2.500000e+01 CHI 0 0 1 0.000000e+00 0.000000e+00 0.000000e+00 0.000000e+00 0.000000e+00 0.000000e+00 0.000000e+00 0.000000e+00 0.000000e+00 0.000000e+00 0.000000e+00 0.000000e+00 7.440261e-01 2.559739e-01 8.879152e-12
2.500000e+01 CAL 0 0 1 0.000000e+00 0.000000e+00 0.000000e+00 0.000000e+00 0.000000e+00 0.000000e+00 2.002853e-01 2.002853e-01 0.000000e+00 0.000000e+00 0.000000e+00 0.000000e+00 4.893803e-01 1.100491e-01 9.482600e-10
2.500000e+01 ROT 0 0 1 0.000000e+00 0.000000e+00 0.000000e+00 0.000000e+00 0.000000e+00 0.000000e+00 2.002853e-01 2.002853e-01 0.000000e+00 0.000000e+00 0.000000e+00 0.000000e+00 4.893803e-01 1.100492e-01 9.482596e-10
3.000000e+01 WAE 0 0 0 0.000000e+00 1.846868e-02 0.000000e+00 5.689795e-04 0.000000e+00 2.536803e-03 0.000000e+00 0.000000e+00 8.916407e-01 8.678488e-02 0.000000e+00 0.000000e+00 0.000000e+00 0.000000e+00 0.000000e+00
3.000000e+01 WAE 1 0 0 0.000000e+00 1.818227e-02 1.545206e-02 5.601382e-04 0.000000e+00 2.506685e-03 0.000000e+00 0.000000e+00 8.778557e-01 8.544312e-02 0.000000e+00 0.000000e+00 0.000000e+00 0.000000e+00 0.000000e+00
3.000000e+01 WAE 2 0 0 0.000000e+00 5.009215e-01 4.256055e-01 2.418677e-02 4.724573e-02 2.040441e-03 0.000000e+00 0.000000e+00 0.000000e+00 0.000000e+00 0.000000e+00 0.000000e+00 0.000000e+00 0.000000e+00 0.000000e+00
3.000000e+01 WAE 3 0 0 8.624412e-02 4.532345e-01 3.851105e-01 2.188431e-02 5.131058e-02 2.215994e-03 0.000000e+00 0.000000e+00 0.000000e+00 0.000000e+00 0.000000e+00 0.000000e+00 0.000000e+00 0.000000e+00 0.000000e+00
3.000000e+01 WAE 4 0 0 8.618051e-02 4.529003e-01 3.848254e-01 2.186817e-02 5.198064e-02 2.244933e-03 0.000000e+00 0.000000e+00 0.000000e+00 0.000000e+00 0.000000e+00 0.000000e+00 0.000000e+00 0.000000e+00 0.000000e+00
3.000000e+01 WAE 5 0 0 4.326325e-02 2.273573e-01 6.758163e-01 1.097797e-02 4.082213e-02 1.763021e-03 0.000000e+00 0.000000e+00 0.000000e+00 0.000000e+00 0.000000e+00 0.000000e+00 0.000000e+00 0.000000e+00 0.000000e+00
3.000000e+01 WAE 6 0 0 4.345941e-02 2.283891e-01 6.788751e-01 1.102775e-02 3.666513e-02 1.583490e-03 0.000000e+00 0.000000e+00 0.000000e+00 0.000000e+00 0.000000e+00 0.000000e+00 0.000000e+00 0.000000e+00 0.000000e+00
3.000000e+01 WAE 7 0 0 4.342888e-02 2.282286e-01 6.783989e-01 1.102000e-02 3.731226e-02 1.611438e-03 0.000000e+00 0.000000e+00 0.000000e+00 0.000000e+00 0.000000e+00 0.000000e+00 0.000000e+00 0.000000e+00 0.000000e+00
3.000000e+01 YPH 0 0 0 0.000000e+00 0.000000e+00 0.000000e+00 0.000000e+00 8.244752e-03 3.560596e-03 0.000000e+00 0.000000e+00 9.004311e-01 8.764047e-02 1.574201e-05 0.000000e+00 8.658542e-05 2.074636e-05 1.621341e-13
3.000000e+01 YPH 1 0 0 0.000000e+00 0.000000e+00 0.000000e+00 0.000000e+00 8.444750e-03 3.647014e-03 0.000000e+00 0.000000e+00 9.001702e-01 8.761502e-02 1.573369e-05 0.000000e+00 8.653712e-05 2.073291e-05 1.620566e-13
3.000000e+01 YPH 2 0 0 0.000000e+00 0.000000e+00 0.000000e+00 1.159338e-05 2.323633e-03 1.003491e-03 0.000000e+00 0.000000e+00 9.082363e-01 8.840009e-02 3.182033e-06 0.000000e+00 1.749848e-05 4.186571e-06 3.279972e-14
3.000000e+01 YPH 3 0 0 0.000000e+00 1.628251e-04 0.000000e+00 1.159131e-05 2.322104e-03 1.002831e-03 0.000000e+00 0.000000e+00 9.080899e-01 8.838584e-02 3.181467e-06 0.000000e+00 1.749535e-05 4.185817e-06 3.279385e-14
3.000000e+01 YPH 4 0 0 0.000000e+00 1.628261e-04 0.000000e+00 1.159137e-05 2.322671e-03 1.003077e-03 0.000000e+00 0.000000e+00 9.080892e-01 8.838576e-02 3.181509e-06 0.000000e+00 1.749556e-05 4.185833e-06 3.279431e-14
3.000000e+01 YPH 5 0 0 0.000000e+00 1.628217e-04 0.000000e+00 1.159106e-05 2.320119e-03 1.001975e-03 0.000000e+00 0.000000e+00 9.080925e-01 8.838609e-02 3.181378e-06 0.000000e+00 1.749486e-05 4.185717e-06 3.279285e-14
3.000000e+01 YPH 6 0 0 0.000000e+00 2.905485e-04 0.000000e+00 1.159040e-05 2.326909e-03 1.004908e-03 0.000000e+00 0.000000e+00 9.079673e-01 8.837388e-02 3.181348e-06 0.000000e+00 1.749463e-05 4.185490e-06 3.279282e-14
3.000000e+01 GZS 0 0 0 0.000000e+00 0.000000e+00 0.000000e+00 0.000000e+00 0.000000e+00 2.509869e-03 0.000000e+00 0.000000e+00 9.090139e-01 8.847624e-02 0.000000e+00 0.000000e+00 0.000000e+00 0.000000e+00 0.000000e+00
3.000000e+01 GZS 1 0 0 0.000000e+00 0.000000e+00 0.000000e+00 0.000000e+00 0.000000e+00 0.000000e+00 9.710943e-04 9.710943e-04 9.980578e-01 0.000000e+00 0.000000e+00 0.000000e+00 0.000000e+00 0.000000e+00 0.000000e+00
3.000000e+01 GZS 2 0 0 0.000000e+00 0.000000e+00 0.000000e+00 0.000000e+00 0.000000e+00 0.000000e+00 9.712483e-04 9.712483e-04 9.980575e-01 0.000000e+00 0.000000e+00 0.000000e+00 0.000000e+00 0.000000e+00 0.000000e+00
3.000000e+01 GZS 3 0 0 0.000000e+00 0.000000e+00 0.000000e+00 0.000000e+00 0.000000e+00 0.000000e+00 9.716973e-04 9.716973e-04 9.980566e-01 0.000000e+00 0.000000e+00 0.000000e+00 0.000000e+00 0.000000e+00 0.000000e+00
3.000000e+01 GZS 4 0 0 0.000000e+00 0.000000e+00 0.000000e+00 0.000000e+00 0.000000e+00 0.000000e+00 9.718489e-04 9.718489e-04 9.980563e-01 0.000000e+00 0.000000e+00 0.000000e+00 0.000000e+00 0.000000e+00 0.000000e+00
3.000000e+01 RDG 0 0 0 0.000000e+00 0.000000e+00 0.000000e+00 0.000000e+00 1.302740e-02 4.219539e-03 0.000000e+00 0.000000e+00 8.944635e-01 8.705967e-02 1.648444e-04 0.000000e+00 8.590586e-04 2.060031e-04 1.607776e-12
3.000000e+01 RDG 1 0 0 0.000000e+00 0.000000e+00 0.000000e+00 0.000000e+00 1.322470e-02 4.283437e-03 0.000000e+00 0.000000e+00 8.942258e-01 8.703656e-02 1.647871e-04 0.000000e+00 8.587570e-04 2.059295e-04 1.607258e-12
3.000000e+01 RDG 2 0 0 0.000000e+00 0.000000e+00 0.000000e+00 0.000000e+00 7.009689e-01 1.513668e-02 0.000000e+00 0.000000e+00 0.000000e+00 0.000000e+00 3.801876e-02 0.000000e+00 1.981944e-01 4.768127e-02 3.702088e-10
3.000000e+01 RDG 3 0 0 0.000000e+00 0.000000e+00 0.000000e+00 0.000000e+00 2.887107e-01 6.234415e-03 0.000000e+00 0.000000e+00 0.000000e+00 0.000000e+00 9.442028e-02 0.000000e+00 4.922156e-01 1.184190e-01 9.193682e-10
3.000000e+01 RDG 4 0 0 0.000000e+00 0.000000e+00 0.000000e+00 0.000000e+00 3.557794e-01 7.682695e-03 0.000000e+00 0.000000e+00 0.000000e+00 0.000000e+00 8.524438e-02 0.000000e+00 4.443826e-01 1.069110e-01 8.300333e-10
3.000000e+01 DRE 0 0 1 0.000000e+00 0.000000e+00 0.000000e+00 0.000000e+00 0.000000e+00 0.000000e+00 1.066108e-05 1.066108e-05 9.111379e-01 8.868216e-02 0.000000e+00 0.000000e+00 5.180190e-05 1.068307e-04 1.066108e-13
3.000000e+01 CHI 0 0 1 0.000000e+00 0.000000e+00 0.000000e+00 0.000000e+00 0.000000e+00 0.000000e+00 0.000000e+00 0.000000e+00 0.000000e+00 0.000000e+00 0.000000e+00 0.000000e+00 7.305910e-01 2.694090e-01 8.754746e-12
3.000000e+01 CAL 0 0 1 0.000000e+00 0.000000e+00 0.000000e+00 0.000000e+00 0.000000e+00 0.000000e+00 1.987717e-01 1.987717e-01 0.000000e+00 0.000000e+00 0.000000e+00 0.000000e+00 4.894770e-01 1.129796e-01 9.410937e-10
3.000000e+01 ROT 0 0 1 0.000000e+00 0.000000e+00 0.000000e+00 0.000000e+00 0.000000e+00 0.000000e+00 1.987716e-01 1.987716e-01 0.000000e+00 0.000000e+00 0.000000e+00 0.000000e+00 4.894770e-01 1.129798e-01 9.410933e-10
3.500000e+01 WAE 0 0 0 0.000000e+00 1.882294e-02 0.000000e+00 5.943536e-04 0.000000e+00 2.516703e-03 0.000000e+00 0.000000e+00 8.912757e-01 8.679030e-02 0.000000e+00 0.000000e+00 0.000000e+00 0.000000e+00 0.000000e+00
3.500000e+01 WAE 1 0 0 0.000000e+00 1.848799e-02 1.772762e-02 5.837587e-04 0.000000e+00 2.482295e-03 0.000000e+00 0.000000e+00 8.754675e-01 8.525088e-02 0.000000e+00 0.000000e+00 0.000000e+00 0.000000e+00 0.000000e+00
3.500000e+01 WAE 2 0 0 0.000000e+00 4.742684e-01 4.546422e-01 2.311242e-02 4.600241e-02 1.974556e-03 0.000000e+00 0.000000e+00 0.000000e+00 0.000000e+00 0.000000e+00 0.000000e+00 0.000000e+00 0.000000e+00 0.000000e+00
3.500000e+01 WAE 3 0 0 8.286450e-02 4.309768e-01 4.131673e-01 2.100280e-02 4.984897e-02 2.139662e-03 0.000000e+00 0.000000e+00 0.000000e+00 0.000000e+00 0.000000e+00 0.000000e+00 0.000000e+00 0.000000e+00 0.000000e+00
3.500000e+01 WAE 4 0 0 8.280761e-02 4.306810e-01 4.128825e-01 2.098838e-02 5.047397e-02 2.166490e-03 0.000000e+00 0.000000e+00 0.000000e+00 0.000000e+00 0.000000e+00 0.000000e+00 0.000000e+00 0.000000e+00 0.000000e+00
3.500000e+01 WAE 5 0 0 4.274685e-02 2.223236e-01 6.820404e-01 1.083459e-02 4.032374e-02 1.730813e-03 0.000000e+00 0.000000e+00 0.000000e+00 0.000000e+00 0.000000e+00 0.000000e+00 0.000000e+00 0.000000e+00 0.000000e+00
3.500000e+01 WAE 6 0 0 4.293232e-02 2.232892e-01 6.849931e-01 1.088160e-02 3.634382e-02 1.559984e-03 0.000000e+00 0.000000e+00 0.000000e+00 0.000000e+00 0.000000e+00 0.000000e+00 0.000000e+00 0.000000e+00 0.000000e+00
3.500000e+01 WAE 7 0 0 4.290346e-02 2.231390e-01 6.845334e-01 1.087429e-02 3.696329e-02 1.586574e-03 0.000000e+00 0.000000e+00 0.000000e+00 0.000000e+00 0.000000e+00 0.000000e+00 0.000000e+00 0.000000e+00 0.000000e+00
3.500000e+01 YPH 0 0 0 0.000000e+00 0.000000e+00 0.000000e+00 0.000000e+00 8.239136e-03 3.536329e-03 0.000000e+00 0.000000e+00 9.004187e-01 8.768063e-02 1.576248e-05 0.000000e+00 8.758679e-05 2.181796e-05 1.623454e-13
3.500000e+01 YPH 1 0 0 0.000000e+00 0.000000e+00 0.000000e+00 0.000000e+00 8.438096e-03 3.621776e-03 0.000000e+00 0.000000e+00 9.001597e-01 8.765535e-02 1.575417e-05 0.000000e+00 8.753765e-05 2.180319e-05 1.622680e-13
3.500000e+01 YPH 2 0 0 0.000000e+00 0.000000e+00 0.000000e+00 1.211501e-05 2.319608e-03 9.956034e-04 0.000000e+00 0.000000e+00 9.082083e-01 8.843909e-02 3.186104e-06 0.000000e+00 1.769962e-05 4.400900e-06 3.284172e-14
3.500000e+01 YPH 3 0 0 0.000000e+00 1.680114e-04 0.000000e+00 1.211279e-05 2.318065e-03 9.949426e-04 0.000000e+00 0.000000e+00 9.080572e-01 8.842437e-02 3.185521e-06 0.000000e+00 1.769636e-05 4.400086e-06 3.283567e-14
3.500000e+01 YPH 4 0 0 0.000000e+00 1.680125e-04 0.000000e+00 1.211284e-05 2.318634e-03 9.951874e-04 0.000000e+00 0.000000e+00 9.080565e-01 8.842429e-02 3.185563e-06 0.000000e+00 1.769657e-05 4.400098e-06 3.283612e-14
3.500000e+01 YPH 5 0 0 0.000000e+00 1.680080e-04 0.000000e+00 1.211253e-05 2.316074e-03 9.940888e-04 0.000000e+00 0.000000e+00 9.080598e-01 8.842462e-02 3.185431e-06 0.000000e+00 1.769586e-05 4.399985e-06 3.283467e-14
3.500000e+01 YPH 6 0 0 0.000000e+00 1.680204e-04 0.000000e+00 1.211337e-05 2.323113e-03 9.971106e-04 0.000000e+00 0.000000e+00 9.080506e-01 8.842371e-02 3.185810e-06 0.000000e+00 1.769787e-05 4.400278e-06 3.283884e-14
3.500000e+01 GZS 0 0 0 0.000000e+00 0.000000e+00 0.000000e+00 0.000000e+00 0.000000e+00 2.490355e-03 0.000000e+00 0.000000e+00 9.089936e-01 8.851603e-02 0.000000e+00 0.000000e+00 0.000000e+00 0.000000e+00 0.000000e+00
3.500000e+01 GZS 1 0 0 0.000000e+00 0.000000e+00 0.000000e+00 0.000000e+00 0.000000e+00 0.000000e+00 9.723605e-04 9.723605e-04 9.980553e-01 0.000000e+00 0.000000e+00 0.000000e+00 0.000000e+00 0.000000e+00 0.000000e+00
3.500000e+01 GZS 2 0 0 0.000000e+00 0.000000e+00 0.000000e+00 0.000000e+00 0.000000e+00 0.000000e+00 9.725148e-04 9.725148e-04 9.980550e-01 0.000000e+00 0.000000e+00 0.000000e+00 0.000000e+00 0.000000e+00 0.000000e+00
3.500000e+01 GZS 3 0 0 0.000000e+00 0.000000e+00 0.000000e+00 0.000000e+00 0.000000e+00 0.000000e+00 9.729647e-04 9.729647e-04 9.980541e-01 0.000000e+00 0.000000e+00 0.000000e+00 0.000000e+00 0.000000e+00 0.000000e+00
3.500000e+01 GZS 4 0 0 0.000000e+00 0.000000e+00 0.000000e+00 0.000000e+00 0.000000e+00 0.000000e+00 9.731167e-04 9.731167e-04 9.980538e-01 0.000000e+00 0.000000e+00 0.000000e+00 0.000000e+00 0.000000e+00 0.000000e+00
3.500000e+01 RDG 0 0 0 0.000000e+00 0.000000e+00 0.000000e+00 0.000000e+00 1.302300e-02 4.192223e-03 0.000000e+00 0.000000e+00 8.944359e-01 8.709808e-02 1.650560e-04 0.000000e+00 8.690010e-04 2.166870e-04 1.609844e-12
3.500000e+01 RDG 1 0 0 0.000000e+00 0.000000e+00 0.000000e+00 0.000000e+00 1.321985e-02 4.255582e-03 0.000000e+00 0.000000e+00 8.941992e-01 8.707505e-02 1.649987e-04 0.000000e+00 8.686961e-04 2.166075e-04 1.609326e-12
3.500000e+01 RDG 2 0 0 0.000000e+00 0.000000e+00 0.000000e+00 0.000000e+00 6.979245e-01 1.497848e-02 0.000000e+00 0.000000e+00 0.000000e+00 0.000000e+00 3.784690e-02 0.000000e+00 1.993453e-01 4.990487e-02 3.685352e-10
3.500000e+01 RDG 3 0 0 0.000000e+00 0.000000e+00 0.000000e+00 0.000000e+00 2.856529e-01 6.130545e-03 0.000000e+00 0.000000e+00 0.000000e+00 0.000000e+00 9.336153e-02 0.000000e+00 4.917457e-01 1.231093e-01 9.090586e-10
3.500000e+01 RDG 4 0 0 0.000000e+00 0.000000e+00 0.000000e+00 0.000000e+00 3.523474e-01 7.561908e-03 0.000000e+00 0.000000e+00 0.000000e+00 0.000000e+00 8.438060e-02 0.000000e+00 4.444433e-01 1.112667e-01 8.216222e-10
3.500000e+01 DRE 0 0 1 0.000000e+00 0.000000e+00 0.000000e+00 0.000000e+00 0.000000e+00 0.000000e+00 1.067457e-05 1.067457e-05 9.110992e-01 8.872025e-02 0.000000e+00 0.000000e+00 5.215619e-05 1.070318e-04 1.067457e-13
3.500000e+01 CHI 0 0 1 0.000000e+00 0.000000e+00 0.000000e+00 0.000000e+00 0.000000e+00 0.000000e+00 0.000000e+00 0.000000e+00 0.000000e+00 0.000000e+00 0.000000e+00 0.000000e+00 7.160208e-01 2.839792e-01 8.672751e-12
3.500000e+01 CAL 0 0 1 0.000000e+00 0.000000e+00 0.000000e+00 0.000000e+00 0.000000e+00 0.000000e+00 1.970495e-01 1.970495e-01 0.000000e+00 0.000000e+00 0.000000e+00 0.000000e+00 4.896035e-01 1.162976e-01 9.329397e-10
3.500000e+01 ROT 0 0 1 0.000000e+00 0.000000e+00 0.000000e+00 0.000000e+00 0.000000e+00 0.000000e+00 1.970494e-01 1.970494e-01 0.000000e+00 0.000000e+00 0.000000e+00 0.000000e+00 4.896034e-01 1.162978e-01 9.329393e-10
4.000000e+01 WAE 0 0 0 0.000000e+00 1.918930e-02 0.000000e+00 6.209605e-04 0.000000e+00 2.495513e-03 0.000000e+00 0.000000e+00 8.908994e-01 8.679479e-02 0.000000e+00 0.000000e+00 0.000000e+00 0.000000e+00 0.000000e+00
4.000000e+01 WAE 1 0 0 0.000000e+00 1.879758e-02 2.033403e-02 6.082646e-04 0.000000e+00 2.456238e-03 0.000000e+00 0.000000e+00 8.727749e-01 8.502898e-02 0.000000e+00 0.000000e+00 0.000000e+00 0.000000e+00 0.000000e+00
4.000000e+01 WAE 2 0 0 0.000000e+00 4.474331e-01 4.838596e-01 2.201408e-02 4.478393e-02 1.909334e-03 0.000000e+00 0.000000e+00 0.000000e+00 0.000000e+00 0.000000e+00 0.000000e+00 0.000000e+00 0.000000e+00 0.000000e+00
4.000000e+01 WAE 3 0 0 4.834865e-02 4.224661e-01 4.572320e-01 2.078705e-02 4.907402e-02 2.092238e-03 0.000000e+00 0.000000e+00 0.000000e+00 0.000000e+00 0.000000e+00 0.000000e+00 0.000000e+00 0.000000e+00 0.000000e+00
4.000000e+01 WAE 4 0 0 7.928175e-02 4.081511e-01 4.414067e-01 2.008148e-02 4.899027e-02 2.088671e-03 0.000000e+00 0.000000e+00 0.000000e+00 0.000000e+00 0.000000e+00 0.000000e+00 0.000000e+00 0.000000e+00 0.000000e+00
4.000000e+01 WAE 5 0 0 4.212333e-02 2.168533e-01 6.888460e-01 1.066952e-02 3.981056e-02 1.697300e-03 0.000000e+00 0.000000e+00 0.000000e+00 0.000000e+00 0.000000e+00 0.000000e+00 0.000000e+00 0.000000e+00 0.000000e+00
4.000000e+01 WAE 6 0 0 4.229769e-02 2.177519e-01 6.916894e-01 1.071369e-02 3.601197e-02 1.535350e-03 0.000000e+00 0.000000e+00 0.000000e+00 0.000000e+00 0.000000e+00 0.000000e+00 0.000000e+00 0.000000e+00 0.000000e+00
4.000000e+01 WAE 7 0 0 4.227057e-02 2.176121e-01 6.912468e-01 1.070682e-02 3.660312e-02 1.560554e-03 0.000000e+00 0.000000e+00 0.000000e+00 0.000000e+00 0.000000e+00 0.000000e+00 0.000000e+00 0.000000e+00 0.000000e+00
4.000000e+01 YPH 0 0 0 0.000000e+00 0.000000e+00 0.000000e+00 0.000000e+00 8.234346e-03 3.510502e-03 0.000000e+00 0.000000e+00 9.004066e-01 8.772102e-02 1.578411e-05 0.000000e+00 8.872331e-05 2.304061e-05 1.625686e-13
4.000000e+01 YPH 1 0 0 0.000000e+00 0.000000e+00 0.000000e+00 0.000000e+00 8.432271e-03 3.594937e-03 0.000000e+00 0.000000e+00 9.001494e-01 8.769590e-02 1.577580e-05 0.000000e+00 8.867320e-05 2.302434e-05 1.624913e-13
4.000000e+01 YPH 2 0 0 0.000000e+00 0.000000e+00 0.000000e+00 4.301477e-06 2.315778e-03 9.872746e-04 0.000000e+00 0.000000e+00 9.081879e-01 8.847903e-02 3.190432e-06 0.000000e+00 1.792808e-05 4.645486e-06 3.288637e-14
4.000000e+01 YPH 3 0 0 0.000000e+00 1.733942e-04 0.000000e+00 1.265995e-05 2.314207e-03 9.866062e-04 0.000000e+00 0.000000e+00 9.080243e-01 8.846309e-02 3.189804e-06 0.000000e+00 1.792453e-05 4.644564e-06 3.287985e-14
4.000000e+01 YPH 4 0 0 0.000000e+00 1.733953e-04 0.000000e+00 1.266001e-05 2.314777e-03 9.868502e-04 0.000000e+00 0.000000e+00 9.080236e-01 8.846301e-02 3.189846e-06 0.000000e+00 1.792473e-05 4.644572e-06 3.288031e-14
4.000000e+01 YPH 5 0 0 0.000000e+00 1.733906e-04 0.000000e+00 1.265968e-05 2.312208e-03 9.857552e-04 0.000000e+00 0.000000e+00 9.080269e-01 8.846334e-02 3.189714e-06 0.000000e+00 1.792402e-05 4.644462e-06 3.287885e-14
4.000000e+01 YPH 6 0 0 0.000000e+00 1.734034e-04 0.000000e+00 1.266056e-05 2.319273e-03 9.887675e-04 0.000000e+00 0.000000e+00 9.080177e-01 8.846243e-02 3.190094e-06 0.000000e+00 1.792604e-05 4.644742e-06 3.288304e-14
4.000000e+01 GZS 0 0 0 0.000000e+00 0.000000e+00 0.000000e+00 0.000000e+00 0.000000e+00 2.469759e-03 0.000000e+00 0.000000e+00 9.089741e-01 8.855610e-02 0.000000e+00 0.000000e+00 0.000000e+00 0.000000e+00 0.000000e+00
4.000000e+01 GZS 1 0 0 0.000000e+00 0.000000e+00 0.000000e+00 0.000000e+00 0.000000e+00 0.000000e+00 9.736969e-04 9.736969e-04 9.980526e-01 0.000000e+00 0.000000e+00 0.000000e+00 0.000000e+00 0.000000e+00 0.000000e+00
4.000000e+01 GZS 2 0 0 0.000000e+00 0.000000e+00 0.000000e+00 0.000000e+00 0.000000e+00 0.000000e+00 9.738515e-04 9.738515e-04 9.980523e-01 0.000000e+00 0.000000e+00 0.000000e+00 0.000000e+00 0.000000e+00 0.000000e+00
4.000000e+01 GZS 3 0 0 0.000000e+00 0.000000e+00 0.000000e+00 0.000000e+00 0.000000e+00 0.000000e+00 9.743024e-04 9.743024e-04 9.980514e-01 0.000000e+00 0.000000e+00 0.000000e+00 0.000000e+00 0.000000e+00 0.000000e+00
4.000000e+01 GZS 4 0 0 0.000000e+00 0.000000e+00 0.000000e+00 0.000000e+00 0.000000e+00 0.000000e+00 9.744547e-04 9.744547e-04 9.980511e-01 0.000000e+00 0.000000e+00 0.000000e+00 0.000000e+00 0.000000e+00 0.000000e+00
4.000000e+01 RDG 0 0 0 0.000000e+00 0.000000e+00 0.000000e+00 0.000000e+00 1.301987e-02 4.163027e-03 0.000000e+00 0.000000e+00 8.944062e-01 8.713648e-02 1.652790e-04 0.000000e+00 8.802846e-04 2.288765e-04 1.612024e-12
4.000000e+01 RDG 1 0 0 0.000000e+00 0.000000e+00 0.000000e+00 0.000000e+00 1.321628e-02 4.225821e-03 0.000000e+00 0.000000e+00 8.941704e-01 8.711352e-02 1.652219e-04 0.000000e+00 8.799758e-04 2.287903e-04 1.611508e-12
4.000000e+01 RDG 2 0 0 0.000000e+00 0.000000e+00 0.000000e+00 0.000000e+00 6.944803e-01 1.480438e-02 0.000000e+00 0.000000e+00 0.000000e+00 0.000000e+00 3.765255e-02 0.000000e+00 2.006472e-01 5.241561e-02 3.666428e-10
4.000000e+01 RDG 3 0 0 0.000000e+00 0.000000e+00 0.000000e+00 0.000000e+00 2.822448e-01 6.016685e-03 0.000000e+00 0.000000e+00 0.000000e+00 0.000000e+00 9.218205e-02 0.000000e+00 4.912269e-01 1.283295e-01 8.975733e-10
4.000000e+01 RDG 4 0 0 0.000000e+00 0.000000e+00 0.000000e+00 0.000000e+00 3.485132e-01 7.429345e-03 0.000000e+00 0.000000e+00 0.000000e+00 0.000000e+00 8.341607e-02 0.000000e+00 4.445153e-01 1.161261e-01 8.122300e-10
4.000000e+01 DRE 0 0 1 0.000000e+00 0.000000e+00 0.000000e+00 0.000000e+00 0.000000e+00 0.000000e+00 1.068881e-05 1.068881e-05 9.110603e-01 8.875852e-02 0.000000e+00 0.000000e+00 5.255635e-05 1.072499e-04 1.068881e-13
4.000000e+01 CHI 0 0 1 0.000000e+00 0.000000e+00 0.000000e+00 0.000000e+00 0.000000e+00 0.000000e+00 0.000000e+00 0.000000e+00 0.000000e+00 0.000000e+00 0.000000e+00 0.000000e+00 7.005395e-01 2.994605e-01 8.622412e-12
4.000000e+01 CAL 0 0 1 0.000000e+00 0.000000e+00 0.000000e+00 0.000000e+00 0.000000e+00 0.000000e+00 1.951201e-01 1.951201e-01 0.000000e+00 0.000000e+00 0.000000e+00 0.000000e+00 4.897493e-01 1.200105e-01 9.238052e-10
4.000000e+01 ROT 0 0 1 0.000000e+00 0.000000e+00 0.000000e+00 0.000000e+00 0.000000e+00 0.000000e+00 1.951200e-01 1.951200e-01 0.000000e+00 0.000000e+00 0.000000e+00 0.000000e+00 4.897493e-01 1.200107e-01 9.238046e-10
4.500000e+01 WAE 0 0 0 0.000000e+00 1.956794e-02 0.000000e+00 6.488556e-04 0.000000e+00 2.473084e-03 0.000000e+00 0.000000e+00 8.905118e-01 8.679835e-02 0.000000e+00 0.000000e+00 0.000000e+00 0.000000e+00 0.000000e+00
4.500000e+01 WAE 1 0 0 0.000000e+00 1.910984e-02 2.331720e-02 6.336438e-04 0.000000e+00 2.428299e-03 0.000000e+00 0.000000e+00 8.697376e-01 8.477343e-02 0.000000e+00 0.000000e+00 0.000000e+00 0.000000e+00 0.000000e+00
4.500000e+01 WAE 2 0 0 0.000000e+00 4.206128e-01 5.130458e-01 2.089979e-02 4.359664e-02 1.844970e-03 0.000000e+00 0.000000e+00 0.000000e+00 0.000000e+00 0.000000e+00 0.000000e+00 0.000000e+00 0.000000e+00 0.000000e+00
4.500000e+01 WAE 3 0 0 0.000000e+00 4.183367e-01 5.102980e-01 2.078679e-02 4.852501e-02 2.053535e-03 0.000000e+00 0.000000e+00 0.000000e+00 0.000000e+00 0.000000e+00 0.000000e+00 0.000000e+00 0.000000e+00 0.000000e+00
4.500000e+01 WAE 4 0 0 7.565270e-02 3.854545e-01 4.701914e-01 1.915292e-02 4.753671e-02 2.011712e-03 0.000000e+00 0.000000e+00 0.000000e+00 0.000000e+00 0.000000e+00 0.000000e+00 0.000000e+00 0.000000e+00 0.000000e+00
4.500000e+01 WAE 5 0 0 4.140166e-02 2.109413e-01 6.962298e-01 1.048161e-02 3.928321e-02 1.662431e-03 0.000000e+00 0.000000e+00 0.000000e+00 0.000000e+00 0.000000e+00 0.000000e+00 0.000000e+00 0.000000e+00 0.000000e+00
4.500000e+01 WAE 6 0 0 4.156461e-02 2.117725e-01 6.989607e-01 1.052287e-02 3.566978e-02 1.509515e-03 0.000000e+00 0.000000e+00 0.000000e+00 0.000000e+00 0.000000e+00 0.000000e+00 0.000000e+00 0.000000e+00 0.000000e+00
4.500000e+01 WAE 7 0 0 4.153927e-02 2.116433e-01 6.985357e-01 1.051645e-02 3.623203e-02 1.533309e-03 0.000000e+00 0.000000e+00 0.000000e+00 0.000000e+00 0.000000e+00 0.000000e+00 0.000000e+00 0.000000e+00 0.000000e+00
4.500000e+01 YPH 0 0 0 0.000000e+00 0.000000e+00 0.000000e+00 0.000000e+00 8.230501e-03 3.482898e-03 0.000000e+00 0.000000e+00 9.003947e-01 8.776164e-02 1.580704e-05 0.000000e+00 9.001312e-05 2.443625e-05 1.628054e-13
4.500000e+01 YPH 1 0 0 0.000000e+00 0.000000e+00 0.000000e+00 0.000000e+00 8.427395e-03 3.566278e-03 0.000000e+00 0.000000e+00 9.001394e-01 8.773670e-02 1.579874e-05 0.000000e+00 8.996190e-05 2.441826e-05 1.627281e-13
4.500000e+01 YPH 2 0 0 0.000000e+00 0.000000e+00 0.000000e+00 3.485479e-06 2.312140e-03 9.784301e-04 0.000000e+00 0.000000e+00 9.081611e-01 8.851856e-02 3.195002e-06 0.000000e+00 1.818724e-05 4.924646e-06 3.293352e-14
4.500000e+01 YPH 3 0 0 0.000000e+00 1.789791e-04 0.000000e+00 1.323398e-05 2.310553e-03 9.777600e-04 0.000000e+00 0.000000e+00 9.079912e-01 8.850199e-02 3.194351e-06 0.000000e+00 1.818351e-05 4.923634e-06 3.292676e-14
4.500000e+01 YPH 4 0 0 0.000000e+00 1.789802e-04 0.000000e+00 1.323404e-05 2.311126e-03 9.780033e-04 0.000000e+00 0.000000e+00 9.079904e-01 8.850191e-02 3.194393e-06 0.000000e+00 1.818371e-05 4.923638e-06 3.292722e-14
4.500000e+01 YPH 5 0 0 0.000000e+00 1.789754e-04 0.000000e+00 1.323369e-05 2.308547e-03 9.769122e-04 0.000000e+00 0.000000e+00 9.079938e-01 8.850224e-02 3.194261e-06 0.000000e+00 1.818299e-05 4.923531e-06 3.292575e-14
4.500000e+01 YPH 6 0 0 0.000000e+00 1.789886e-04 0.000000e+00 1.323461e-05 2.315639e-03 9.799139e-04 0.000000e+00 0.000000e+00 9.079846e-01 8.850133e-02 3.194641e-06 0.000000e+00 1.818502e-05 4.923797e-06 3.292995e-14
4.500000e+01 GZS 0 0 0 0.000000e+00 0.000000e+00 0.000000e+00 0.000000e+00 0.000000e+00 2.447931e-03 0.000000e+00 0.000000e+00 9.089556e-01 8.859647e-02 0.000000e+00 0.000000e+00 0.000000e+00 0.000000e+00 0.000000e+00
4.500000e+01 GZS 1 0 0 0.000000e+00 0.000000e+00 0.000000e+00 0.000000e+00 0.000000e+00 0.000000e+00 9.751138e-04 9.751138e-04 9.980498e-01 0.000000e+00 0.000000e+00 0.000000e+00 0.000000e+00 0.000000e+00 0.000000e+00
4.500000e+01 GZS 2 0 0 0.000000e+00 0.000000e+00 0.000000e+00 0.000000e+00 0.000000e+00 0.000000e+00 9.752686e-04 9.752686e-04 9.980495e-01 0.000000e+00 0.000000e+00 0.000000e+00 0.000000e+00 0.000000e+00 0.000000e+00
4.500000e+01 GZS 3 0 0 0.000000e+00 0.000000e+00 0.000000e+00 0.000000e+00 0.000000e+00 0.000000e+00 9.757206e-04 9.757206e-04 9.980486e-01 0.000000e+00 0.000000e+00 0.000000e+00 0.000000e+00 0.000000e+00 0.000000e+00
4.500000e+01 GZS 4 0 0 0.000000e+00 0.000000e+00 0.000000e+00 0.000000e+00 0.000000e+00 0.000000e+00 9.758733e-04 9.758733e-04 9.980483e-01 0.000000e+00 0.000000e+00 0.000000e+00 0.000000e+00 0.000000e+00 0.000000e+00
4.500000e+01 RDG 0 0 0 0.000000e+00 0.000000e+00 0.000000e+00 0.000000e+00 1.301820e-02 4.131690e-03 0.000000e+00 0.000000e+00 8.943739e-01 8.717483e-02 1.655153e-04 0.000000e+00 8.930893e-04 2.427901e-04 1.614334e-12
4.500000e+01 RDG 1 0 0 0.000000e+00 0.000000e+00 0.000000e+00 0.000000e+00 1.321419e-02 4.193888e-03 0.000000e+00 0.000000e+00 8.941390e-01 8.715196e-02 1.654583e-04 0.000000e+00 8.927760e-04 2.426962e-04 1.613818e-12
4.500000e+01 RDG 2 0 0 0.000000e+00 0.000000e+00 0.000000e+00 0.000000e+00 6.905915e-01 1.461261e-02 0.000000e+00 0.000000e+00 0.000000e+00 0.000000e+00 3.743321e-02 0.000000e+00 2.021152e-01 5.524753e-02 3.645069e-10
4.500000e+01 RDG 3 0 0 0.000000e+00 0.000000e+00 0.000000e+00 0.000000e+00 2.784598e-01 5.892105e-03 0.000000e+00 0.000000e+00 0.000000e+00 0.000000e+00 9.087271e-02 0.000000e+00 4.906511e-01 1.341242e-01 8.848235e-10
4.500000e+01 RDG 4 0 0 0.000000e+00 0.000000e+00 0.000000e+00 0.000000e+00 3.442439e-01 7.284070e-03 0.000000e+00 0.000000e+00 0.000000e+00 0.000000e+00 8.234258e-02 0.000000e+00 4.445954e-01 1.215340e-01 8.017768e-10
4.500000e+01 DRE 0 0 1 0.000000e+00 0.000000e+00 0.000000e+00 0.000000e+00 0.000000e+00 0.000000e+00 1.070394e-05 1.070394e-05 9.110211e-01 8.879698e-02 0.000000e+00 0.000000e+00 5.300896e-05 1.074877e-04 1.070394e-13
4.500000e+01 CHI 0 0 1 0.000000e+00 0.000000e+00 0.000000e+00 0.000000e+00 0.000000e+00 0.000000e+00 0.000000e+00 0.000000e+00 0.000000e+00 0.000000e+00 0.000000e+00 0.000000e+00 6.849609e-01 3.150391e-01 8.581503e-12
4.500000e+01 CAL 0 0 1 0.000000e+00 0.000000e+00 0.000000e+00 0.000000e+00 0.000000e+00 0.000000e+00 1.929650e-01 1.929650e-01 0.000000e+00 0.000000e+00 0.000000e+00 0.000000e+00 4.899132e-01 1.241569e-01 9.136015e-10
4.500000e+01 ROT 0 0 1 0.000000e+00 0.000000e+00 0.000000e+00 0.000000e+00 0.000000e+00 0.000000e+00 1.929648e-01 1.929648e-01 0.000000e+00 0.000000e+00 0.000000e+00 0.000000e+00 4.899132e-01 1.241571e-01 9.136009e-10
5.000000e+01 WAE 0 0 0 0.000000e+00 1.996011e-02 0.000000e+00 6.781302e-04 0.000000e+00 2.449246e-03 0.000000e+00 0.000000e+00 8.901117e-01 8.680086e-02 0.000000e+00 0.000000e+00 0.000000e+00 0.000000e+00 0.000000e+00
5.000000e+01 WAE 1 0 0 0.000000e+00 1.958911e-02 1.842460e-02 6.655494e-04 0.000000e+00 2.415756e-03 0.000000e+00 0.000000e+00 8.737041e-01 8.520091e-02 0.000000e+00 0.000000e+00 0.000000e+00 0.000000e+00 0.000000e+00
5.000000e+01 WAE 2 0 0 0.000000e+00 3.940021e-01 5.419931e-01 1.977776e-02 4.244543e-02 1.781586e-03 0.000000e+00 0.000000e+00 0.000000e+00 0.000000e+00 0.000000e+00 0.000000e+00 0.000000e+00 0.000000e+00 0.000000e+00
5.000000e+01 WAE 3 0 0 0.000000e+00 3.920476e-01 5.393352e-01 1.967974e-02 4.696608e-02 1.971334e-03 0.000000e+00 0.000000e+00 0.000000e+00 0.000000e+00 0.000000e+00 0.000000e+00 0.000000e+00 0.000000e+00 0.000000e+00
5.000000e+01 WAE 4 0 0 7.193096e-02 3.627576e-01 4.990463e-01 1.820948e-02 4.611984e-02 1.935816e-03 0.000000e+00 0.000000e+00 0.000000e+00 0.000000e+00 0.000000e+00 0.000000e+00 0.000000e+00 0.000000e+00 0.000000e+00
5.000000e+01 WAE 5 0 0 4.057052e-02 2.046003e-01 7.041900e-01 1.027052e-02 3.874253e-02 1.626164e-03 0.000000e+00 0.000000e+00 0.000000e+00 0.000000e+00 0.000000e+00 0.000000e+00 0.000000e+00 0.000000e+00 0.000000e+00
5.000000e+01 WAE 6 0 0 4.072183e-02 2.053643e-01 7.068052e-01 1.030882e-02 3.531751e-02 1.482405e-03 0.000000e+00 0.000000e+00 0.000000e+00 0.000000e+00 0.000000e+00 0.000000e+00 0.000000e+00 0.000000e+00 0.000000e+00
5.000000e+01 WAE 7 0 0 4.069830e-02 2.052455e-01 7.063982e-01 1.030286e-02 3.585036e-02 1.504771e-03 0.000000e+00 0.000000e+00 0.000000e+00 0.000000e+00 0.000000e+00 0.000000e+00 0.000000e+00 0.000000e+00 0.000000e+00
5.000000e+01 YPH 0 0 0 0.000000e+00 0.000000e+00 0.000000e+00 0.000000e+00 8.227735e-03 3.453281e-03 0.000000e+00 0.000000e+00 9.003831e-01 8.780250e-02 1.583149e-05 0.000000e+00 9.148325e-05 2.603659e-05 1.630577e-13
5.000000e+01 YPH 1 0 0 0.000000e+00 0.000000e+00 0.000000e+00 0.000000e+00 8.423603e-03 3.535556e-03 0.000000e+00 0.000000e+00 9.001298e-01 8.777774e-02 1.582319e-05 0.000000e+00 9.143074e-05 2.601668e-05 1.629804e-13
5.000000e+01 YPH 2 0 0 0.000000e+00 0.000000e+00 0.000000e+00 3.633762e-06 2.308736e-03 9.690079e-04 0.000000e+00 0.000000e+00 9.081335e-01 8.855822e-02 3.199872e-06 0.000000e+00 1.848266e-05 5.244847e-06 3.298376e-14
5.000000e+01 YPH 3 0 0 0.000000e+00 1.847821e-04 0.000000e+00 1.383681e-05 2.307133e-03 9.683368e-04 0.000000e+00 0.000000e+00 9.079579e-01 8.854109e-02 3.199200e-06 0.000000e+00 1.847875e-05 5.243737e-06 3.297678e-14
5.000000e+01 YPH 4 0 0 0.000000e+00 1.847833e-04 0.000000e+00 1.383687e-05 2.307709e-03 9.685792e-04 0.000000e+00 0.000000e+00 9.079572e-01 8.854101e-02 3.199242e-06 0.000000e+00 1.847895e-05 5.243736e-06 3.297724e-14
5.000000e+01 YPH 5 0 0 0.000000e+00 1.847783e-04 0.000000e+00 1.383651e-05 2.305119e-03 9.674926e-04 0.000000e+00 0.000000e+00 9.079605e-01 8.854134e-02 3.199109e-06 0.000000e+00 1.847823e-05 5.243633e-06 3.297577e-14
5.000000e+01 YPH 6 0 0 0.000000e+00 1.847920e-04 0.000000e+00 1.383748e-05 2.312240e-03 9.704822e-04 0.000000e+00 0.000000e+00 9.079513e-01 8.854043e-02 3.199491e-06 0.000000e+00 1.848027e-05 5.243881e-06 3.297999e-14
5.000000e+01 GZS 0 0 0 0.000000e+00 0.000000e+00 0.000000e+00 0.000000e+00 0.000000e+00 2.424708e-03 0.000000e+00 0.000000e+00 9.089381e-01 8.863716e-02 0.000000e+00 0.000000e+00 0.000000e+00 0.000000e+00 0.000000e+00
5.000000e+01 GZS 1 0 0 0.000000e+00 0.000000e+00 0.000000e+00 0.000000e+00 0.000000e+00 0.000000e+00 9.766229e-04 9.766229e-04 9.980468e-01 0.000000e+00 0.000000e+00 0.000000e+00 0.000000e+00 0.000000e+00 0.000000e+00
5.000000e+01 GZS 2 0 0 0.000000e+00 0.000000e+00 0.000000e+00 0.000000e+00 0.000000e+00 0.000000e+00 9.767781e-04 9.767781e-04 9.980464e-01 0.000000e+00 0.000000e+00 0.000000e+00 0.000000e+00 0.000000e+00 0.000000e+00
5.000000e+01 GZS 3 0 0 0.000000e+00 0.000000e+00 0.000000e+00 0.000000e+00 0.000000e+00 0.000000e+00 9.772311e-04 9.772311e-04 9.980455e-01 0.000000e+00 0.000000e+00 0.000000e+00 0.000000e+00 0.000000e+00 0.000000e+00
5.000000e+01 GZS 4 0 0 0.000000e+00 0.000000e+00 0.000000e+00 0.000000e+00 0.000000e+00 0.000000e+00 9.773843e-04 9.773843e-04 9.980452e-01 0.000000e+00 0.000000e+00 0.000000e+00 0.000000e+00 0.000000e+00 0.000000e+00
5.000000e+01 RDG 0 0 0 0.000000e+00 0.000000e+00 0.000000e+00 0.000000e+00 1.301818e-02 4.097928e-03 0.000000e+00 0.000000e+00 8.943386e-01 8.721310e-02 1.657668e-04 0.000000e+00 9.076826e-04 2.587411e-04 1.616792e-12
5.000000e+01 RDG 1 0 0 0.000000e+00 0.000000e+00 0.000000e+00 0.000000e+00 1.321378e-02 4.159494e-03 0.000000e+00 0.000000e+00 8.941047e-01 8.719031e-02 1.657098e-04 0.000000e+00 9.073641e-04 2.586386e-04 1.616277e-12
5.000000e+01 RDG 2 0 0 0.000000e+00 0.000000e+00 0.000000e+00 0.000000e+00 6.861921e-01 1.440097e-02 0.000000e+00 0.000000e+00 0.000000e+00 0.000000e+00 3.718517e-02 0.000000e+00 2.037738e-01 5.844794e-02 3.620916e-10
5.000000e+01 RDG 3 0 0 0.000000e+00 0.000000e+00 0.000000e+00 0.000000e+00 2.742562e-01 5.755778e-03 0.000000e+00 0.000000e+00 0.000000e+00 0.000000e+00 8.941915e-02 0.000000e+00 4.900121e-01 1.405567e-01 8.706695e-10
5.000000e+01 RDG 4 0 0 0.000000e+00 0.000000e+00 0.000000e+00 0.000000e+00 3.394887e-01 7.124801e-03 0.000000e+00 0.000000e+00 0.000000e+00 0.000000e+00 8.114742e-02 0.000000e+00 4.446848e-01 1.275543e-01 7.901390e-10
5.000000e+01 DRE 0 0 1 0.000000e+00 0.000000e+00 0.000000e+00 0.000000e+00 0.000000e+00 0.000000e+00 1.072008e-05 1.072008e-05 9.109813e-01 8.883558e-02 0.000000e+00 0.000000e+00 5.352892e-05 1.081114e-04 1.072008e-13
5.000000e+01 CHI 0 0 1 0.000000e+00 0.000000e+00 0.000000e+00 0.000000e+00 0.000000e+00 0.000000e+00 0.000000e+00 0.000000e+00 0.000000e+00 0.000000e+00 0.000000e+00 0.000000e+00 6.701521e-01 3.298479e-01 8.529811e-12
5.000000e+01 CAL 0 0 1 0.000000e+00 0.000000e+00 0.000000e+00 0.000000e+00 0.000000e+00 0.000000e+00 1.905327e-01 1.905327e-01 0.000000e+00 0.000000e+00 0.000000e+00 0.000000e+00 4.900519e-01 1.288826e-01 9.020860e-10
5.000000e+01 ROT 0 0 1 0.000000e+00 0.000000e+00 0.000000e+00 0.000000e+00 0.000000e+00 0.000000e+00 1.905326e-01 1.905326e-01 0.000000e+00 0.000000e+00 0.000000e+00 0.000000e+00 4.900519e-01 1.288829e-01 9.020854e-10
5.500000e+01 WAE 0 0 0 0.000000e+00 2.036675e-02 0.000000e+00 7.088730e-04 0.000000e+00 2.423815e-03 0.000000e+00 0.000000e+00 8.896983e-01 8.680227e-02 0.000000e+00 0.000000e+00 0.000000e+00 0.000000e+00 0.000000e+00
5.500000e+01 WAE 1 0 0 0.000000e+00 2.036714e-02 0.000000e+00 7.088666e-04 0.000000e+00 2.424464e-03 0.000000e+00 0.000000e+00 8.896974e-01 8.680213e-02 0.000000e+00 0.000000e+00 0.000000e+00 0.000000e+00 0.000000e+00
5.500000e+01 WAE 2 0 0 0.000000e+00 3.677519e-01 5.705410e-01 1.865443e-02 4.133351e-02 1.719218e-03 0.000000e+00 0.000000e+00 0.000000e+00 0.000000e+00 0.000000e+00 0.000000e+00 0.000000e+00 0.000000e+00 0.000000e+00
5.500000e+01 WAE 3 0 0 0.000000e+00 3.660868e-01 5.679905e-01 1.857006e-02 4.546178e-02 1.890930e-03 0.000000e+00 0.000000e+00 0.000000e+00 0.000000e+00 0.000000e+00 0.000000e+00 0.000000e+00 0.000000e+00 0.000000e+00
5.500000e+01 WAE 4 0 0 6.813542e-02 3.401883e-01 5.278147e-01 1.725636e-02 4.474420e-02 1.861084e-03 0.000000e+00 0.000000e+00 0.000000e+00 0.000000e+00 0.000000e+00 0.000000e+00 0.000000e+00 0.000000e+00 0.000000e+00
5.500000e+01 WAE 5 0 0 3.962461e-02 1.978364e-01 7.127260e-01 1.003556e-02 3.818906e-02 1.588431e-03 0.000000e+00 0.000000e+00 0.000000e+00 0.000000e+00 0.000000e+00 0.000000e+00 0.000000e+00 0.000000e+00 0.000000e+00
5.500000e+01 WAE 6 0 0 3.976410e-02 1.985338e-01 7.152221e-01 1.007089e-02 3.495523e-02 1.453925e-03 0.000000e+00 0.000000e+00 0.000000e+00 0.000000e+00 0.000000e+00 0.000000e+00 0.000000e+00 0.000000e+00 0.000000e+00
5.500000e+01 WAE 7 0 0 3.974242e-02 1.984254e-01 7.148337e-01 1.006539e-02 3.545825e-02 1.474848e-03 0.000000e+00 0.000000e+00 0.000000e+00 0.000000e+00 0.000000e+00 0.000000e+00 0.000000e+00 0.000000e+00 0.000000e+00
5.500000e+01 YPH 0 0 0 0.000000e+00 0.000000e+00 0.000000e+00 0.000000e+00 8.226203e-03 3.421380e-03 0.000000e+00 0.000000e+00 9.003719e-01 8.784362e-02 1.585768e-05 0.000000e+00 9.316346e-05 2.788382e-05 1.633279e-13
5.500000e+01 YPH 1 0 0 0.000000e+00 0.000000e+00 0.000000e+00 0.000000e+00 8.421050e-03 3.502491e-03 0.000000e+00 0.000000e+00 9.001206e-01 8.781905e-02 1.584938e-05 0.000000e+00 9.310952e-05 2.786197e-05 1.632506e-13
5.500000e+01 YPH 2 0 0 0.000000e+00 0.000000e+00 0.000000e+00 3.789198e-06 2.305600e-03 9.589312e-04 0.000000e+00 0.000000e+00 9.081059e-01 8.859811e-02 3.205092e-06 0.000000e+00 1.882055e-05 5.615405e-06 3.303761e-14
5.500000e+01 YPH 3 0 0 0.000000e+00 1.908171e-04 0.000000e+00 1.447033e-05 2.303981e-03 9.582594e-04 0.000000e+00 0.000000e+00 9.079244e-01 8.858040e-02 3.204398e-06 0.000000e+00 1.881644e-05 5.614179e-06 3.303040e-14
5.500000e+01 YPH 4 0 0 0.000000e+00 1.908183e-04 0.000000e+00 1.447040e-05 2.304559e-03 9.585009e-04 0.000000e+00 0.000000e+00 9.079237e-01 8.858032e-02 3.204440e-06 0.000000e+00 1.881664e-05 5.614171e-06 3.303086e-14
5.500000e+01 YPH 5 0 0 0.000000e+00 1.908132e-04 0.000000e+00 1.447002e-05 2.301958e-03 9.574194e-04 0.000000e+00 0.000000e+00 9.079271e-01 8.858065e-02 3.204307e-06 0.000000e+00 1.881590e-05 5.614071e-06 3.302938e-14
5.500000e+01 YPH 6 0 0 0.000000e+00 1.908272e-04 0.000000e+00 1.447103e-05 2.309111e-03 9.603952e-04 0.000000e+00 0.000000e+00 9.079178e-01 8.857974e-02 3.204690e-06 0.000000e+00 1.881796e-05 5.614305e-06 3.303362e-14
5.500000e+01 GZS 0 0 0 0.000000e+00 0.000000e+00 0.000000e+00 0.000000e+00 0.000000e+00 2.399902e-03 0.000000e+00 0.000000e+00 9.089219e-01 8.867820e-02 0.000000e+00 0.000000e+00 0.000000e+00 0.000000e+00 0.000000e+00
5.500000e+01 GZS 1 0 0 0.000000e+00 0.000000e+00 0.000000e+00 0.000000e+00 0.000000e+00 0.000000e+00 9.782384e-04 9.782384e-04 9.980435e-01 0.000000e+00 0.000000e+00 0.000000e+00 0.000000e+00 0.000000e+00 0.000000e+00
5.500000e+01 GZS 2 0 0 0.000000e+00 0.000000e+00 0.000000e+00 0.000000e+00 0.000000e+00 0.000000e+00 9.783940e-04 9.783940e-04 9.980432e-01 0.000000e+00 0.000000e+00 0.000000e+00 0.000000e+00 0.000000e+00 0.000000e+00
5.500000e+01 GZS 3 0 0 0.000000e+00 0.000000e+00 0.000000e+00 0.000000e+00 0.000000e+00 0.000000e+00 9.788482e-04 9.788482e-04 9.980423e-01 0.000000e+00 0.000000e+00 0.000000e+00 0.000000e+00 0.000000e+00 0.000000e+00
5.500000e+01 GZS 4 0 0 0.000000e+00 0.000000e+00 0.000000e+00 0.000000e+00 0.000000e+00 0.000000e+00 9.790018e-04 9.790018e-04 9.980420e-01 0.000000e+00 0.000000e+00 0.000000e+00 0.000000e+00 0.000000e+00 0.000000e+00
5.500000e+01 RDG 0 0 0 0.000000e+00 0.000000e+00 0.000000e+00 0.000000e+00 1.302003e-02 4.061408e-03 0.000000e+00 0.000000e+00 8.942998e-01 8.725125e-02 1.660357e-04 0.000000e+00 9.243547e-04 2.771273e-04 1.619420e-12
5.500000e+01 RDG 1 0 0 0.000000e+00 0.000000e+00 0.000000e+00 0.000000e+00 1.321528e-02 4.122302e-03 0.000000e+00 0.000000e+00 8.940669e-01 8.722854e-02 1.659788e-04 0.000000e+00 9.240305e-04 2.770165e-04 1.618906e-12
5.500000e+01 RDG 2 0 0 0.000000e+00 0.000000e+00 0.000000e+00 0.000000e+00 6.812216e-01 1.416731e-02 0.000000e+00 0.000000e+00 0.000000e+00 0.000000e+00 3.690507e-02 0.000000e+00 2.056452e-01 6.206088e-02 3.593640e-10
5.500000e+01 RDG 3 0 0 0.000000e+00 0.000000e+00 0.000000e+00 0.000000e+00 2.696036e-01 5.606944e-03 0.000000e+00 0.000000e+00 0.000000e+00 0.000000e+00 8.781097e-02 0.000000e+00 4.893044e-01 1.476740e-01 8.550098e-10
5.500000e+01 RDG 4 0 0 0.000000e+00 0.000000e+00 0.000000e+00 0.000000e+00 3.342086e-01 6.950533e-03 0.000000e+00 0.000000e+00 0.000000e+00 0.000000e+00 7.982092e-02 0.000000e+00 4.447832e-01 1.342367e-01 7.772221e-10
5.500000e+01 DRE 0 0 1 0.000000e+00 0.000000e+00 0.000000e+00 0.000000e+00 0.000000e+00 0.000000e+00 1.073735e-05 1.073735e-05 9.109385e-01 8.887411e-02 0.000000e+00 0.000000e+00 5.418322e-05 1.117344e-04 1.073735e-13
5.500000e+01 CHI 0 0 1 0.000000e+00 0.000000e+00 0.000000e+00 0.000000e+00 0.000000e+00 0.000000e+00 0.000000e+00 0.000000e+00 0.000000e+00 0.000000e+00 0.000000e+00 0.000000e+00 6.565272e-01 3.434728e-01 8.457820e-12
5.500000e+01 CAL 0 0 1 0.000000e+00 0.000000e+00 0.000000e+00 0.000000e+00 0.000000e+00 0.000000e+00 1.876502e-01 1.876502e-01 0.000000e+00 0.000000e+00 0.000000e+00 0.000000e+00 4.899156e-01 1.347840e-01 8.884387e-10
5.500000e+01 ROT 0 0 1 0.000000e+00 0.000000e+00 0.000000e+00 0.000000e+00 0.000000e+00 0.000000e+00 1.876501e-01 1.876501e-01 0.000000e+00 0.000000e+00 0.000000e+00 0.000000e+00 4.899156e-01 1.347843e-01 8.884379e-10
6.000000e+01 WAE 0 0 0 0.000000e+00 2.078883e-02 0.000000e+00 7.411774e-04 0.000000e+00 2.396590e-03 0.000000e+00 0.000000e+00 8.892709e-01 8.680250e-02 0.000000e+00 0.000000e+00 0.000000e+00 0.000000e+00 0.000000e+00
6.000000e+01 WAE 1 0 0 0.000000e+00 2.078922e-02 0.000000e+00 7.411705e-04 0.000000e+00 2.397241e-03 0.000000e+00 0.000000e+00 8.892700e-01 8.680236e-02 0.000000e+00 0.000000e+00 0.000000e+00 0.000000e+00 0.000000e+00
6.000000e+01 WAE 2 0 0 0.000000e+00 3.420650e-01 5.984725e-01 1.753923e-02 4.026537e-02 1.657950e-03 0.000000e+00 0.000000e+00 0.000000e+00 0.000000e+00 0.000000e+00 0.000000e+00 0.000000e+00 0.000000e+00 0.000000e+00
6.000000e+01 WAE 3 0 0 0.000000e+00 3.406574e-01 5.960442e-01 1.746715e-02 4.401875e-02 1.812498e-03 0.000000e+00 0.000000e+00 0.000000e+00 0.000000e+00 0.000000e+00 0.000000e+00 0.000000e+00 0.000000e+00 0.000000e+00
6.000000e+01 WAE 4 0 0 6.430307e-02 3.179213e-01 5.562706e-01 1.630138e-02 4.341597e-02 1.787680e-03 0.000000e+00 0.000000e+00 0.000000e+00 0.000000e+00 0.000000e+00 0.000000e+00 0.000000e+00 0.000000e+00 0.000000e+00
6.000000e+01 WAE 5 0 0 3.856757e-02 1.906799e-01 7.218017e-01 9.777228e-03 3.762445e-02 1.549211e-03 0.000000e+00 0.000000e+00 0.000000e+00 0.000000e+00 0.000000e+00 0.000000e+00 0.000000e+00 0.000000e+00 0.000000e+00
6.000000e+01 WAE 6 0 0 3.869522e-02 1.913119e-01 7.241757e-01 9.809581e-03 3.458362e-02 1.424004e-03 0.000000e+00 0.000000e+00 0.000000e+00 0.000000e+00 0.000000e+00 0.000000e+00 0.000000e+00 0.000000e+00 0.000000e+00
6.000000e+01 WAE 7 0 0 3.867538e-02 1.912137e-01 7.238064e-01 9.804554e-03 3.505654e-02 1.443477e-03 0.000000e+00 0.000000e+00 0.000000e+00 0.000000e+00 0.000000e+00 0.000000e+00 0.000000e+00 0.000000e+00 0.000000e+00
6.000000e+01 YPH 0 0 0 0.000000e+00 0.000000e+00 0.000000e+00 0.000000e+00 8.226075e-03 3.386898e-03 0.000000e+00 0.000000e+00 9.003610e-01 8.788502e-02 1.588586e-05 0.000000e+00 9.508963e-05 3.002061e-05 1.636187e-13
6.000000e+01 YPH 1 0 0 0.000000e+00 0.000000e+00 0.000000e+00 0.000000e+00 8.419906e-03 3.466785e-03 0.000000e+00 0.000000e+00 9.001118e-01 8.786063e-02 1.587756e-05 0.000000e+00 9.503416e-05 2.999690e-05 1.635414e-13
6.000000e+01 YPH 2 0 0 0.000000e+00 0.000000e+00 0.000000e+00 3.952244e-06 2.302770e-03 9.481172e-04 0.000000e+00 0.000000e+00 9.080785e-01 8.863825e-02 3.210714e-06 0.000000e+00 1.920832e-05 6.045326e-06 3.309559e-14
6.000000e+01 YPH 3 0 0 0.000000e+00 5.935156e-05 0.000000e+00 1.513863e-05 2.301384e-03 9.475484e-04 0.000000e+00 0.000000e+00 9.080160e-01 8.863214e-02 3.210436e-06 0.000000e+00 1.920663e-05 6.044802e-06 3.309268e-14
6.000000e+01 YPH 4 0 0 0.000000e+00 1.970997e-04 0.000000e+00 1.513660e-05 2.301714e-03 9.476854e-04 0.000000e+00 0.000000e+00 9.078901e-01 8.861984e-02 3.210038e-06 0.000000e+00 1.920419e-05 6.043948e-06 3.308861e-14
6.000000e+01 YPH 5 0 0 0.000000e+00 1.970944e-04 0.000000e+00 1.513620e-05 2.299101e-03 9.466097e-04 0.000000e+00 0.000000e+00 9.078934e-01 8.862018e-02 3.209904e-06 0.000000e+00 1.920344e-05 6.043844e-06 3.308712e-14
6.000000e+01 YPH 6 0 0 0.000000e+00 1.971089e-04 0.000000e+00 1.513726e-05 2.306288e-03 9.495699e-04 0.000000e+00 0.000000e+00 9.078842e-01 8.861926e-02 3.210289e-06 0.000000e+00 1.920552e-05 6.044081e-06 3.309137e-14
6.000000e+01 GZS 0 0 0 0.000000e+00 0.000000e+00 0.000000e+00 0.000000e+00 0.000000e+00 2.373307e-03 0.000000e+00 0.000000e+00 9.089071e-01 8.871961e-02 0.000000e+00 0.000000e+00 0.000000e+00 0.000000e+00 0.000000e+00
6.000000e+01 GZS 1 0 0 0.000000e+00 0.000000e+00 0.000000e+00 0.000000e+00 0.000000e+00 0.000000e+00 9.799759e-04 9.799759e-04 9.980400e-01 0.000000e+00 0.000000e+00 0.000000e+00 0.000000e+00 0.000000e+00 0.000000e+00
6.000000e+01 GZS 2 0 0 0.000000e+00 0.000000e+00 0.000000e+00 0.000000e+00 0.000000e+00 0.000000e+00 9.801319e-04 9.801319e-04 9.980397e-01 0.000000e+00 0.000000e+00 0.000000e+00 0.000000e+00 0.000000e+00 0.000000e+00
6.000000e+01 GZS 3 0 0 0.000000e+00 0.000000e+00 0.000000e+00 0.000000e+00 0.000000e+00 0.000000e+00 9.805873e-04 9.805873e-04 9.980388e-01 0.000000e+00 0.000000e+00 0.000000e+00 0.000000e+00 0.000000e+00 0.000000e+00
6.000000e+01 GZS 4 0 0 0.000000e+00 0.000000e+00 0.000000e+00 0.000000e+00 0.000000e+00 0.000000e+00 9.807414e-04 9.807414e-04 9.980385e-01 0.000000e+00 0.000000e+00 0.000000e+00 0.000000e+00 0.000000e+00 0.000000e+00
6.000000e+01 RDG 0 0 0 0.000000e+00 0.000000e+00 0.000000e+00 0.000000e+00 1.302402e-02 4.021772e-03 0.000000e+00 0.000000e+00 8.942568e-01 8.728923e-02 1.663247e-04 0.000000e+00 9.434555e-04 2.983618e-04 1.622243e-12
6.000000e+01 RDG 1 0 0 0.000000e+00 0.000000e+00 0.000000e+00 0.000000e+00 1.321893e-02 4.081951e-03 0.000000e+00 0.000000e+00 8.940249e-01 8.726660e-02 1.662678e-04 0.000000e+00 9.431253e-04 2.982432e-04 1.621730e-12
6.000000e+01 RDG 2 0 0 0.000000e+00 0.000000e+00 0.000000e+00 0.000000e+00 6.756104e-01 1.390933e-02 0.000000e+00 0.000000e+00 0.000000e+00 0.000000e+00 3.658900e-02 0.000000e+00 2.077551e-01 6.613617e-02 3.562863e-10
6.000000e+01 RDG 3 0 0 0.000000e+00 0.000000e+00 0.000000e+00 0.000000e+00 2.644702e-01 5.444879e-03 0.000000e+00 0.000000e+00 0.000000e+00 0.000000e+00 8.603728e-02 0.000000e+00 4.885235e-01 1.555241e-01 8.377384e-10
6.000000e+01 RDG 4 0 0 0.000000e+00 0.000000e+00 0.000000e+00 0.000000e+00 3.283622e-01 6.760278e-03 0.000000e+00 0.000000e+00 0.000000e+00 0.000000e+00 7.835273e-02 0.000000e+00 4.448917e-01 1.416331e-01 7.629255e-10
6.000000e+01 DRE 0 0 1 0.000000e+00 0.000000e+00 0.000000e+00 0.000000e+00 0.000000e+00 0.000000e+00 1.075591e-05 1.075591e-05 9.108914e-01 8.891247e-02 0.000000e+00 0.000000e+00 5.505031e-05 1.195230e-04 1.075591e-13
6.000000e+01 CHI 0 0 1 0.000000e+00 0.000000e+00 0.000000e+00 0.000000e+00 0.000000e+00 0.000000e+00 0.000000e+00 0.000000e+00 0.000000e+00 0.000000e+00 0.000000e+00 0.000000e+00 6.440532e-01 3.559468e-01 8.364702e-12
6.000000e+01 CAL 0 0 1 0.000000e+00 0.000000e+00 0.000000e+00 0.000000e+00 0.000000e+00 0.000000e+00 1.842331e-01 1.842331e-01 0.000000e+00 0.000000e+00 0.000000e+00 0.000000e+00 4.894892e-01 1.420445e-01 8.722604e-10
6.000000e+01 ROT 0 0 1 0.000000e+00 0.000000e+00 0.000000e+00 0.000000e+00 0.000000e+00 0.000000e+00 1.842330e-01 1.842330e-01 0.000000e+00 0.000000e+00 0.000000e+00 0.000000e+00 4.894892e-01 1.420449e-01 8.722595e-10
6.500000e+01 WAE 0 0 0 0.000000e+00 2.122176e-02 0.000000e+00 7.749372e-04 0.000000e+00 2.367353e-03 0.000000e+00 0.000000e+00 8.888340e-01 8.680200e-02 0.000000e+00 0.000000e+00 0.000000e+00 0.000000e+00 0.000000e+00
6.500000e+01 WAE 1 0 0 0.000000e+00 2.122217e-02 0.000000e+00 7.749304e-04 0.000000e+00 2.368006e-03 0.000000e+00 0.000000e+00 8.888330e-01 8.680186e-02 0.000000e+00 0.000000e+00 0.000000e+00 0.000000e+00 0.000000e+00
6.500000e+01 WAE 2 0 0 0.000000e+00 7.455553e-01 1.609720e-01 3.867296e-02 5.265592e-02 2.143800e-03 0.000000e+00 0.000000e+00 0.000000e+00 0.000000e+00 0.000000e+00 0.000000e+00 0.000000e+00 0.000000e+00 0.000000e+00
6.500000e+01 WAE 3 0 0 0.000000e+00 3.158240e-01 6.234257e-01 1.637367e-02 4.264052e-02 1.736069e-03 0.000000e+00 0.000000e+00 0.000000e+00 0.000000e+00 0.000000e+00 0.000000e+00 0.000000e+00 0.000000e+00 0.000000e+00
6.500000e+01 WAE 4 0 0 6.046406e-02 2.960110e-01 5.843240e-01 1.534650e-02 4.213883e-02 1.715644e-03 0.000000e+00 0.000000e+00 0.000000e+00 0.000000e+00 0.000000e+00 0.000000e+00 0.000000e+00 0.000000e+00 0.000000e+00
6.500000e+01 WAE 5 0 0 3.740299e-02 1.831094e-01 7.314359e-01 9.493336e-03 3.704991e-02 1.508454e-03 0.000000e+00 0.000000e+00 0.000000e+00 0.000000e+00 0.000000e+00 0.000000e+00 0.000000e+00 0.000000e+00 0.000000e+00
6.500000e+01 WAE 6 0 0 3.751887e-02 1.836777e-01 7.336851e-01 9.522745e-03 3.420306e-02 1.392549e-03 0.000000e+00 0.000000e+00 0.000000e+00 0.000000e+00 0.000000e+00 0.000000e+00 0.000000e+00 0.000000e+00 0.000000e+00
6.500000e+01 WAE 7 0 0 3.750087e-02 1.835895e-01 7.333352e-01 9.518177e-03 3.464573e-02 1.410572e-03 0.000000e+00 0.000000e+00 0.000000e+00 0.000000e+00 0.000000e+00 0.000000e+00 0.000000e+00 0.000000e+00 0.000000e+00
6.500000e+01 YPH 0 0 0 0.000000e+00 0.000000e+00 0.000000e+00 0.000000e+00 8.227518e-03 3.349496e-03 0.000000e+00 0.000000e+00 9.003506e-01 8.792670e-02 1.591636e-05 0.000000e+00 9.728044e-05 3.245524e-05 1.639334e-13
6.500000e+01 YPH 1 0 0 0.000000e+00 0.000000e+00 0.000000e+00 0.000000e+00 8.420347e-03 3.428087e-03 0.000000e+00 0.000000e+00 9.001035e-01 8.790250e-02 1.590807e-05 0.000000e+00 9.722332e-05 3.242951e-05 1.638562e-13
6.500000e+01 YPH 2 0 0 0.000000e+00 0.000000e+00 0.000000e+00 4.122268e-06 2.300288e-03 9.364720e-04 0.000000e+00 0.000000e+00 9.080511e-01 8.867864e-02 3.216796e-06 0.000000e+00 1.964952e-05 6.535286e-06 3.315833e-14
6.500000e+01 YPH 3 0 0 0.000000e+00 0.000000e+00 0.000000e+00 7.633478e-06 2.299005e-03 9.359516e-04 0.000000e+00 0.000000e+00 9.080495e-01 8.867848e-02 3.216736e-06 0.000000e+00 1.964912e-05 6.535153e-06 3.315767e-14
6.500000e+01 YPH 4 0 0 0.000000e+00 2.035880e-04 0.000000e+00 1.583333e-05 2.299217e-03 9.360391e-04 0.000000e+00 0.000000e+00 9.078563e-01 8.865961e-02 3.216096e-06 0.000000e+00 1.964514e-05 6.533744e-06 3.315110e-14
6.500000e+01 YPH 5 0 0 0.000000e+00 2.035825e-04 0.000000e+00 1.583292e-05 2.296590e-03 9.349700e-04 0.000000e+00 0.000000e+00 9.078597e-01 8.865994e-02 3.215962e-06 0.000000e+00 1.964438e-05 6.533634e-06 3.314960e-14
6.500000e+01 YPH 6 0 0 0.000000e+00 2.035976e-04 0.000000e+00 1.583402e-05 2.303815e-03 9.379125e-04 0.000000e+00 0.000000e+00 9.078504e-01 8.865902e-02 3.216348e-06 0.000000e+00 1.964649e-05 6.533878e-06 3.315387e-14
6.500000e+01 GZS 0 0 0 0.000000e+00 0.000000e+00 0.000000e+00 0.000000e+00 0.000000e+00 2.344703e-03 0.000000e+00 0.000000e+00 9.088939e-01 8.876143e-02 0.000000e+00 0.000000e+00 0.000000e+00 0.000000e+00 0.000000e+00
6.500000e+01 GZS 1 0 0 0.000000e+00 0.000000e+00 0.000000e+00 0.000000e+00 0.000000e+00 0.000000e+00 9.818536e-04 9.818536e-04 9.980363e-01 0.000000e+00 0.000000e+00 0.000000e+00 0.000000e+00 0.000000e+00 0.000000e+00
6.500000e+01 GZS 2 0 0 0.000000e+00 0.000000e+00 0.000000e+00 0.000000e+00 0.000000e+00 0.000000e+00 9.820100e-04 9.820100e-04 9.980360e-01 0.000000e+00 0.000000e+00 0.000000e+00 0.000000e+00 0.000000e+00 0.000000e+00
6.500000e+01 GZS 3 0 0 0.000000e+00 0.000000e+00 0.000000e+00 0.000000e+00 0.000000e+00 0.000000e+00 9.824668e-04 9.824668e-04 9.980351e-01 0.000000e+00 0.000000e+00 0.000000e+00 0.000000e+00 0.000000e+00 0.000000e+00
6.500000e+01 GZS 4 0 0 0.000000e+00 0.000000e+00 0.000000e+00 0.000000e+00 0.000000e+00 0.000000e+00 9.826213e-04 9.826213e-04 9.980348e-01 0.000000e+00 0.000000e+00 0.000000e+00 0.000000e+00 0.000000e+00 0.000000e+00
6.500000e+01 RDG 0 0 0 0.000000e+00 0.000000e+00 0.000000e+00 0.000000e+00 1.303043e-02 3.978618e-03 0.000000e+00 0.000000e+00 8.942096e-01 8.732702e-02 1.666371e-04 0.000000e+00 9.651754e-04 3.225517e-04 1.625295e-12
6.500000e+01 RDG 1 0 0 0.000000e+00 0.000000e+00 0.000000e+00 0.000000e+00 1.322505e-02 4.038032e-03 0.000000e+00 0.000000e+00 8.939786e-01 8.730448e-02 1.665802e-04 0.000000e+00 9.648383e-04 3.224241e-04 1.624782e-12
6.500000e+01 RDG 2 0 0 0.000000e+00 0.000000e+00 0.000000e+00 0.000000e+00 6.693436e-01 1.362585e-02 0.000000e+00 0.000000e+00 0.000000e+00 0.000000e+00 3.623609e-02 0.000000e+00 2.101127e-01 7.068177e-02 3.528498e-10
6.500000e+01 RDG 3 0 0 0.000000e+00 0.000000e+00 0.000000e+00 0.000000e+00 2.588791e-01 5.270033e-03 0.000000e+00 0.000000e+00 0.000000e+00 0.000000e+00 8.410596e-02 0.000000e+00 4.876803e-01 1.640646e-01 8.189320e-10
6.500000e+01 RDG 4 0 0 0.000000e+00 0.000000e+00 0.000000e+00 0.000000e+00 3.219698e-01 6.554377e-03 0.000000e+00 0.000000e+00 0.000000e+00 0.000000e+00 7.674789e-02 0.000000e+00 4.450167e-01 1.497112e-01 7.472982e-10
6.500000e+01 DRE 0 0 1 0.000000e+00 0.000000e+00 0.000000e+00 0.000000e+00 0.000000e+00 0.000000e+00 1.077599e-05 1.077599e-05 9.108428e-01 8.895092e-02 0.000000e+00 0.000000e+00 5.607051e-05 1.286449e-04 1.077599e-13
6.500000e+01 CHI 0 0 1 0.000000e+00 0.000000e+00 0.000000e+00 0.000000e+00 0.000000e+00 0.000000e+00 0.000000e+00 0.000000e+00 0.000000e+00 0.000000e+00 0.000000e+00 0.000000e+00 6.325798e-01 3.674202e-01 8.254482e-12
6.500000e+01 CAL 0 0 1 0.000000e+00 0.000000e+00 0.000000e+00 0.000000e+00 0.000000e+00 0.000000e+00 1.804688e-01 1.804688e-01 0.000000e+00 0.000000e+00 0.000000e+00 0.000000e+00 4.890438e-01 1.500185e-01 8.544380e-10
6.500000e+01 ROT 0 0 1 0.000000e+00 0.000000e+00 0.000000e+00 0.000000e+00 0.000000e+00 0.000000e+00 1.804686e-01 1.804686e-01 0.000000e+00 0.000000e+00 0.000000e+00 0.000000e+00 4.890438e-01 1.500190e-01 8.544371e-10
7.000000e+01 WAE 0 0 0 0.000000e+00 2.165693e-02 0.000000e+00 8.098866e-04 0.000000e+00 2.335854e-03 0.000000e+00 0.000000e+00 8.883957e-01 8.680159e-02 0.000000e+00 0.000000e+00 0.000000e+00 0.000000e+00 0.000000e+00
7.000000e+01 WAE 1 0 0 0.000000e+00 2.165735e-02 0.000000e+00 8.098794e-04 0.000000e+00 2.336509e-03 0.000000e+00 0.000000e+00 8.883948e-01 8.680145e-02 0.000000e+00 0.000000e+00 0.000000e+00 0.000000e+00 0.000000e+00
7.000000e+01 WAE 2 0 0 0.000000e+00 8.940035e-01 0.000000e+00 4.687937e-02 5.683231e-02 2.284857e-03 0.000000e+00 0.000000e+00 0.000000e+00 0.000000e+00 0.000000e+00 0.000000e+00 0.000000e+00 0.000000e+00 0.000000e+00
7.000000e+01 WAE 3 0 0 0.000000e+00 4.221811e-01 5.069483e-01 2.215688e-02 4.683106e-02 1.882723e-03 0.000000e+00 0.000000e+00 0.000000e+00 0.000000e+00 0.000000e+00 0.000000e+00 0.000000e+00 0.000000e+00 0.000000e+00
7.000000e+01 WAE 4 0 0 5.664210e-02 2.744467e-01 6.119617e-01 1.439051e-02 4.091415e-02 1.644897e-03 0.000000e+00 0.000000e+00 0.000000e+00 0.000000e+00 0.000000e+00 0.000000e+00 0.000000e+00 0.000000e+00 0.000000e+00
7.000000e+01 WAE 5 0 0 3.613424e-02 1.750779e-01 7.416753e-01 9.180289e-03 3.646624e-02 1.466076e-03 0.000000e+00 0.000000e+00 0.000000e+00 0.000000e+00 0.000000e+00 0.000000e+00 0.000000e+00 0.000000e+00 0.000000e+00
7.000000e+01 WAE 6 0 0 3.623857e-02 1.755843e-01 7.437974e-01 9.206788e-03 3.381355e-02 1.359430e-03 0.000000e+00 0.000000e+00 0.000000e+00 0.000000e+00 0.000000e+00 0.000000e+00 0.000000e+00 0.000000e+00 0.000000e+00
7.000000e+01 WAE 7 0 0 3.622237e-02 1.755057e-01 7.434673e-01 9.202673e-03 3.422596e-02 1.376011e-03 0.000000e+00 0.000000e+00 0.000000e+00 0.000000e+00 0.000000e+00 0.000000e+00 0.000000e+00 0.000000e+00 0.000000e+00
7.000000e+01 YPH 0 0 0 0.000000e+00 0.000000e+00 0.000000e+00 0.000000e+00 8.230813e-03 3.308793e-03 0.000000e+00 0.000000e+00 9.003407e-01 8.796869e-02 1.594950e-05 0.000000e+00 9.979930e-05 3.527392e-05 1.642754e-13
7.000000e+01 YPH 1 0 0 0.000000e+00 0.000000e+00 0.000000e+00 0.000000e+00 8.422647e-03 3.386009e-03 0.000000e+00 0.000000e+00 9.000957e-01 8.794469e-02 1.594120e-05 0.000000e+00 9.974015e-05 3.524570e-05 1.641980e-13
7.000000e+01 YPH 2 0 0 0.000000e+00 0.000000e+00 0.000000e+00 4.297760e-06 2.298207e-03 9.238856e-04 0.000000e+00 0.000000e+00 9.080238e-01 8.871930e-02 3.223411e-06 0.000000e+00 2.015679e-05 7.102475e-06 3.322657e-14
7.000000e+01 YPH 3 0 0 0.000000e+00 0.000000e+00 0.000000e+00 4.297700e-06 2.296922e-03 9.233713e-04 0.000000e+00 0.000000e+00 9.080255e-01 8.871946e-02 3.223363e-06 0.000000e+00 2.015645e-05 7.102351e-06 3.322602e-14
7.000000e+01 YPH 4 0 0 0.000000e+00 2.102012e-04 0.000000e+00 1.655503e-05 2.297119e-03 9.234520e-04 0.000000e+00 0.000000e+00 9.078226e-01 8.869963e-02 3.222687e-06 0.000000e+00 2.015214e-05 7.100737e-06 3.321908e-14
7.000000e+01 YPH 5 0 0 0.000000e+00 2.101956e-04 0.000000e+00 1.655460e-05 2.294477e-03 9.223904e-04 0.000000e+00 0.000000e+00 9.078259e-01 8.869996e-02 3.222552e-06 0.000000e+00 2.015137e-05 7.100622e-06 3.321758e-14
7.000000e+01 YPH 6 0 0 0.000000e+00 2.102111e-04 0.000000e+00 1.655575e-05 2.301744e-03 9.253127e-04 0.000000e+00 0.000000e+00 9.078167e-01 8.869904e-02 3.222940e-06 0.000000e+00 2.015350e-05 7.100867e-06 3.322187e-14
7.000000e+01 GZS 0 0 0 0.000000e+00 0.000000e+00 0.000000e+00 0.000000e+00 0.000000e+00 2.313807e-03 0.000000e+00 0.000000e+00 9.088825e-01 8.880369e-02 0.000000e+00 0.000000e+00 0.000000e+00 0.000000e+00 0.000000e+00
7.000000e+01 GZS 1 0 0 0.000000e+00 0.000000e+00 0.000000e+00 0.000000e+00 0.000000e+00 0.000000e+00 9.838935e-04 9.838935e-04 9.980322e-01 0.000000e+00 0.000000e+00 0.000000e+00 0.000000e+00 0.000000e+00 0.000000e+00
7.000000e+01 GZS 2 0 0 0.000000e+00 0.000000e+00 0.000000e+00 0.000000e+00 0.000000e+00 0.000000e+00 9.840503e-04 9.840503e-04 9.980319e-01 0.000000e+00 0.000000e+00 0.000000e+00 0.000000e+00 0.000000e+00 0.000000e+00
7.000000e+01 GZS 3 0 0 0.000000e+00 0.000000e+00 0.000000e+00 0.000000e+00 0.000000e+00 0.000000e+00 9.845086e-04 9.845086e-04 9.980310e-01 0.000000e+00 0.000000e+00 0.000000e+00 0.000000e+00 0.000000e+00 0.000000e+00
7.000000e+01 GZS 4 0 0 0.000000e+00 0.000000e+00 0.000000e+00 0.000000e+00 0.000000e+00 0.000000e+00 9.846637e-04 9.846637e-04 9.980307e-01 0.000000e+00 0.000000e+00 0.000000e+00 0.000000e+00 0.000000e+00 0.000000e+00
7.000000e+01 RDG 0 0 0 0.000000e+00 0.000000e+00 0.000000e+00 0.000000e+00 1.303966e-02 3.931482e-03 0.000000e+00 0.000000e+00 8.941567e-01 8.736452e-02 1.669758e-04 0.000000e+00 9.901457e-04 3.505559e-04 1.628605e-12
7.000000e+01 RDG 1 0 0 0.000000e+00 0.000000e+00 0.000000e+00 0.000000e+00 1.323403e-02 3.990073e-03 0.000000e+00 0.000000e+00 8.939267e-01 8.734206e-02 1.669190e-04 0.000000e+00 9.898009e-04 3.504183e-04 1.628093e-12
7.000000e+01 RDG 2 0 0 0.000000e+00 0.000000e+00 0.000000e+00 0.000000e+00 6.622593e-01 1.331260e-02 0.000000e+00 0.000000e+00 0.000000e+00 0.000000e+00 3.583735e-02 0.000000e+00 2.127654e-01 7.582532e-02 3.489670e-10
7.000000e+01 RDG 3 0 0 0.000000e+00 0.000000e+00 0.000000e+00 0.000000e+00 2.527330e-01 5.080413e-03 0.000000e+00 0.000000e+00 0.000000e+00 0.000000e+00 8.198372e-02 0.000000e+00 4.867319e-01 1.734709e-01 7.982667e-10
7.000000e+01 RDG 4 0 0 0.000000e+00 0.000000e+00 0.000000e+00 0.000000e+00 3.149130e-01 6.330347e-03 0.000000e+00 0.000000e+00 0.000000e+00 0.000000e+00 7.497693e-02 0.000000e+00 4.451347e-01 1.586451e-01 7.300534e-10
7.000000e+01 DRE 0 0 1 0.000000e+00 0.000000e+00 0.000000e+00 0.000000e+00 0.000000e+00 0.000000e+00 1.079783e-05 1.079783e-05 9.107925e-01 8.898946e-02 0.000000e+00 0.000000e+00 5.724348e-05 1.391820e-04 1.079783e-13
7.000000e+01 CHI 0 0 1 0.000000e+00 0.000000e+00 0.000000e+00 0.000000e+00 0.000000e+00 0.000000e+00 0.000000e+00 0.000000e+00 0.000000e+00 0.000000e+00 0.000000e+00 0.000000e+00 6.219205e-01 3.780795e-01 8.131734e-12
7.000000e+01 CAL 0 0 1 0.000000e+00 0.000000e+00 0.000000e+00 0.000000e+00 0.000000e+00 0.000000e+00 1.763149e-01 1.763149e-01 0.000000e+00 0.000000e+00 0.000000e+00 0.000000e+00 4.885362e-01 1.588340e-01 8.347712e-10
7.000000e+01 ROT 0 0 1 0.000000e+00 0.000000e+00 0.000000e+00 0.000000e+00 0.000000e+00 0.000000e+00 1.763147e-01 1.763147e-01 0.000000e+00 0.000000e+00 0.000000e+00 0.000000e+00 4.885362e-01 1.588344e-01 8.347702e-10
7.500000e+01 WAE 0 0 0 0.000000e+00 2.209899e-02 0.000000e+00 8.462318e-04 0.000000e+00 2.301784e-03 0.000000e+00 0.000000e+00 8.879521e-01 8.680089e-02 0.000000e+00 0.000000e+00 0.000000e+00 0.000000e+00 0.000000e+00
7.500000e+01 WAE 1 0 0 0.000000e+00 2.209942e-02 0.000000e+00 8.462245e-04 0.000000e+00 2.302442e-03 0.000000e+00 0.000000e+00 8.879512e-01 8.680074e-02 0.000000e+00 0.000000e+00 0.000000e+00 0.000000e+00 0.000000e+00
7.500000e+01 WAE 2 0 0 0.000000e+00 8.939781e-01 0.000000e+00 4.742462e-02 5.636319e-02 2.234114e-03 0.000000e+00 0.000000e+00 0.000000e+00 0.000000e+00 0.000000e+00 0.000000e+00 0.000000e+00 0.000000e+00 0.000000e+00
7.500000e+01 WAE 3 0 0 0.000000e+00 8.847059e-01 0.000000e+00 4.693278e-02 6.575496e-02 2.606386e-03 0.000000e+00 0.000000e+00 0.000000e+00 0.000000e+00 0.000000e+00 0.000000e+00 0.000000e+00 0.000000e+00 0.000000e+00
7.500000e+01 WAE 4 0 0 5.287133e-02 2.534671e-01 6.388959e-01 1.344533e-02 3.974493e-02 1.575409e-03 0.000000e+00 0.000000e+00 0.000000e+00 0.000000e+00 0.000000e+00 0.000000e+00 0.000000e+00 0.000000e+00 0.000000e+00
7.500000e+01 WAE 5 0 0 3.477136e-02 1.666926e-01 7.523962e-01 8.842471e-03 3.587539e-02 1.422030e-03 0.000000e+00 0.000000e+00 0.000000e+00 0.000000e+00 0.000000e+00 0.000000e+00 0.000000e+00 0.000000e+00 0.000000e+00
7.500000e+01 WAE 6 0 0 3.486445e-02 1.671398e-01 7.543892e-01 8.866141e-03 3.341582e-02 1.324540e-03 0.000000e+00 0.000000e+00 0.000000e+00 0.000000e+00 0.000000e+00 0.000000e+00 0.000000e+00 0.000000e+00 0.000000e+00
7.500000e+01 WAE 7 0 0 3.485001e-02 1.670704e-01 7.540792e-01 8.862468e-03 3.379815e-02 1.339694e-03 0.000000e+00 0.000000e+00 0.000000e+00 0.000000e+00 0.000000e+00 0.000000e+00 0.000000e+00 0.000000e+00 0.000000e+00
7.500000e+01 YPH 0 0 0 0.000000e+00 0.000000e+00 0.000000e+00 0.000000e+00 8.236206e-03 3.264343e-03 0.000000e+00 0.000000e+00 9.003312e-01 8.801100e-02 1.598571e-05 0.000000e+00 1.026965e-04 3.852395e-05 1.646490e-13
7.500000e+01 YPH 1 0 0 0.000000e+00 0.000000e+00 0.000000e+00 0.000000e+00 8.427058e-03 3.340094e-03 0.000000e+00 0.000000e+00 9.000885e-01 8.798721e-02 1.597741e-05 0.000000e+00 1.026350e-04 3.849289e-05 1.645716e-13
7.500000e+01 YPH 2 0 0 0.000000e+00 0.000000e+00 0.000000e+00 4.479803e-06 2.296586e-03 9.102351e-04 0.000000e+00 0.000000e+00 9.079967e-01 8.876025e-02 3.230644e-06 0.000000e+00 2.074032e-05 7.756488e-06 3.330117e-14
7.500000e+01 YPH 3 0 0 0.000000e+00 0.000000e+00 0.000000e+00 4.479741e-06 2.295293e-03 9.097251e-04 0.000000e+00 0.000000e+00 9.079984e-01 8.876041e-02 3.230596e-06 0.000000e+00 2.073995e-05 7.756347e-06 3.330061e-14
7.500000e+01 YPH 4 0 0 0.000000e+00 2.169867e-04 0.000000e+00 1.730606e-05 2.295481e-03 9.098013e-04 0.000000e+00 0.000000e+00 9.077888e-01 8.873992e-02 3.229894e-06 0.000000e+00 2.073535e-05 7.754520e-06 3.329341e-14
7.500000e+01 YPH 5 0 0 0.000000e+00 2.169808e-04 0.000000e+00 1.730561e-05 2.292823e-03 9.087482e-04 0.000000e+00 0.000000e+00 9.077922e-01 8.874025e-02 3.229758e-06 0.000000e+00 2.073457e-05 7.754400e-06 3.329191e-14
7.500000e+01 YPH 6 0 0 0.000000e+00 2.169969e-04 0.000000e+00 1.730682e-05 2.300135e-03 9.116475e-04 0.000000e+00 0.000000e+00 9.077829e-01 8.873932e-02 3.230148e-06 0.000000e+00 2.073673e-05 7.754647e-06 3.329622e-14
7.500000e+01 GZS 0 0 0 0.000000e+00 0.000000e+00 0.000000e+00 0.000000e+00 0.000000e+00 2.280322e-03 0.000000e+00 0.000000e+00 9.088732e-01 8.884644e-02 0.000000e+00 0.000000e+00 0.000000e+00 0.000000e+00 0.000000e+00
7.500000e+01 GZS 1 0 0 0.000000e+00 0.000000e+00 0.000000e+00 0.000000e+00 0.000000e+00 0.000000e+00 9.861212e-04 9.861212e-04 9.980278e-01 0.000000e+00 0.000000e+00 0.000000e+00 0.000000e+00 0.000000e+00 0.000000e+00
7.500000e+01 GZS 2 0 0 0.000000e+00 0.000000e+00 0.000000e+00 0.000000e+00 0.000000e+00 0.000000e+00 9.862785e-04 9.862785e-04 9.980274e-01 0.000000e+00 0.000000e+00 0.000000e+00 0.000000e+00 0.000000e+00 0.000000e+00
7.500000e+01 GZS 3 0 0 0.000000e+00 0.000000e+00 0.000000e+00 0.000000e+00 0.000000e+00 0.000000e+00 9.867383e-04 9.867383e-04 9.980265e-01 0.000000e+00 0.000000e+00 0.000000e+00 0.000000e+00 0.000000e+00 0.000000e+00
7.500000e+01 GZS 4 0 0 0.000000e+00 0.000000e+00 0.000000e+00 0.000000e+00 0.000000e+00 0.000000e+00 9.868940e-04 9.868940e-04 9.980262e-01 0.000000e+00 0.000000e+00 0.000000e+00 0.000000e+00 0.000000e+00 0.000000e+00
7.500000e+01 RDG 0 0 0 0.000000e+00 0.000000e+00 0.000000e+00 0.000000e+00 1.305209e-02 3.879825e-03 0.000000e+00 0.000000e+00 8.940974e-01 8.740165e-02 1.673454e-04 0.000000e+00 1.018863e-03 3.828419e-04 1.632216e-12
7.500000e+01 RDG 1 0 0 0.000000e+00 0.000000e+00 0.000000e+00 0.000000e+00 1.324626e-02 3.937530e-03 0.000000e+00 0.000000e+00 8.938684e-01 8.737929e-02 1.672887e-04 0.000000e+00 1.018509e-03 3.826928e-04 1.631704e-12
7.500000e+01 RDG 2 0 0 0.000000e+00 0.000000e+00 0.000000e+00 0.000000e+00 6.542976e-01 1.296751e-02 0.000000e+00 0.000000e+00 0.000000e+00 0.000000e+00 3.538942e-02 0.000000e+00 2.157458e-01 8.159965e-02 3.446052e-10
7.500000e+01 RDG 3 0 0 0.000000e+00 0.000000e+00 0.000000e+00 0.000000e+00 2.460358e-01 4.876207e-03 0.000000e+00 0.000000e+00 0.000000e+00 0.000000e+00 7.967194e-02 0.000000e+00 4.857032e-01 1.837128e-01 7.757556e-10
7.500000e+01 RDG 4 0 0 0.000000e+00 0.000000e+00 0.000000e+00 0.000000e+00 3.071875e-01 6.088176e-03 0.000000e+00 0.000000e+00 0.000000e+00 0.000000e+00 7.303883e-02 0.000000e+00 4.452676e-01 1.684179e-01 7.111811e-10
7.500000e+01 DRE 0 0 1 0.000000e+00 0.000000e+00 0.000000e+00 0.000000e+00 0.000000e+00 0.000000e+00 1.082171e-05 1.082171e-05 9.107403e-01 8.902809e-02 0.000000e+00 0.000000e+00 5.859256e-05 1.513499e-04 1.082171e-13
7.500000e+01 CHI 0 0 1 0.000000e+00 0.000000e+00 0.000000e+00 0.000000e+00 0.000000e+00 0.000000e+00 0.000000e+00 0.000000e+00 0.000000e+00 0.000000e+00 0.000000e+00 0.000000e+00 6.119011e-01 3.880989e-01 8.000171e-12
7.500000e+01 CAL 0 0 1 0.000000e+00 0.000000e+00 0.000000e+00 0.000000e+00 0.000000e+00 0.000000e+00 1.717672e-01 1.717672e-01 0.000000e+00 0.000000e+00 0.000000e+00 0.000000e+00 4.879840e-01 1.684817e-01 8.132399e-10
7.500000e+01 ROT 0 0 1 0.000000e+00 0.000000e+00 0.000000e+00 0.000000e+00 0.000000e+00 0.000000e+00 1.717670e-01 1.717670e-01 0.000000e+00 0.000000e+00 0.000000e+00 0.000000e+00 4.879839e-01 1.684822e-01 8.132387e-10
8.000000e+01 WAE 0 0 0 0.000000e+00 2.255029e-02 0.000000e+00 8.841092e-04 0.000000e+00 2.264807e-03 0.000000e+00 0.000000e+00 8.875011e-01 8.679970e-02 0.000000e+00 0.000000e+00 0.000000e+00 0.000000e+00 0.000000e+00
8.000000e+01 WAE 1 0 0 0.000000e+00 2.255073e-02 0.000000e+00 8.841017e-04 0.000000e+00 2.265466e-03 0.000000e+00 0.000000e+00 8.875001e-01 8.679956e-02 0.000000e+00 0.000000e+00 0.000000e+00 0.000000e+00 0.000000e+00
8.000000e+01 WAE 2 0 0 0.000000e+00 8.939221e-01 0.000000e+00 4.798694e-02 5.590993e-02 2.181052e-03 0.000000e+00 0.000000e+00 0.000000e+00 0.000000e+00 0.000000e+00 0.000000e+00 0.000000e+00 0.000000e+00 0.000000e+00
8.000000e+01 WAE 3 0 0 0.000000e+00 8.848231e-01 0.000000e+00 4.749854e-02 6.513733e-02 2.541015e-03 0.000000e+00 0.000000e+00 0.000000e+00 0.000000e+00 0.000000e+00 0.000000e+00 0.000000e+00 0.000000e+00 0.000000e+00
8.000000e+01 WAE 4 0 0 3.333010e-02 8.533656e-01 0.000000e+00 4.581337e-02 6.495694e-02 2.533975e-03 0.000000e+00 0.000000e+00 0.000000e+00 0.000000e+00 0.000000e+00 0.000000e+00 0.000000e+00 0.000000e+00 0.000000e+00
8.000000e+01 WAE 5 0 0 3.332709e-02 1.580422e-01 7.634917e-01 8.483492e-03 3.527930e-02 1.376257e-03 0.000000e+00 0.000000e+00 0.000000e+00 0.000000e+00 0.000000e+00 0.000000e+00 0.000000e+00 0.000000e+00 0.000000e+00
8.000000e+01 WAE 6 0 0 3.340942e-02 1.584336e-01 7.653543e-01 8.504447e-03 3.301051e-02 1.287754e-03 0.000000e+00 0.000000e+00 0.000000e+00 0.000000e+00 0.000000e+00 0.000000e+00 0.000000e+00 0.000000e+00 0.000000e+00
8.000000e+01 WAE 7 0 0 3.339665e-02 1.583729e-01 7.650646e-01 8.501197e-03 3.336312e-02 1.301509e-03 0.000000e+00 0.000000e+00 0.000000e+00 0.000000e+00 0.000000e+00 0.000000e+00 0.000000e+00 0.000000e+00 0.000000e+00
8.000000e+01 YPH 0 0 0 0.000000e+00 0.000000e+00 0.000000e+00 0.000000e+00 8.244015e-03 3.215654e-03 0.000000e+00 0.000000e+00 9.003223e-01 8.805364e-02 1.602548e-05 0.000000e+00 1.060484e-04 4.229644e-05 1.650592e-13
8.000000e+01 YPH 1 0 0 0.000000e+00 0.000000e+00 0.000000e+00 0.000000e+00 8.433899e-03 3.289841e-03 0.000000e+00 0.000000e+00 9.000819e-01 8.803007e-02 1.601717e-05 0.000000e+00 1.059843e-04 4.226213e-05 1.649818e-13
8.000000e+01 YPH 2 0 0 0.000000e+00 0.000000e+00 0.000000e+00 4.669082e-06 2.295495e-03 8.953840e-04 0.000000e+00 0.000000e+00 9.079698e-01 8.880151e-02 3.238593e-06 0.000000e+00 2.141544e-05 8.515625e-06 3.338315e-14
8.000000e+01 YPH 3 0 0 0.000000e+00 0.000000e+00 0.000000e+00 4.669017e-06 2.294193e-03 8.948790e-04 0.000000e+00 0.000000e+00 9.079714e-01 8.880167e-02 3.238544e-06 0.000000e+00 2.141505e-05 8.515465e-06 3.338259e-14
8.000000e+01 YPH 4 0 0 0.000000e+00 2.239704e-04 0.000000e+00 1.808929e-05 2.294372e-03 8.949506e-04 0.000000e+00 0.000000e+00 9.077550e-01 8.878049e-02 3.237816e-06 0.000000e+00 2.141013e-05 8.513390e-06 3.337512e-14
8.000000e+01 YPH 5 0 0 0.000000e+00 2.239643e-04 0.000000e+00 1.808882e-05 2.291696e-03 8.939071e-04 0.000000e+00 0.000000e+00 9.077584e-01 8.878082e-02 3.237679e-06 0.000000e+00 2.140933e-05 8.513262e-06 3.337360e-14
8.000000e+01 YPH 6 0 0 0.000000e+00 2.239810e-04 0.000000e+00 1.809009e-05 2.299059e-03 8.967804e-04 0.000000e+00 0.000000e+00 9.077490e-01 8.877990e-02 3.238071e-06 0.000000e+00 2.141152e-05 8.513515e-06 3.337794e-14
8.000000e+01 GZS 0 0 0 0.000000e+00 0.000000e+00 0.000000e+00 0.000000e+00 0.000000e+00 2.243910e-03 0.000000e+00 0.000000e+00 9.088664e-01 8.888971e-02 0.000000e+00 0.000000e+00 0.000000e+00 0.000000e+00 0.000000e+00
8.000000e+01 GZS 1 0 0 0.000000e+00 0.000000e+00 0.000000e+00 0.000000e+00 0.000000e+00 0.000000e+00 9.885664e-04 9.885664e-04 9.980229e-01 0.000000e+00 0.000000e+00 0.000000e+00 0.000000e+00 0.000000e+00 0.000000e+00
8.000000e+01 GZS 2 0 0 0.000000e+00 0.000000e+00 0.000000e+00 0.000000e+00 0.000000e+00 0.000000e+00 9.887242e-04 9.887242e-04 9.980226e-01 0.000000e+00 0.000000e+00 0.000000e+00 0.000000e+00 0.000000e+00 0.000000e+00
8.000000e+01 GZS 3 0 0 0.000000e+00 0.000000e+00 0.000000e+00 0.000000e+00 0.000000e+00 0.000000e+00 9.891858e-04 9.891858e-04 9.980216e-01 0.000000e+00 0.000000e+00 0.000000e+00 0.000000e+00 0.000000e+00 0.000000e+00
8.000000e+01 GZS 4 0 0 0.000000e+00 0.000000e+00 0.000000e+00 0.000000e+00 0.000000e+00 0.000000e+00 9.893421e-04 9.893421e-04 9.980213e-01 0.000000e+00 0.000000e+00 0.000000e+00 0.000000e+00 0.000000e+00 0.000000e+00
8.000000e+01 RDG 0 0 0 0.000000e+00 0.000000e+00 0.000000e+00 0.000000e+00 1.306821e-02 3.823053e-03 0.000000e+00 0.000000e+00 8.940303e-01 8.743831e-02 1.677506e-04 0.000000e+00 1.052083e-03 4.203135e-04 1.636174e-12
8.000000e+01 RDG 1 0 0 0.000000e+00 0.000000e+00 0.000000e+00 0.000000e+00 1.326224e-02 3.879800e-03 0.000000e+00 0.000000e+00 8.938024e-01 8.741604e-02 1.676939e-04 0.000000e+00 1.051718e-03 4.201507e-04 1.635662e-12
8.000000e+01 RDG 2 0 0 0.000000e+00 0.000000e+00 0.000000e+00 0.000000e+00 6.453247e-01 1.258714e-02 0.000000e+00 0.000000e+00 0.000000e+00 0.000000e+00 3.488487e-02 0.000000e+00 2.191001e-01 8.810318e-02 3.396920e-10
8.000000e+01 RDG 3 0 0 0.000000e+00 0.000000e+00 0.000000e+00 0.000000e+00 2.387417e-01 4.656718e-03 0.000000e+00 0.000000e+00 0.000000e+00 0.000000e+00 7.715500e-02 0.000000e+00 4.845804e-01 1.948662e-01 7.512468e-10
8.000000e+01 RDG 4 0 0 0.000000e+00 0.000000e+00 0.000000e+00 0.000000e+00 2.987305e-01 5.826813e-03 0.000000e+00 0.000000e+00 0.000000e+00 0.000000e+00 7.091805e-02 0.000000e+00 4.454105e-01 1.791141e-01 6.905298e-10
8.000000e+01 DRE 0 0 1 0.000000e+00 0.000000e+00 0.000000e+00 0.000000e+00 0.000000e+00 0.000000e+00 1.084795e-05 1.084795e-05 9.106860e-01 8.906679e-02 0.000000e+00 0.000000e+00 6.014644e-05 1.654146e-04 1.084795e-13
8.000000e+01 CHI 0 0 1 0.000000e+00 0.000000e+00 0.000000e+00 0.000000e+00 0.000000e+00 0.000000e+00 0.000000e+00 0.000000e+00 0.000000e+00 0.000000e+00 0.000000e+00 0.000000e+00 6.023752e-01 3.976248e-01 7.862485e-12
8.000000e+01 CAL 0 0 1 0.000000e+00 0.000000e+00 0.000000e+00 0.000000e+00 0.000000e+00 0.000000e+00 1.667947e-01 1.667947e-01 0.000000e+00 0.000000e+00 0.000000e+00 0.000000e+00 4.873772e-01 1.790334e-01 7.896975e-10
8.000000e+01 ROT 0 0 1 0.000000e+00 0.000000e+00 0.000000e+00 0.000000e+00 0.000000e+00 0.000000e+00 1.667945e-01 1.667945e-01 0.000000e+00 0.000000e+00 0.000000e+00 0.000000e+00 4.873771e-01 1.790339e-01 7.896962e-10
8.500000e+01 WAE 0 0 0 0.000000e+00 2.301317e-02 0.000000e+00 9.236641e-04 0.000000e+00 2.224549e-03 0.000000e+00 0.000000e+00 8.870408e-01 8.679786e-02 0.000000e+00 0.000000e+00 0.000000e+00 0.000000e+00 0.000000e+00
8.500000e+01 WAE 1 0 0 0.000000e+00 2.301361e-02 0.000000e+00 9.236561e-04 0.000000e+00 2.225211e-03 0.000000e+00 0.000000e+00 8.870398e-01 8.679772e-02 0.000000e+00 0.000000e+00 0.000000e+00 0.000000e+00 0.000000e+00
8.500000e+01 WAE 2 0 0 0.000000e+00 8.938373e-01 0.000000e+00 4.856648e-02 5.547094e-02 2.125247e-03 0.000000e+00 0.000000e+00 0.000000e+00 0.000000e+00 0.000000e+00 0.000000e+00 0.000000e+00 0.000000e+00 0.000000e+00
8.500000e+01 WAE 3 0 0 0.000000e+00 8.849079e-01 0.000000e+00 4.808134e-02 6.453810e-02 2.472638e-03 0.000000e+00 0.000000e+00 0.000000e+00 0.000000e+00 0.000000e+00 0.000000e+00 0.000000e+00 0.000000e+00 0.000000e+00
8.500000e+01 WAE 4 0 0 0.000000e+00 8.838559e-01 0.000000e+00 4.802415e-02 6.560642e-02 2.513571e-03 0.000000e+00 0.000000e+00 0.000000e+00 0.000000e+00 0.000000e+00 0.000000e+00 0.000000e+00 0.000000e+00 0.000000e+00
8.500000e+01 WAE 5 0 0 5.625940e-02 2.637210e-01 6.239907e-01 1.433523e-02 4.015531e-02 1.538403e-03 0.000000e+00 0.000000e+00 0.000000e+00 0.000000e+00 0.000000e+00 0.000000e+00 0.000000e+00 0.000000e+00 0.000000e+00
8.500000e+01 WAE 6 0 0 3.189088e-02 1.495569e-01 7.765796e-01 8.125642e-03 3.259807e-02 1.248937e-03 0.000000e+00 0.000000e+00 0.000000e+00 0.000000e+00 0.000000e+00 0.000000e+00 0.000000e+00 0.000000e+00 0.000000e+00
8.500000e+01 WAE 7 0 0 3.187969e-02 1.495043e-01 7.763103e-01 8.122793e-03 3.292154e-02 1.261330e-03 0.000000e+00 0.000000e+00 0.000000e+00 0.000000e+00 0.000000e+00 0.000000e+00 0.000000e+00 0.000000e+00 0.000000e+00
8.500000e+01 YPH 0 0 0 0.000000e+00 0.000000e+00 0.000000e+00 0.000000e+00 8.254599e-03 3.162185e-03 0.000000e+00 0.000000e+00 9.003139e-01 8.809665e-02 1.606935e-05 0.000000e+00 1.099253e-04 4.667534e-05 1.655117e-13
8.500000e+01 YPH 1 0 0 0.000000e+00 0.000000e+00 0.000000e+00 0.000000e+00 8.443532e-03 3.234697e-03 0.000000e+00 0.000000e+00 9.000759e-01 8.807330e-02 1.606103e-05 0.000000e+00 1.098580e-04 4.663721e-05 1.654342e-13
8.500000e+01 YPH 2 0 0 0.000000e+00 0.000000e+00 0.000000e+00 4.866323e-06 2.295013e-03 8.791831e-04 0.000000e+00 0.000000e+00 9.079430e-01 8.884309e-02 3.247370e-06 0.000000e+00 2.219631e-05 9.396741e-06 3.347368e-14
8.500000e+01 YPH 3 0 0 0.000000e+00 0.000000e+00 0.000000e+00 4.866255e-06 2.293702e-03 8.786838e-04 0.000000e+00 0.000000e+00 9.079447e-01 8.884325e-02 3.247320e-06 0.000000e+00 2.219589e-05 9.396560e-06 3.347311e-14
8.500000e+01 YPH 4 0 0 0.000000e+00 2.311804e-04 0.000000e+00 1.469534e-05 2.293879e-03 8.787538e-04 0.000000e+00 0.000000e+00 9.077249e-01 8.882174e-02 3.246579e-06 0.000000e+00 2.219070e-05 9.394228e-06 3.346550e-14
8.500000e+01 YPH 5 0 0 0.000000e+00 2.311732e-04 0.000000e+00 1.890731e-05 2.291175e-03 8.777183e-04 0.000000e+00 0.000000e+00 9.077245e-01 8.882170e-02 3.246428e-06 0.000000e+00 2.218979e-05 9.394051e-06 3.346383e-14
8.500000e+01 YPH 6 0 0 0.000000e+00 2.311904e-04 0.000000e+00 1.890864e-05 2.298594e-03 8.805618e-04 0.000000e+00 0.000000e+00 9.077151e-01 8.882077e-02 3.246822e-06 0.000000e+00 2.219202e-05 9.394308e-06 3.346819e-14
8.500000e+01 GZS 0 0 0 0.000000e+00 0.000000e+00 0.000000e+00 0.000000e+00 0.000000e+00 2.204201e-03 0.000000e+00 0.000000e+00 9.088622e-01 8.893355e-02 0.000000e+00 0.000000e+00 0.000000e+00 0.000000e+00 0.000000e+00
8.500000e+01 GZS 1 0 0 0.000000e+00 0.000000e+00 0.000000e+00 0.000000e+00 0.000000e+00 0.000000e+00 9.912640e-04 9.912640e-04 9.980175e-01 0.000000e+00 0.000000e+00 0.000000e+00 0.000000e+00 0.000000e+00 0.000000e+00
8.500000e+01 GZS 2 0 0 0.000000e+00 0.000000e+00 0.000000e+00 0.000000e+00 0.000000e+00 0.000000e+00 9.914221e-04 9.914221e-04 9.980172e-01 0.000000e+00 0.000000e+00 0.000000e+00 0.000000e+00 0.000000e+00 0.000000e+00
8.500000e+01 GZS 3 0 0 0.000000e+00 0.000000e+00 0.000000e+00 0.000000e+00 0.000000e+00 0.000000e+00 9.918857e-04 9.918857e-04 9.980162e-01 0.000000e+00 0.000000e+00 0.000000e+00 0.000000e+00 0.000000e+00 0.000000e+00
8.500000e+01 GZS 4 0 0 0.000000e+00 0.000000e+00 0.000000e+00 0.000000e+00 0.000000e+00 0.000000e+00 9.920427e-04 9.920427e-04 9.980159e-01 0.000000e+00 0.000000e+00 0.000000e+00 0.000000e+00 0.000000e+00 0.000000e+00
8.500000e+01 RDG 0 0 0 0.000000e+00 0.000000e+00 0.000000e+00 0.000000e+00 1.308854e-02 3.760509e-03 0.000000e+00 0.000000e+00 8.939541e-01 8.747438e-02 1.681968e-04 0.000000e+00 1.090500e-03 4.638031e-04 1.640532e-12
8.500000e+01 RDG 1 0 0 0.000000e+00 0.000000e+00 0.000000e+00 0.000000e+00 1.328249e-02 3.816217e-03 0.000000e+00 0.000000e+00 8.937272e-01 8.745220e-02 1.681401e-04 0.000000e+00 1.090124e-03 4.636247e-04 1.640021e-12
8.500000e+01 RDG 2 0 0 0.000000e+00 0.000000e+00 0.000000e+00 0.000000e+00 6.352593e-01 1.216935e-02 0.000000e+00 0.000000e+00 0.000000e+00 0.000000e+00 3.431919e-02 0.000000e+00 2.228551e-01 9.539706e-02 3.341836e-10
8.500000e+01 RDG 3 0 0 0.000000e+00 0.000000e+00 0.000000e+00 0.000000e+00 2.308620e-01 4.422539e-03 0.000000e+00 0.000000e+00 0.000000e+00 0.000000e+00 7.443691e-02 0.000000e+00 4.833586e-01 2.069200e-01 7.247793e-10
8.500000e+01 RDG 4 0 0 0.000000e+00 0.000000e+00 0.000000e+00 0.000000e+00 2.895440e-01 5.546687e-03 0.000000e+00 0.000000e+00 0.000000e+00 0.000000e+00 6.861516e-02 0.000000e+00 4.455570e-01 1.907372e-01 6.681053e-10
8.500000e+01 DRE 0 0 1 0.000000e+00 0.000000e+00 0.000000e+00 0.000000e+00 0.000000e+00 0.000000e+00 1.087693e-05 1.087693e-05 9.106291e-01 8.910556e-02 0.000000e+00 0.000000e+00 6.193757e-05 1.816795e-04 1.087693e-13
8.500000e+01 CHI 0 0 1 0.000000e+00 0.000000e+00 0.000000e+00 0.000000e+00 0.000000e+00 0.000000e+00 0.000000e+00 0.000000e+00 0.000000e+00 0.000000e+00 0.000000e+00 0.000000e+00 5.932230e-01 4.067770e-01 7.720517e-12
8.500000e+01 CAL 0 0 1 0.000000e+00 0.000000e+00 0.000000e+00 0.000000e+00 0.000000e+00 0.000000e+00 1.613981e-01 1.613981e-01 0.000000e+00 0.000000e+00 0.000000e+00 0.000000e+00 4.867105e-01 1.904932e-01 7.641472e-10
8.500000e+01 ROT 0 0 1 0.000000e+00 0.000000e+00 0.000000e+00 0.000000e+00 0.000000e+00 0.000000e+00 1.613979e-01 1.613979e-01 0.000000e+00 0.000000e+00 0.000000e+00 0.000000e+00 4.867105e-01 1.904938e-01 7.641459e-10
9.000000e+01 WAE 0 0 0 0.000000e+00 2.349240e-02 0.000000e+00 9.651511e-04 0.000000e+00 2.180604e-03 0.000000e+00 0.000000e+00 8.865669e-01 8.679498e-02 0.000000e+00 0.000000e+00 0.000000e+00 0.000000e+00 0.000000e+00
9.000000e+01 WAE 1 0 0 0.000000e+00 2.349284e-02 0.000000e+00 9.651424e-04 0.000000e+00 2.181268e-03 0.000000e+00 0.000000e+00 8.865659e-01 8.679483e-02 0.000000e+00 0.000000e+00 0.000000e+00 0.000000e+00 0.000000e+00
9.000000e+01 WAE 2 0 0 0.000000e+00 8.937279e-01 0.000000e+00 4.916350e-02 5.504246e-02 2.066180e-03 0.000000e+00 0.000000e+00 0.000000e+00 0.000000e+00 0.000000e+00 0.000000e+00 0.000000e+00 0.000000e+00 0.000000e+00
9.000000e+01 WAE 3 0 0 0.000000e+00 8.849657e-01 0.000000e+00 4.868154e-02 6.395214e-02 2.400633e-03 0.000000e+00 0.000000e+00 0.000000e+00 0.000000e+00 0.000000e+00 0.000000e+00 0.000000e+00 0.000000e+00 0.000000e+00
9.000000e+01 WAE 4 0 0 0.000000e+00 8.839331e-01 0.000000e+00 4.862471e-02 6.500210e-02 2.440050e-03 0.000000e+00 0.000000e+00 0.000000e+00 0.000000e+00 0.000000e+00 0.000000e+00 0.000000e+00 0.000000e+00 0.000000e+00
9.000000e+01 WAE 5 0 0 6.398585e-02 2.967454e-01 5.798711e-01 1.632378e-02 4.151552e-02 1.558410e-03 0.000000e+00 0.000000e+00 0.000000e+00 0.000000e+00 0.000000e+00 0.000000e+00 0.000000e+00 0.000000e+00 0.000000e+00
9.000000e+01 WAE 6 0 0 6.428795e-02 2.981472e-01 5.826112e-01 1.640085e-02 3.715796e-02 1.394839e-03 0.000000e+00 0.000000e+00 0.000000e+00 0.000000e+00 0.000000e+00 0.000000e+00 0.000000e+00 0.000000e+00 0.000000e+00
9.000000e+01 WAE 7 0 0 4.325450e-02 2.004325e-01 7.094655e-01 1.103608e-02 3.451591e-02 1.295553e-03 0.000000e+00 0.000000e+00 0.000000e+00 0.000000e+00 0.000000e+00 0.000000e+00 0.000000e+00 0.000000e+00 0.000000e+00
9.000000e+01 YPH 0 0 0 0.000000e+00 0.000000e+00 0.000000e+00 0.000000e+00 8.268345e-03 3.103337e-03 0.000000e+00 0.000000e+00 9.003060e-01 8.814003e-02 1.611799e-05 0.000000e+00 1.144113e-04 5.175360e-05 1.660135e-13
9.000000e+01 YPH 1 0 0 0.000000e+00 0.000000e+00 0.000000e+00 0.000000e+00 8.456350e-03 3.174052e-03 0.000000e+00 0.000000e+00 9.000705e-01 8.811692e-02 1.610966e-05 0.000000e+00 1.143403e-04 5.171105e-05 1.659358e-13
9.000000e+01 YPH 2 0 0 0.000000e+00 0.000000e+00 0.000000e+00 5.072838e-06 2.295233e-03 8.614706e-04 0.000000e+00 0.000000e+00 9.079164e-01 8.888502e-02 3.257109e-06 0.000000e+00 2.309989e-05 1.041856e-05 3.357412e-14
9.000000e+01 YPH 3 0 0 0.000000e+00 0.000000e+00 0.000000e+00 5.072767e-06 2.293910e-03 8.609777e-04 0.000000e+00 0.000000e+00 9.079181e-01 8.888518e-02 3.257058e-06 0.000000e+00 2.309945e-05 1.041836e-05 3.357354e-14
9.000000e+01 YPH 4 0 0 0.000000e+00 2.386710e-04 0.000000e+00 5.071575e-06 2.294096e-03 8.610497e-04 0.000000e+00 0.000000e+00 9.077005e-01 8.886387e-02 3.256322e-06 0.000000e+00 2.309409e-05 1.041579e-05 3.356599e-14
9.000000e+01 YPH 5 0 0 0.000000e+00 2.386610e-04 0.000000e+00 1.976648e-05 2.291351e-03 8.600200e-04 0.000000e+00 0.000000e+00 9.076905e-01 8.886290e-02 3.256136e-06 0.000000e+00 2.309291e-05 1.041549e-05 3.356396e-14
9.000000e+01 YPH 6 0 0 0.000000e+00 2.386788e-04 0.000000e+00 1.976787e-05 2.298833e-03 8.628297e-04 0.000000e+00 0.000000e+00 9.076812e-01 8.886197e-02 3.256532e-06 0.000000e+00 2.309518e-05 1.041575e-05 3.356834e-14
9.000000e+01 GZS 0 0 0 0.000000e+00 0.000000e+00 0.000000e+00 0.000000e+00 0.000000e+00 2.160794e-03 0.000000e+00 0.000000e+00 9.088612e-01 8.897803e-02 0.000000e+00 0.000000e+00 0.000000e+00 0.000000e+00 0.000000e+00
9.000000e+01 GZS 1 0 0 0.000000e+00 0.000000e+00 0.000000e+00 0.000000e+00 0.000000e+00 0.000000e+00 9.942539e-04 9.942539e-04 9.980115e-01 0.000000e+00 0.000000e+00 0.000000e+00 0.000000e+00 0.000000e+00 0.000000e+00
9.000000e+01 GZS 2 0 0 0.000000e+00 0.000000e+00 0.000000e+00 0.000000e+00 0.000000e+00 0.000000e+00 9.944124e-04 9.944124e-04 9.980112e-01 0.000000e+00 0.000000e+00 0.000000e+00 0.000000e+00 0.000000e+00 0.000000e+00
9.000000e+01 GZS 3 0 0 0.000000e+00 0.000000e+00 0.000000e+00 0.000000e+00 0.000000e+00 0.000000e+00 9.948781e-04 9.948781e-04 9.980102e-01 0.000000e+00 0.000000e+00 0.000000e+00 0.000000e+00 0.000000e+00 0.000000e+00
9.000000e+01 GZS 4 0 0 0.000000e+00 0.000000e+00 0.000000e+00 0.000000e+00 0.000000e+00 0.000000e+00 9.950359e-04 9.950359e-04 9.980099e-01 0.000000e+00 0.000000e+00 0.000000e+00 0.000000e+00 0.000000e+00 0.000000e+00
9.000000e+01 RDG 0 0 0 0.000000e+00 0.000000e+00 0.000000e+00 0.000000e+00 1.311367e-02 3.691469e-03 0.000000e+00 0.000000e+00 8.938673e-01 8.750973e-02 1.686908e-04 0.000000e+00 1.134947e-03 5.142302e-04 1.645357e-12
9.000000e+01 RDG 1 0 0 0.000000e+00 0.000000e+00 0.000000e+00 0.000000e+00 1.330763e-02 3.746049e-03 0.000000e+00 0.000000e+00 8.936415e-01 8.748764e-02 1.686341e-04 0.000000e+00 1.134556e-03 5.140336e-04 1.644846e-12
9.000000e+01 RDG 2 0 0 0.000000e+00 0.000000e+00 0.000000e+00 0.000000e+00 6.240287e-01 1.171244e-02 0.000000e+00 0.000000e+00 0.000000e+00 0.000000e+00 3.368835e-02 0.000000e+00 2.270410e-01 1.035295e-01 3.280406e-10
9.000000e+01 RDG 3 0 0 0.000000e+00 0.000000e+00 0.000000e+00 0.000000e+00 2.224249e-01 4.174745e-03 0.000000e+00 0.000000e+00 0.000000e+00 0.000000e+00 7.152750e-02 0.000000e+00 4.820503e-01 2.198225e-01 6.964489e-10
9.000000e+01 RDG 4 0 0 0.000000e+00 0.000000e+00 0.000000e+00 0.000000e+00 2.796491e-01 5.248795e-03 0.000000e+00 0.000000e+00 0.000000e+00 0.000000e+00 6.613553e-02 0.000000e+00 4.457143e-01 2.032523e-01 6.439598e-10
9.000000e+01 DRE 0 0 1 0.000000e+00 0.000000e+00 0.000000e+00 0.000000e+00 0.000000e+00 0.000000e+00 1.090909e-05 1.090909e-05 9.105693e-01 8.914437e-02 0.000000e+00 0.000000e+00 6.400402e-05 2.004974e-04 1.090909e-13
9.000000e+01 CHI 0 0 1 0.000000e+00 0.000000e+00 0.000000e+00 0.000000e+00 0.000000e+00 0.000000e+00 0.000000e+00 0.000000e+00 0.000000e+00 0.000000e+00 0.000000e+00 0.000000e+00 5.843462e-01 4.156538e-01 7.575466e-12
9.000000e+01 CAL 0 0 1 0.000000e+00 0.000000e+00 0.000000e+00 0.000000e+00 0.000000e+00 0.000000e+00 1.555890e-01 1.555890e-01 0.000000e+00 0.000000e+00 0.000000e+00 0.000000e+00 4.859917e-01 2.028303e-01 7.366437e-10
9.000000e+01 ROT 0 0 1 0.000000e+00 0.000000e+00 0.000000e+00 0.000000e+00 0.000000e+00 0.000000e+00 1.555887e-01 1.555887e-01 0.000000e+00 0.000000e+00 0.000000e+00 0.000000e+00 4.859916e-01 2.028309e-01 7.366423e-10
9.500000e+01 WAE 0 0 1 0.000000e+00 2.399194e-02 0.000000e+00 1.008809e-03 0.000000e+00 2.132538e-03 0.000000e+00 0.000000e+00 8.860760e-01 8.679073e-02 0.000000e+00 0.000000e+00 0.000000e+00 0.000000e+00 0.000000e+00
9.500000e+01 WAE 1 0 1 0.000000e+00 2.399237e-02 0.000000e+00 1.008800e-03 0.000000e+00 2.133205e-03 0.000000e+00 0.000000e+00 8.860750e-01 8.679058e-02 0.000000e+00 0.000000e+00 0.000000e+00 0.000000e+00 0.000000e+00
9.500000e+01 WAE 2 0 1 0.000000e+00 8.935968e-01 0.000000e+00 4.977498e-02 5.462453e-02 2.003710e-03 0.000000e+00 0.000000e+00 0.000000e+00 0.000000e+00 0.000000e+00 0.000000e+00 0.000000e+00 0.000000e+00 0.000000e+00
9.500000e+01 WAE 3 0 1 0.000000e+00 8.849994e-01 0.000000e+00 4.929373e-02 6.338168e-02 2.325159e-03 0.000000e+00 0.000000e+00 0.000000e+00 0.000000e+00 0.000000e+00 0.000000e+00 0.000000e+00 0.000000e+00 0.000000e+00
9.500000e+01 WAE 4 0 1 0.000000e+00 8.839860e-01 0.000000e+00 4.923613e-02 6.441473e-02 2.363165e-03 0.000000e+00 0.000000e+00 0.000000e+00 0.000000e+00 0.000000e+00 0.000000e+00 0.000000e+00 0.000000e+00 0.000000e+00
9.500000e+01 WAE 5 0 1 6.489544e-02 2.977219e-01 5.779360e-01 1.658242e-02 4.134741e-02 1.516903e-03 0.000000e+00 0.000000e+00 0.000000e+00 0.000000e+00 0.000000e+00 0.000000e+00 0.000000e+00 0.000000e+00 0.000000e+00
9.500000e+01 WAE 6 0 1 6.519678e-02 2.991052e-01 5.806225e-01 1.665941e-02 3.705662e-02 1.359493e-03 0.000000e+00 0.000000e+00 0.000000e+00 0.000000e+00 0.000000e+00 0.000000e+00 0.000000e+00 0.000000e+00 0.000000e+00
9.500000e+01 WAE 7 0 1 6.514980e-02 2.988897e-01 5.802042e-01 1.664741e-02 3.772484e-02 1.384010e-03 0.000000e+00 0.000000e+00 0.000000e+00 0.000000e+00 0.000000e+00 0.000000e+00 0.000000e+00 0.000000e+00 0.000000e+00
9.500000e+01 YPH 0 0 0 0.000000e+00 0.000000e+00 0.000000e+00 0.000000e+00 8.285718e-03 3.038471e-03 0.000000e+00 0.000000e+00 9.002986e-01 8.818382e-02 1.617216e-05 0.000000e+00 1.195970e-04 5.763487e-05 1.665722e-13
9.500000e+01 YPH 1 0 0 0.000000e+00 0.000000e+00 0.000000e+00 0.000000e+00 8.472824e-03 3.107254e-03 0.000000e+00 0.000000e+00 9.000657e-01 8.816094e-02 1.616381e-05 0.000000e+00 1.195218e-04 5.758722e-05 1.664943e-13
9.500000e+01 YPH 2 0 0 0.000000e+00 0.000000e+00 0.000000e+00 5.289846e-06 2.296261e-03 8.420743e-04 0.000000e+00 0.000000e+00 9.078900e-01 8.892732e-02 3.267962e-06 0.000000e+00 2.414441e-05 1.160192e-05 3.368605e-14
9.500000e+01 YPH 3 0 0 0.000000e+00 0.000000e+00 0.000000e+00 5.289771e-06 2.294926e-03 8.415887e-04 0.000000e+00 0.000000e+00 9.078917e-01 8.892748e-02 3.267912e-06 0.000000e+00 2.414394e-05 1.160168e-05 3.368547e-14
9.500000e+01 YPH 4 0 0 0.000000e+00 2.551151e-05 0.000000e+00 5.289657e-06 2.295504e-03 8.418028e-04 0.000000e+00 0.000000e+00 9.078678e-01 8.892513e-02 3.267868e-06 0.000000e+00 2.414346e-05 1.160130e-05 3.368505e-14
9.500000e+01 YPH 5 0 0 0.000000e+00 2.464750e-04 0.000000e+00 2.067140e-05 2.292333e-03 8.406406e-04 0.000000e+00 0.000000e+00 9.076564e-01 8.890443e-02 3.266958e-06 0.000000e+00 2.413689e-05 1.159839e-05 3.367556e-14
9.500000e+01 YPH 6 0 0 0.000000e+00 2.464934e-04 0.000000e+00 2.067286e-05 2.299884e-03 8.434116e-04 0.000000e+00 0.000000e+00 9.076470e-01 8.890350e-02 3.267357e-06 0.000000e+00 2.413921e-05 1.159866e-05 3.367998e-14
9.500000e+01 GZS 0 0 0 0.000000e+00 0.000000e+00 0.000000e+00 0.000000e+00 0.000000e+00 2.113259e-03 0.000000e+00 0.000000e+00 9.088635e-01 8.902319e-02 0.000000e+00 0.000000e+00 0.000000e+00 0.000000e+00 0.000000e+00
9.500000e+01 GZS 1 0 0 0.000000e+00 0.000000e+00 0.000000e+00 0.000000e+00 0.000000e+00 0.000000e+00 9.975829e-04 9.975829e-04 9.980048e-01 0.000000e+00 0.000000e+00 0.000000e+00 0.000000e+00 0.000000e+00 0.000000e+00
9.500000e+01 GZS 2 0 0 0.000000e+00 0.000000e+00 0.000000e+00 0.000000e+00 0.000000e+00 0.000000e+00 9.977420e-04 9.977420e-04 9.980045e-01 0.000000e+00 0.000000e+00 0.000000e+00 0.000000e+00 0.000000e+00 0.000000e+00
9.500000e+01 GZS 3 0 0 0.000000e+00 0.000000e+00 0.000000e+00 0.000000e+00 0.000000e+00 0.000000e+00 9.982101e-04 9.982101e-04 9.980036e-01 0.000000e+00 0.000000e+00 0.000000e+00 0.000000e+00 0.000000e+00 0.000000e+00
9.500000e+01 GZS 4 0 0 0.000000e+00 0.000000e+00 0.000000e+00 0.000000e+00 0.000000e+00 0.000000e+00 9.983687e-04 9.983687e-04 9.980033e-01 0.000000e+00 0.000000e+00 0.000000e+00 0.000000e+00 0.000000e+00 0.000000e+00
9.500000e+01 RDG 0 0 0 0.000000e+00 0.000000e+00 0.000000e+00 0.000000e+00 1.314429e-02 3.615158e-03 0.000000e+00 0.000000e+00 8.937682e-01 8.754421e-02 1.692400e-04 0.000000e+00 1.186315e-03 5.726202e-04 1.650721e-12
9.500000e+01 RDG 1 0 0 0.000000e+00 0.000000e+00 0.000000e+00 0.000000e+00 1.333834e-02 3.668508e-03 0.000000e+00 0.000000e+00 8.935434e-01 8.752222e-02 1.691834e-04 0.000000e+00 1.185908e-03 5.724023e-04 1.650211e-12
9.500000e+01 RDG 2 0 0 0.000000e+00 0.000000e+00 0.000000e+00 0.000000e+00 6.115819e-01 1.121556e-02 0.000000e+00 0.000000e+00 0.000000e+00 0.000000e+00 3.298953e-02 0.000000e+00 2.316762e-01 1.125368e-01 3.212356e-10
9.500000e+01 RDG 3 0 0 0.000000e+00 0.000000e+00 0.000000e+00 0.000000e+00 2.134835e-01 3.915027e-03 0.000000e+00 0.000000e+00 0.000000e+00 0.000000e+00 6.844507e-02 0.000000e+00 4.806637e-01 2.334927e-01 6.664335e-10
9.500000e+01 RDG 4 0 0 0.000000e+00 0.000000e+00 0.000000e+00 0.000000e+00 2.690958e-01 4.934885e-03 0.000000e+00 0.000000e+00 0.000000e+00 0.000000e+00 6.349178e-02 0.000000e+00 4.458814e-01 2.165961e-01 6.182160e-10
9.500000e+01 DRE 0 0 1 0.000000e+00 0.000000e+00 0.000000e+00 0.000000e+00 0.000000e+00 0.000000e+00 1.094493e-05 1.094493e-05 9.105063e-01 8.918321e-02 0.000000e+00 0.000000e+00 6.638580e-05 2.222191e-04 1.094493e-13
9.500000e+01 CHI 0 0 1 0.000000e+00 0.000000e+00 0.000000e+00 0.000000e+00 0.000000e+00 0.000000e+00 0.000000e+00 0.000000e+00 0.000000e+00 0.000000e+00 0.000000e+00 0.000000e+00 5.756625e-01 4.243375e-01 7.428076e-12
9.500000e+01 CAL 0 0 1 0.000000e+00 0.000000e+00 0.000000e+00 0.000000e+00 0.000000e+00 0.000000e+00 1.493975e-01 1.493975e-01 0.000000e+00 0.000000e+00 0.000000e+00 0.000000e+00 4.852257e-01 2.159794e-01 7.073295e-10
9.500000e+01 ROT 0 0 1 0.000000e+00 0.000000e+00 0.000000e+00 0.000000e+00 0.000000e+00 0.000000e+00 1.493972e-01 1.493972e-01 0.000000e+00 0.000000e+00 0.000000e+00 0.000000e+00 4.852256e-01 2.159801e-01 7.073280e-10
1.000000e+02 WAE 0 0 1 0.000000e+00 2.451873e-02 0.000000e+00 1.055023e-03 0.000000e+00 2.079890e-03 0.000000e+00 0.000000e+00 8.855618e-01 8.678452e-02 0.000000e+00 0.000000e+00 0.000000e+00 0.000000e+00 0.000000e+00
1.000000e+02 WAE 1 0 1 0.000000e+00 2.451916e-02 0.000000e+00 1.055012e-03 0.000000e+00 2.080560e-03 0.000000e+00 0.000000e+00 8.855609e-01 8.678437e-02 0.000000e+00 0.000000e+00 0.000000e+00 0.000000e+00 0.000000e+00
1.000000e+02 WAE 2 0 1 0.000000e+00 8.934467e-01 0.000000e+00 5.041062e-02 5.420632e-02 1.936314e-03 0.000000e+00 0.000000e+00 0.000000e+00 0.000000e+00 0.000000e+00 0.000000e+00 0.000000e+00 0.000000e+00 0.000000e+00
1.000000e+02 WAE 3 0 1 0.000000e+00 8.850163e-01 0.000000e+00 4.993500e-02 6.280525e-02 2.243481e-03 0.000000e+00 0.000000e+00 0.000000e+00 0.000000e+00 0.000000e+00 0.000000e+00 0.000000e+00 0.000000e+00 0.000000e+00
1.000000e+02 WAE 4 0 1 0.000000e+00 8.840225e-01 0.000000e+00 4.987889e-02 6.381896e-02 2.279697e-03 0.000000e+00 0.000000e+00 0.000000e+00 0.000000e+00 0.000000e+00 0.000000e+00 0.000000e+00 0.000000e+00 0.000000e+00
1.000000e+02 WAE 5 0 1 6.582895e-02 2.987749e-01 5.758882e-01 1.685764e-02 4.117940e-02 1.470982e-03 0.000000e+00 0.000000e+00 0.000000e+00 0.000000e+00 0.000000e+00 0.000000e+00 0.000000e+00 0.000000e+00 0.000000e+00
1.000000e+02 WAE 6 0 1 6.612950e-02 3.001397e-01 5.785198e-01 1.693460e-02 3.695627e-02 1.320130e-03 0.000000e+00 0.000000e+00 0.000000e+00 0.000000e+00 0.000000e+00 0.000000e+00 0.000000e+00 0.000000e+00 0.000000e+00
1.000000e+02 WAE 7 0 1 6.608268e-02 2.999271e-01 5.781100e-01 1.692261e-02 3.761392e-02 1.343622e-03 0.000000e+00 0.000000e+00 0.000000e+00 0.000000e+00 0.000000e+00 0.000000e+00 0.000000e+00 0.000000e+00 0.000000e+00
1.000000e+02 YPH 0 0 0 0.000000e+00 0.000000e+00 0.000000e+00 0.000000e+00 8.307228e-03 2.966903e-03 0.000000e+00 0.000000e+00 9.002916e-01 8.822802e-02 1.623275e-05 0.000000e+00 1.256016e-04 6.446313e-05 1.671971e-13
1.000000e+02 YPH 1 0 0 0.000000e+00 0.000000e+00 0.000000e+00 0.000000e+00 8.493476e-03 3.033610e-03 0.000000e+00 0.000000e+00 9.000614e-01 8.820539e-02 1.622438e-05 0.000000e+00 1.255214e-04 6.440947e-05 1.671189e-13
1.000000e+02 YPH 2 0 0 0.000000e+00 0.000000e+00 0.000000e+00 5.519343e-06 2.298225e-03 8.208143e-04 0.000000e+00 0.000000e+00 9.078638e-01 8.897002e-02 3.280112e-06 0.000000e+00 2.535389e-05 1.297578e-05 3.381134e-14
1.000000e+02 YPH 3 0 0 0.000000e+00 0.000000e+00 0.000000e+00 5.519264e-06 2.296877e-03 8.203370e-04 0.000000e+00 0.000000e+00 9.078655e-01 8.897018e-02 3.280060e-06 0.000000e+00 2.535338e-05 1.297551e-05 3.381076e-14
1.000000e+02 YPH 4 0 0 0.000000e+00 0.000000e+00 0.000000e+00 5.519291e-06 2.297494e-03 8.205600e-04 0.000000e+00 0.000000e+00 9.078647e-01 8.897009e-02 3.280104e-06 0.000000e+00 2.535353e-05 1.297541e-05 3.381123e-14
1.000000e+02 YPH 5 0 0 0.000000e+00 2.546965e-04 0.000000e+00 2.163024e-05 2.294245e-03 8.194004e-04 0.000000e+00 0.000000e+00 9.076221e-01 8.894632e-02 3.279073e-06 0.000000e+00 2.534574e-05 1.297171e-05 3.380050e-14
1.000000e+02 YPH 6 0 0 0.000000e+00 2.547155e-04 0.000000e+00 2.163176e-05 2.301875e-03 8.221273e-04 0.000000e+00 0.000000e+00 9.076127e-01 8.894538e-02 3.279474e-06 0.000000e+00 2.534812e-05 1.297198e-05 3.380495e-14
1.000000e+02 GZS 0 0 0 0.000000e+00 0.000000e+00 0.000000e+00 0.000000e+00 0.000000e+00 2.061144e-03 0.000000e+00 0.000000e+00 9.088697e-01 8.906912e-02 0.000000e+00 0.000000e+00 0.000000e+00 0.000000e+00 0.000000e+00
1.000000e+02 GZS 1 0 0 0.000000e+00 0.000000e+00 0.000000e+00 0.000000e+00 0.000000e+00 0.000000e+00 1.001306e-03 1.001306e-03 9.979974e-01 0.000000e+00 0.000000e+00 0.000000e+00 0.000000e+00 0.000000e+00 0.000000e+00
1.000000e+02 GZS 2 0 0 0.000000e+00 0.000000e+00 0.000000e+00 0.000000e+00 0.000000e+00 0.000000e+00 1.001466e-03 1.001466e-03 9.979971e-01 0.000000e+00 0.000000e+00 0.000000e+00 0.000000e+00 0.000000e+00 0.000000e+00
1.000000e+02 GZS 3 0 0 0.000000e+00 0.000000e+00 0.000000e+00 0.000000e+00 0.000000e+00 0.000000e+00 1.001936e-03 1.001936e-03 9.979961e-01 0.000000e+00 0.000000e+00 0.000000e+00 0.000000e+00 0.000000e+00 0.000000e+00
1.000000e+02 GZS 4 0 0 0.000000e+00 0.000000e+00 0.000000e+00 0.000000e+00 0.000000e+00 0.000000e+00 1.002096e-03 1.002096e-03 9.979958e-01 0.000000e+00 0.000000e+00 0.000000e+00 0.000000e+00 0.000000e+00 0.000000e+00
1.000000e+02 RDG 0 0 0 0.000000e+00 0.000000e+00 0.000000e+00 0.000000e+00 1.318116e-02 3.530746e-03 0.000000e+00 0.000000e+00 8.936544e-01 8.757763e-02 1.698535e-04 0.000000e+00 1.245783e-03 6.403976e-04 1.656712e-12
1.000000e+02 RDG 1 0 0 0.000000e+00 0.000000e+00 0.000000e+00 0.000000e+00 1.337541e-02 3.582757e-03 0.000000e+00 0.000000e+00 8.934308e-01 8.755573e-02 1.697968e-04 0.000000e+00 1.245356e-03 6.401552e-04 1.656202e-12
1.000000e+02 RDG 2 0 0 0.000000e+00 0.000000e+00 0.000000e+00 0.000000e+00 5.978393e-01 1.067785e-02 0.000000e+00 0.000000e+00 0.000000e+00 0.000000e+00 3.221836e-02 0.000000e+00 2.367837e-01 1.224808e-01 3.137262e-10
1.000000e+02 RDG 3 0 0 0.000000e+00 0.000000e+00 0.000000e+00 0.000000e+00 2.040769e-01 3.645000e-03 0.000000e+00 0.000000e+00 0.000000e+00 0.000000e+00 6.520331e-02 0.000000e+00 4.791932e-01 2.478816e-01 6.348667e-10
1.000000e+02 RDG 4 0 0 0.000000e+00 0.000000e+00 0.000000e+00 0.000000e+00 2.579186e-01 4.606659e-03 0.000000e+00 0.000000e+00 0.000000e+00 0.000000e+00 6.069268e-02 0.000000e+00 4.460469e-01 2.307352e-01 5.909597e-10
1.000000e+02 DRE 0 0 1 0.000000e+00 0.000000e+00 0.000000e+00 0.000000e+00 0.000000e+00 0.000000e+00 1.098505e-05 1.098505e-05 9.104394e-01 8.922204e-02 0.000000e+00 0.000000e+00 6.913678e-05 2.473997e-04 1.098505e-13
1.000000e+02 CHI 0 0 1 0.000000e+00 0.000000e+00 0.000000e+00 0.000000e+00 0.000000e+00 0.000000e+00 0.000000e+00 0.000000e+00 0.000000e+00 0.000000e+00 0.000000e+00 0.000000e+00 5.671008e-01 4.328992e-01 7.278759e-12
1.000000e+02 CAL 0 0 1 0.000000e+00 0.000000e+00 0.000000e+00 0.000000e+00 0.000000e+00 0.000000e+00 1.428421e-01 1.428421e-01 0.000000e+00 0.000000e+00 0.000000e+00 0.000000e+00 4.844010e-01 2.299147e-01 6.762931e-10
1.000000e+02 ROT 0 0 1 0.000000e+00 0.000000e+00 0.000000e+00 0.000000e+00 0.000000e+00 0.000000e+00 1.428418e-01 1.428418e-01 0.000000e+00 0.000000e+00 0.000000e+00 0.000000e+00 4.844009e-01 2.299155e-01 6.762914e-10
1.050000e+02 WAE 0 0 1 0.000000e+00 2.507070e-02 0.000000e+00 1.103810e-03 0.000000e+00 2.022176e-03 0.000000e+00 0.000000e+00 8.850267e-01 8.677660e-02 0.000000e+00 0.000000e+00 0.000000e+00 0.000000e+00 0.000000e+00
1.050000e+02 WAE 1 0 1 0.000000e+00 2.507111e-02 0.000000e+00 1.103798e-03 0.000000e+00 2.022848e-03 0.000000e+00 0.000000e+00 8.850258e-01 8.677646e-02 0.000000e+00 0.000000e+00 0.000000e+00 0.000000e+00 0.000000e+00
1.050000e+02 WAE 2 0 1 0.000000e+00 8.932751e-01 0.000000e+00 5.106071e-02 5.379943e-02 1.864773e-03 0.000000e+00 0.000000e+00 0.000000e+00 0.000000e+00 0.000000e+00 0.000000e+00 0.000000e+00 0.000000e+00 0.000000e+00
1.050000e+02 WAE 3 0 1 0.000000e+00 8.850090e-01 0.000000e+00 5.058826e-02 6.224520e-02 2.157520e-03 0.000000e+00 0.000000e+00 0.000000e+00 0.000000e+00 0.000000e+00 0.000000e+00 0.000000e+00 0.000000e+00 0.000000e+00
1.050000e+02 WAE 4 0 1 0.000000e+00 8.840344e-01 0.000000e+00 5.053252e-02 6.324104e-02 2.192042e-03 0.000000e+00 0.000000e+00 0.000000e+00 0.000000e+00 0.000000e+00 0.000000e+00 0.000000e+00 0.000000e+00 0.000000e+00
1.050000e+02 WAE 5 0 1 6.676070e-02 2.998361e-01 5.738242e-01 1.713898e-02 4.101828e-02 1.421763e-03 0.000000e+00 0.000000e+00 0.000000e+00 0.000000e+00 0.000000e+00 0.000000e+00 0.000000e+00 0.000000e+00 0.000000e+00
1.050000e+02 WAE 6 0 1 6.706037e-02 3.011827e-01 5.764023e-01 1.721590e-02 3.686112e-02 1.277673e-03 0.000000e+00 0.000000e+00 0.000000e+00 0.000000e+00 0.000000e+00 0.000000e+00 0.000000e+00 0.000000e+00 0.000000e+00
1.050000e+02 WAE 7 0 1 6.701369e-02 3.009730e-01 5.760009e-01 1.720392e-02 3.750847e-02 1.300112e-03 0.000000e+00 0.000000e+00 0.000000e+00 0.000000e+00 0.000000e+00 0.000000e+00 0.000000e+00 0.000000e+00 0.000000e+00
1.050000e+02 YPH 0 0 1 0.000000e+00 0.000000e+00 0.000000e+00 0.000000e+00 8.333424e-03 2.887895e-03 0.000000e+00 0.000000e+00 9.002848e-01 8.827265e-02 1.630080e-05 0.000000e+00 1.325469e-04 7.236451e-05 1.678988e-13
1.050000e+02 YPH 1 0 1 0.000000e+00 0.000000e+00 0.000000e+00 0.000000e+00 8.518864e-03 2.952368e-03 0.000000e+00 0.000000e+00 9.000574e-01 8.825029e-02 1.629240e-05 0.000000e+00 1.324611e-04 7.230403e-05 1.678203e-13
1.050000e+02 YPH 2 0 1 0.000000e+00 0.000000e+00 0.000000e+00 5.763024e-06 2.298825e-03 7.967400e-04 0.000000e+00 0.000000e+00 9.078408e-01 8.901326e-02 3.295176e-06 0.000000e+00 2.675888e-05 1.456431e-05 3.396655e-14
1.050000e+02 YPH 3 0 1 0.000000e+00 0.000000e+00 0.000000e+00 5.763297e-06 2.296970e-03 7.961198e-04 0.000000e+00 0.000000e+00 9.078431e-01 8.901344e-02 3.295423e-06 0.000000e+00 2.675959e-05 1.456373e-05 3.396901e-14
1.050000e+02 YPH 4 0 1 0.000000e+00 0.000000e+00 0.000000e+00 5.763345e-06 2.297553e-03 7.963260e-04 0.000000e+00 0.000000e+00 9.078424e-01 8.901336e-02 3.295484e-06 0.000000e+00 2.675980e-05 1.456359e-05 3.396966e-14
1.050000e+02 YPH 5 0 1 0.000000e+00 2.634209e-04 0.000000e+00 1.763542e-05 2.294294e-03 7.951979e-04 0.000000e+00 0.000000e+00 9.075957e-01 8.898918e-02 3.294446e-06 0.000000e+00 2.675154e-05 1.455937e-05 3.395885e-14
1.050000e+02 YPH 6 0 1 0.000000e+00 2.634398e-04 0.000000e+00 2.265292e-05 2.301850e-03 7.978194e-04 0.000000e+00 0.000000e+00 9.075818e-01 8.898780e-02 3.294842e-06 0.000000e+00 2.675388e-05 1.455957e-05 3.396324e-14
1.050000e+02 GZS 0 0 0 0.000000e+00 0.000000e+00 0.000000e+00 0.000000e+00 0.000000e+00 2.003958e-03 0.000000e+00 0.000000e+00 9.088802e-01 8.911587e-02 0.000000e+00 0.000000e+00 0.000000e+00 0.000000e+00 0.000000e+00
1.050000e+02 GZS 1 0 0 0.000000e+00 0.000000e+00 0.000000e+00 0.000000e+00 0.000000e+00 0.000000e+00 1.005486e-03 1.005486e-03 9.979890e-01 0.000000e+00 0.000000e+00 0.000000e+00 0.000000e+00 0.000000e+00 0.000000e+00
1.050000e+02 GZS 2 0 0 0.000000e+00 0.000000e+00 0.000000e+00 0.000000e+00 0.000000e+00 0.000000e+00 1.005646e-03 1.005646e-03 9.979887e-01 0.000000e+00 0.000000e+00 0.000000e+00 0.000000e+00 0.000000e+00 0.000000e+00
1.050000e+02 GZS 3 0 0 0.000000e+00 0.000000e+00 0.000000e+00 0.000000e+00 0.000000e+00 0.000000e+00 1.006120e-03 1.006120e-03 9.979878e-01 0.000000e+00 0.000000e+00 0.000000e+00 0.000000e+00 0.000000e+00 0.000000e+00
1.050000e+02 GZS 4 0 0 0.000000e+00 0.000000e+00 0.000000e+00 0.000000e+00 0.000000e+00 0.000000e+00 1.006281e-03 1.006281e-03 9.979874e-01 0.000000e+00 0.000000e+00 0.000000e+00 0.000000e+00 0.000000e+00 0.000000e+00
1.050000e+02 RDG 0 0 0 0.000000e+00 0.000000e+00 0.000000e+00 0.000000e+00 1.322508e-02 3.437340e-03 0.000000e+00 0.000000e+00 8.935239e-01 8.760979e-02 1.705415e-04 0.000000e+00 1.314548e-03 7.188056e-04 1.663430e-12
1.050000e+02 RDG 1 0 0 0.000000e+00 0.000000e+00 0.000000e+00 0.000000e+00 1.341966e-02 3.487891e-03 0.000000e+00 0.000000e+00 8.933013e-01 8.758799e-02 1.704848e-04 0.000000e+00 1.314098e-03 7.185345e-04 1.662920e-12
1.050000e+02 RDG 2 0 0 0.000000e+00 0.000000e+00 0.000000e+00 0.000000e+00 5.828019e-01 1.010050e-02 0.000000e+00 0.000000e+00 0.000000e+00 0.000000e+00 3.137497e-02 0.000000e+00 2.423742e-01 1.333484e-01 3.055135e-10
1.050000e+02 RDG 3 0 0 0.000000e+00 0.000000e+00 0.000000e+00 0.000000e+00 1.943028e-01 3.367489e-03 0.000000e+00 0.000000e+00 0.000000e+00 0.000000e+00 6.183585e-02 0.000000e+00 4.776773e-01 2.628165e-01 6.020760e-10
1.050000e+02 RDG 4 0 0 0.000000e+00 0.000000e+00 0.000000e+00 0.000000e+00 2.462225e-01 4.267314e-03 0.000000e+00 0.000000e+00 0.000000e+00 0.000000e+00 5.776459e-02 0.000000e+00 4.462309e-01 2.455147e-01 5.624471e-10
1.050000e+02 DRE 0 0 1 0.000000e+00 0.000000e+00 0.000000e+00 0.000000e+00 0.000000e+00 0.000000e+00 1.103014e-05 1.103014e-05 9.103682e-01 8.926086e-02 0.000000e+00 0.000000e+00 7.231777e-05 2.765136e-04 1.103014e-13
1.050000e+02 CHI 0 0 1 0.000000e+00 0.000000e+00 0.000000e+00 0.000000e+00 0.000000e+00 0.000000e+00 0.000000e+00 0.000000e+00 0.000000e+00 0.000000e+00 0.000000e+00 0.000000e+00 5.585974e-01 4.414026e-01 7.127672e-12
1.050000e+02 CAL 0 0 1 0.000000e+00 0.000000e+00 0.000000e+00 0.000000e+00 0.000000e+00 0.000000e+00 1.359821e-01 1.359821e-01 0.000000e+00 0.000000e+00 0.000000e+00 0.000000e+00 4.835516e-01 2.444842e-01 6.438138e-10
1.050000e+02 ROT 0 0 1 0.000000e+00 0.000000e+00 0.000000e+00 0.000000e+00 0.000000e+00 0.000000e+00 1.359817e-01 1.359817e-01 0.000000e+00 0.000000e+00 0.000000e+00 0.000000e+00 4.835515e-01 2.444850e-01 6.438121e-10
1.100000e+02 WAE 0 0 2 0.000000e+00 1.033130e-03 0.000000e+00 3.343663e-04 0.000000e+00 2.036543e-03 0.000000e+00 0.000000e+00 9.075547e-01 8.904129e-02 0.000000e+00 0.000000e+00 0.000000e+00 0.000000e+00 0.000000e+00
1.100000e+02 WAE 1 0 2 0.000000e+00 2.447900e-02 0.000000e+00 1.156602e-03 0.000000e+00 1.961455e-03 0.000000e+00 0.000000e+00 8.855319e-01 8.687106e-02 0.000000e+00 0.000000e+00 0.000000e+00 0.000000e+00 0.000000e+00
1.100000e+02 WAE 2 0 2 3.093347e-01 6.060371e-01 0.000000e+00 3.660352e-02 4.646914e-02 1.555545e-03 0.000000e+00 0.000000e+00 0.000000e+00 0.000000e+00 0.000000e+00 0.000000e+00 0.000000e+00 0.000000e+00 0.000000e+00
1.100000e+02 WAE 3 0 2 3.117294e-01 5.981500e-01 0.000000e+00 3.616823e-02 5.220489e-02 1.747525e-03 0.000000e+00 0.000000e+00 0.000000e+00 0.000000e+00 0.000000e+00 0.000000e+00 0.000000e+00 0.000000e+00 0.000000e+00
1.100000e+02 WAE 4 0 2 3.117589e-01 5.974553e-01 0.000000e+00 3.612869e-02 5.288671e-02 1.770366e-03 0.000000e+00 0.000000e+00 0.000000e+00 0.000000e+00 0.000000e+00 0.000000e+00 0.000000e+00 0.000000e+00 0.000000e+00
1.100000e+02 WAE 5 0 2 3.021466e-01 5.518229e-01 5.886630e-02 3.344865e-02 5.197578e-02 1.739810e-03 0.000000e+00 0.000000e+00 0.000000e+00 0.000000e+00 0.000000e+00 0.000000e+00 0.000000e+00 0.000000e+00 0.000000e+00
1.100000e+02 WAE 6 0 2 1.516196e-01 2.658035e-01 5.291314e-01 1.612323e-02 3.611340e-02 1.208797e-03 0.000000e+00 0.000000e+00 0.000000e+00 0.000000e+00 0.000000e+00 0.000000e+00 0.000000e+00 0.000000e+00 0.000000e+00
1.100000e+02 WAE 7 0 2 1.975861e-01 2.506645e-01 4.991006e-01 1.520842e-02 3.622782e-02 1.212578e-03 0.000000e+00 0.000000e+00 0.000000e+00 0.000000e+00 0.000000e+00 0.000000e+00 0.000000e+00 0.000000e+00 0.000000e+00
1.100000e+02 YPH 0 0 2 0.000000e+00 0.000000e+00 0.000000e+00 0.000000e+00 8.276328e-03 2.776546e-03 0.000000e+00 0.000000e+00 9.003817e-01 8.832558e-02 1.647463e-05 0.000000e+00 1.413069e-04 8.204066e-05 1.696843e-13
1.100000e+02 YPH 1 0 2 0.000000e+00 0.000000e+00 0.000000e+00 0.000000e+00 8.555213e-03 2.863910e-03 0.000000e+00 0.000000e+00 9.000462e-01 8.829508e-02 1.636222e-05 0.000000e+00 1.409400e-04 8.233671e-05 1.685409e-13
1.100000e+02 YPH 2 0 2 0.000000e+00 0.000000e+00 0.000000e+00 6.012365e-06 2.308290e-03 7.726376e-04 0.000000e+00 0.000000e+00 9.078081e-01 8.905656e-02 3.307600e-06 0.000000e+00 2.846212e-05 1.658709e-05 3.409499e-14
1.100000e+02 YPH 3 0 2 0.000000e+00 0.000000e+00 0.000000e+00 6.009227e-06 2.310888e-03 7.733067e-04 0.000000e+00 0.000000e+00 9.078049e-01 8.905653e-02 3.305217e-06 0.000000e+00 2.845607e-05 1.659580e-05 3.407061e-14
1.100000e+02 YPH 4 0 2 0.000000e+00 0.000000e+00 0.000000e+00 6.008412e-06 2.312656e-03 7.738448e-04 0.000000e+00 0.000000e+00 9.078027e-01 8.905639e-02 3.304617e-06 0.000000e+00 2.845463e-05 1.659808e-05 3.406452e-14
1.100000e+02 YPH 5 0 2 0.000000e+00 2.390584e-04 0.000000e+00 6.006646e-06 2.309480e-03 7.727727e-04 0.000000e+00 0.000000e+00 9.075889e-01 8.903543e-02 3.303556e-06 0.000000e+00 2.844658e-05 1.659444e-05 3.405348e-14
1.100000e+02 YPH 6 0 2 0.000000e+00 2.719726e-04 0.000000e+00 2.140988e-05 2.319904e-03 7.761450e-04 0.000000e+00 0.000000e+00 9.075322e-01 8.903002e-02 3.302492e-06 0.000000e+00 2.844453e-05 1.659883e-05 3.404299e-14
1.100000e+02 GZS 0 0 0 0.000000e+00 0.000000e+00 0.000000e+00 0.000000e+00 0.000000e+00 1.941015e-03 0.000000e+00 0.000000e+00 9.088954e-01 8.916355e-02 0.000000e+00 0.000000e+00 0.000000e+00 0.000000e+00 0.000000e+00
1.100000e+02 GZS 1 0 0 0.000000e+00 0.000000e+00 0.000000e+00 0.000000e+00 0.000000e+00 0.000000e+00 1.010207e-03 1.010207e-03 9.979796e-01 0.000000e+00 0.000000e+00 0.000000e+00 0.000000e+00 0.000000e+00 0.000000e+00
1.100000e+02 GZS 2 0 0 0.000000e+00 0.000000e+00 0.000000e+00 0.000000e+00 0.000000e+00 0.000000e+00 1.010369e-03 1.010369e-03 9.979793e-01 0.000000e+00 0.000000e+00 0.000000e+00 0.000000e+00 0.000000e+00 0.000000e+00
1.100000e+02 GZS 3 0 0 0.000000e+00 0.000000e+00 0.000000e+00 0.000000e+00 0.000000e+00 0.000000e+00 1.010846e-03 1.010846e-03 9.979783e-01 0.000000e+00 0.000000e+00 0.000000e+00 0.000000e+00 0.000000e+00 0.000000e+00
1.100000e+02 GZS 4 0 0 0.000000e+00 0.000000e+00 0.000000e+00 0.000000e+00 0.000000e+00 0.000000e+00 1.011008e-03 1.011008e-03 9.979780e-01 0.000000e+00 0.000000e+00 0.000000e+00 0.000000e+00 0.000000e+00 0.000000e+00
1.100000e+02 RDG 0 0 0 0.000000e+00 0.000000e+00 0.000000e+00 0.000000e+00 1.327696e-02 3.333689e-03 0.000000e+00 0.000000e+00 8.933617e-01 8.763928e-02 1.713160e-04 0.000000e+00 1.398762e-03 8.182479e-04 1.670993e-12
1.100000e+02 RDG 1 0 0 0.000000e+00 0.000000e+00 0.000000e+00 0.000000e+00 1.347209e-02 3.382641e-03 0.000000e+00 0.000000e+00 8.931402e-01 8.761756e-02 1.712587e-04 0.000000e+00 1.398301e-03 8.179685e-04 1.670477e-12
1.100000e+02 RDG 2 0 0 0.000000e+00 0.000000e+00 0.000000e+00 0.000000e+00 5.651281e-01 9.462050e-03 0.000000e+00 0.000000e+00 0.000000e+00 0.000000e+00 3.038561e-02 0.000000e+00 2.486831e-01 1.463412e-01 2.958794e-10
1.100000e+02 RDG 3 0 0 0.000000e+00 0.000000e+00 0.000000e+00 0.000000e+00 1.834635e-01 3.071808e-03 0.000000e+00 0.000000e+00 0.000000e+00 0.000000e+00 5.810537e-02 0.000000e+00 4.755273e-01 2.798320e-01 5.657504e-10
1.100000e+02 RDG 4 0 0 0.000000e+00 0.000000e+00 0.000000e+00 0.000000e+00 2.331512e-01 3.903747e-03 0.000000e+00 0.000000e+00 0.000000e+00 0.000000e+00 5.449590e-02 0.000000e+00 4.459943e-01 2.624548e-01 5.306182e-10
1.100000e+02 DRE 0 0 1 0.000000e+00 0.000000e+00 0.000000e+00 0.000000e+00 0.000000e+00 0.000000e+00 1.108106e-05 1.108106e-05 9.102887e-01 8.929931e-02 0.000000e+00 0.000000e+00 7.619437e-05 3.136223e-04 1.108106e-13
1.100000e+02 CHI 0 0 1 0.000000e+00 0.000000e+00 0.000000e+00 0.000000e+00 0.000000e+00 0.000000e+00 0.000000e+00 0.000000e+00 0.000000e+00 0.000000e+00 0.000000e+00 0.000000e+00 5.500746e-01 4.499254e-01 6.974521e-12
1.100000e+02 CAL 0 0 1 0.000000e+00 0.000000e+00 0.000000e+00 0.000000e+00 0.000000e+00 0.000000e+00 1.283184e-01 1.283184e-01 0.000000e+00 0.000000e+00 0.000000e+00 0.000000e+00 4.821244e-01 2.612388e-01 6.075299e-10
1.100000e+02 ROT 0 0 1 0.000000e+00 0.000000e+00 0.000000e+00 0.000000e+00 0.000000e+00 0.000000e+00 1.283179e-01 1.283179e-01 0.000000e+00 0.000000e+00 0.000000e+00 0.000000e+00 4.821242e-01 2.612400e-01 6.075276e-10
1.150000e+02 WAE 0 0 2 0.000000e+00 1.810057e-03 0.000000e+00 3.125641e-04 0.000000e+00 1.938491e-03 0.000000e+00 0.000000e+00 9.069199e-01 8.901894e-02 0.000000e+00 0.000000e+00 0.000000e+00 0.000000e+00 0.000000e+00
1.150000e+02 WAE 1 0 2 0.000000e+00 1.530248e-02 0.000000e+00 1.223679e-03 0.000000e+00 1.903443e-03 0.000000e+00 0.000000e+00 8.938385e-01 8.773191e-02 0.000000e+00 0.000000e+00 0.000000e+00 0.000000e+00 0.000000e+00
1.150000e+02 WAE 2 0 2 7.424193e-01 1.975672e-01 0.000000e+00 2.028640e-02 3.849054e-02 1.236507e-03 0.000000e+00 0.000000e+00 0.000000e+00 0.000000e+00 0.000000e+00 0.000000e+00 0.000000e+00 0.000000e+00 0.000000e+00
1.150000e+02 WAE 3 0 2 7.403770e-01 1.965802e-01 0.000000e+00 2.017070e-02 4.153774e-02 1.334401e-03 0.000000e+00 0.000000e+00 0.000000e+00 0.000000e+00 0.000000e+00 0.000000e+00 0.000000e+00 0.000000e+00 0.000000e+00
1.150000e+02 WAE 4 0 2 7.401225e-01 1.964736e-01 0.000000e+00 2.015850e-02 4.189938e-02 1.346024e-03 0.000000e+00 0.000000e+00 0.000000e+00 0.000000e+00 0.000000e+00 0.000000e+00 0.000000e+00 0.000000e+00 0.000000e+00
1.150000e+02 WAE 5 0 2 7.397902e-01 1.963270e-01 0.000000e+00 2.014156e-02 4.237980e-02 1.361460e-03 0.000000e+00 0.000000e+00 0.000000e+00 0.000000e+00 0.000000e+00 0.000000e+00 0.000000e+00 0.000000e+00 0.000000e+00
1.150000e+02 WAE 6 0 2 7.074926e-01 1.856063e-01 4.954516e-02 1.897133e-02 3.718999e-02 1.194696e-03 0.000000e+00 0.000000e+00 0.000000e+00 0.000000e+00 0.000000e+00 0.000000e+00 0.000000e+00 0.000000e+00 0.000000e+00
1.150000e+02 WAE 7 0 2 4.705600e-01 1.124752e-01 3.703176e-01 1.151334e-02 3.404034e-02 1.093558e-03 0.000000e+00 0.000000e+00 0.000000e+00 0.000000e+00 0.000000e+00 0.000000e+00 0.000000e+00 0.000000e+00 0.000000e+00
1.150000e+02 YPH 0 0 2 0.000000e+00 0.000000e+00 0.000000e+00 0.000000e+00 8.567062e-03 2.730334e-03 0.000000e+00 0.000000e+00 9.000762e-01 8.835205e-02 1.630695e-05 0.000000e+00 1.563738e-04 1.017174e-04 1.679748e-13
1.150000e+02 YPH 1 0 2 0.000000e+00 0.000000e+00 0.000000e+00 0.000000e+00 8.589799e-03 2.758705e-03 0.000000e+00 0.000000e+00 9.000401e-01 8.834060e-02 1.646028e-05 0.000000e+00 1.551242e-04 9.921119e-05 1.695515e-13
1.150000e+02 YPH 2 0 2 0.000000e+00 3.188575e-05 0.000000e+00 6.267342e-06 2.311857e-03 7.424221e-04 0.000000e+00 0.000000e+00 9.077551e-01 8.909783e-02 3.327430e-06 0.000000e+00 3.132090e-05 1.998343e-05 3.429931e-14
1.150000e+02 YPH 3 0 2 0.000000e+00 3.187689e-05 0.000000e+00 6.267255e-06 2.310455e-03 7.419781e-04 0.000000e+00 0.000000e+00 9.077568e-01 8.909799e-02 3.327376e-06 0.000000e+00 3.132003e-05 1.998277e-05 3.429869e-14
1.150000e+02 YPH 4 0 2 0.000000e+00 3.186768e-05 0.000000e+00 6.267288e-06 2.311096e-03 7.421881e-04 0.000000e+00 0.000000e+00 9.077560e-01 8.909791e-02 3.327419e-06 0.000000e+00 3.131996e-05 1.998238e-05 3.429916e-14
1.150000e+02 YPH 5 0 2 0.000000e+00 3.187213e-05 0.000000e+00 6.267119e-06 2.308214e-03 7.412636e-04 0.000000e+00 0.000000e+00 9.077595e-01 8.909825e-02 3.327275e-06 0.000000e+00 3.131899e-05 1.998221e-05 3.429756e-14
1.150000e+02 YPH 6 0 2 0.000000e+00 3.107524e-04 0.000000e+00 6.265820e-06 2.315654e-03 7.436557e-04 0.000000e+00 0.000000e+00 9.074966e-01 8.907244e-02 3.326757e-06 0.000000e+00 3.131252e-05 1.997651e-05 3.429255e-14
1.150000e+02 GZS 0 0 0 0.000000e+00 0.000000e+00 0.000000e+00 0.000000e+00 0.000000e+00 1.868726e-03 0.000000e+00 0.000000e+00 9.089187e-01 8.921258e-02 0.000000e+00 0.000000e+00 0.000000e+00 0.000000e+00 0.000000e+00
1.150000e+02 GZS 1 0 0 0.000000e+00 0.000000e+00 0.000000e+00 0.000000e+00 0.000000e+00 0.000000e+00 1.015817e-03 1.015817e-03 9.979684e-01 0.000000e+00 0.000000e+00 0.000000e+00 0.000000e+00 0.000000e+00 0.000000e+00
1.150000e+02 GZS 2 0 0 0.000000e+00 0.000000e+00 0.000000e+00 0.000000e+00 0.000000e+00 0.000000e+00 1.015980e-03 1.015980e-03 9.979680e-01 0.000000e+00 0.000000e+00 0.000000e+00 0.000000e+00 0.000000e+00 0.000000e+00
1.150000e+02 GZS 3 0 0 0.000000e+00 0.000000e+00 0.000000e+00 0.000000e+00 0.000000e+00 0.000000e+00 1.016461e-03 1.016461e-03 9.979671e-01 0.000000e+00 0.000000e+00 0.000000e+00 0.000000e+00 0.000000e+00 0.000000e+00
1.150000e+02 GZS 4 0 0 0.000000e+00 0.000000e+00 0.000000e+00 0.000000e+00 0.000000e+00 0.000000e+00 1.016624e-03 1.016624e-03 9.979668e-01 0.000000e+00 0.000000e+00 0.000000e+00 0.000000e+00 0.000000e+00 0.000000e+00
1.150000e+02 RDG 0 0 0 0.000000e+00 0.000000e+00 0.000000e+00 0.000000e+00 1.334137e-02 3.213346e-03 0.000000e+00 0.000000e+00 8.930895e-01 8.765848e-02 1.722212e-04 0.000000e+00 1.539070e-03 9.859784e-04 1.679831e-12
1.150000e+02 RDG 1 0 0 0.000000e+00 0.000000e+00 0.000000e+00 0.000000e+00 1.353745e-02 3.260461e-03 0.000000e+00 0.000000e+00 8.928687e-01 8.763685e-02 1.721618e-04 0.000000e+00 1.538628e-03 9.857255e-04 1.679295e-12
1.150000e+02 RDG 2 0 0 0.000000e+00 0.000000e+00 0.000000e+00 0.000000e+00 5.374900e-01 8.632891e-03 0.000000e+00 0.000000e+00 0.000000e+00 0.000000e+00 2.884679e-02 0.000000e+00 2.584823e-01 1.665480e-01 2.808947e-10
1.150000e+02 RDG 3 0 0 0.000000e+00 0.000000e+00 0.000000e+00 0.000000e+00 1.677836e-01 2.694900e-03 0.000000e+00 0.000000e+00 0.000000e+00 0.000000e+00 5.272570e-02 0.000000e+00 4.724112e-01 3.043846e-01 5.133660e-10
1.150000e+02 RDG 4 0 0 0.000000e+00 0.000000e+00 0.000000e+00 0.000000e+00 2.140544e-01 3.438087e-03 0.000000e+00 0.000000e+00 0.000000e+00 0.000000e+00 4.973606e-02 0.000000e+00 4.456355e-01 2.871360e-01 4.842690e-10
1.150000e+02 DRE 0 0 1 0.000000e+00 0.000000e+00 0.000000e+00 0.000000e+00 0.000000e+00 0.000000e+00 1.114140e-05 1.114140e-05 9.101831e-01 8.933574e-02 0.000000e+00 0.000000e+00 8.259595e-05 3.762964e-04 1.114140e-13
1.150000e+02 CHI 0 0 1 0.000000e+00 0.000000e+00 0.000000e+00 0.000000e+00 0.000000e+00 0.000000e+00 0.000000e+00 0.000000e+00 0.000000e+00 0.000000e+00 0.000000e+00 0.000000e+00 5.412235e-01 4.587765e-01 6.815317e-12
1.150000e+02 CAL 0 0 1 0.000000e+00 0.000000e+00 0.000000e+00 0.000000e+00 0.000000e+00 0.000000e+00 1.171597e-01 1.171597e-01 0.000000e+00 0.000000e+00 0.000000e+00 0.000000e+00 4.800004e-01 2.856802e-01 5.546986e-10
1.150000e+02 ROT 0 0 1 0.000000e+00 0.000000e+00 0.000000e+00 0.000000e+00 0.000000e+00 0.000000e+00 1.171591e-01 1.171591e-01 0.000000e+00 0.000000e+00 0.000000e+00 0.000000e+00 4.800003e-01 2.856815e-01 5.546957e-10
1.200000e+02 WAE 0 0 2 0.000000e+00 4.984284e-03 0.000000e+00 3.239346e-04 0.000000e+00 1.841095e-03 0.000000e+00 0.000000e+00 9.040660e-01 8.878472e-02 0.000000e+00 0.000000e+00 0.000000e+00 0.000000e+00 0.000000e+00
1.200000e+02 WAE 1 0 2 0.000000e+00 1.870703e-02 0.000000e+00 1.279426e-03 0.000000e+00 1.813534e-03 0.000000e+00 0.000000e+00 8.907270e-01 8.747302e-02 0.000000e+00 0.000000e+00 0.000000e+00 0.000000e+00 0.000000e+00
1.200000e+02 WAE 2 0 2 8.086549e-01 1.434799e-01 0.000000e+00 1.244504e-02 3.437130e-02 1.048853e-03 0.000000e+00 0.000000e+00 0.000000e+00 0.000000e+00 0.000000e+00 0.000000e+00 0.000000e+00 0.000000e+00 0.000000e+00
1.200000e+02 WAE 3 0 2 8.072122e-01 1.431587e-01 0.000000e+00 1.241406e-02 3.611303e-02 1.102005e-03 0.000000e+00 0.000000e+00 0.000000e+00 0.000000e+00 0.000000e+00 0.000000e+00 0.000000e+00 0.000000e+00 0.000000e+00
1.200000e+02 WAE 4 0 2 8.070370e-01 1.431236e-01 0.000000e+00 1.241082e-02 3.632029e-02 1.108335e-03 0.000000e+00 0.000000e+00 0.000000e+00 0.000000e+00 0.000000e+00 0.000000e+00 0.000000e+00 0.000000e+00 0.000000e+00
1.200000e+02 WAE 5 0 2 8.068065e-01 1.430746e-01 0.000000e+00 1.240618e-02 3.659590e-02 1.116748e-03 0.000000e+00 0.000000e+00 0.000000e+00 0.000000e+00 0.000000e+00 0.000000e+00 0.000000e+00 0.000000e+00 0.000000e+00
1.200000e+02 WAE 6 0 2 8.089737e-01 1.435652e-01 0.000000e+00 1.245382e-02 3.397065e-02 1.036645e-03 0.000000e+00 0.000000e+00 0.000000e+00 0.000000e+00 0.000000e+00 0.000000e+00 0.000000e+00 0.000000e+00 0.000000e+00
1.200000e+02 WAE 7 0 2 5.899831e-01 9.879575e-02 2.695710e-01 8.558804e-03 3.211142e-02 9.799078e-04 0.000000e+00 0.000000e+00 0.000000e+00 0.000000e+00 0.000000e+00 0.000000e+00 0.000000e+00 0.000000e+00 0.000000e+00
1.200000e+02 YPH 0 0 2 0.000000e+00 0.000000e+00 0.000000e+00 0.000000e+00 8.512837e-03 2.588480e-03 0.000000e+00 0.000000e+00 9.001821e-01 8.840423e-02 1.652750e-05 0.000000e+00 1.741792e-04 1.216390e-04 1.702404e-13
1.200000e+02 YPH 1 0 2 0.000000e+00 0.000000e+00 0.000000e+00 0.000000e+00 8.642349e-03 2.636315e-03 0.000000e+00 0.000000e+00 9.000245e-01 8.838608e-02 1.657122e-05 0.000000e+00 1.735662e-04 1.206263e-04 1.706953e-13
1.200000e+02 YPH 2 0 2 0.000000e+00 9.770266e-05 0.000000e+00 6.511796e-06 2.321008e-03 7.079534e-04 0.000000e+00 0.000000e+00 9.076675e-01 8.913664e-02 3.349572e-06 0.000000e+00 3.503708e-05 2.429433e-05 3.452763e-14
1.200000e+02 YPH 3 0 2 0.000000e+00 9.769293e-05 0.000000e+00 6.511707e-06 2.319581e-03 7.075254e-04 0.000000e+00 0.000000e+00 9.076692e-01 8.913680e-02 3.349516e-06 0.000000e+00 3.503609e-05 2.429357e-05 3.452699e-14
1.200000e+02 YPH 4 0 2 0.000000e+00 9.768415e-05 0.000000e+00 6.511745e-06 2.320234e-03 7.077293e-04 0.000000e+00 0.000000e+00 9.076684e-01 8.913672e-02 3.349560e-06 0.000000e+00 3.503597e-05 2.429312e-05 3.452747e-14
1.200000e+02 YPH 5 0 2 0.000000e+00 9.768674e-05 0.000000e+00 6.511567e-06 2.317300e-03 7.068357e-04 0.000000e+00 0.000000e+00 9.076719e-01 8.913706e-02 3.349414e-06 0.000000e+00 3.503491e-05 2.429291e-05 3.452584e-14
1.200000e+02 YPH 6 0 2 0.000000e+00 3.811993e-04 0.000000e+00 6.510195e-06 2.324873e-03 7.091488e-04 0.000000e+00 0.000000e+00 9.074048e-01 8.911081e-02 3.348878e-06 0.000000e+00 3.502737e-05 2.428591e-05 3.452066e-14
1.200000e+02 GZS 0 0 0 0.000000e+00 0.000000e+00 0.000000e+00 0.000000e+00 0.000000e+00 1.784009e-03 0.000000e+00 0.000000e+00 9.089526e-01 8.926338e-02 0.000000e+00 0.000000e+00 0.000000e+00 0.000000e+00 0.000000e+00
1.200000e+02 GZS 1 0 0 0.000000e+00 0.000000e+00 0.000000e+00 0.000000e+00 0.000000e+00 0.000000e+00 1.022651e-03 1.022651e-03 9.979547e-01 0.000000e+00 0.000000e+00 0.000000e+00 0.000000e+00 0.000000e+00 0.000000e+00
1.200000e+02 GZS 2 0 0 0.000000e+00 0.000000e+00 0.000000e+00 0.000000e+00 0.000000e+00 0.000000e+00 1.022815e-03 1.022815e-03 9.979544e-01 0.000000e+00 0.000000e+00 0.000000e+00 0.000000e+00 0.000000e+00 0.000000e+00
1.200000e+02 GZS 3 0 0 0.000000e+00 0.000000e+00 0.000000e+00 0.000000e+00 0.000000e+00 0.000000e+00 1.023301e-03 1.023301e-03 9.979534e-01 0.000000e+00 0.000000e+00 0.000000e+00 0.000000e+00 0.000000e+00 0.000000e+00
1.200000e+02 GZS 4 0 0 0.000000e+00 0.000000e+00 0.000000e+00 0.000000e+00 0.000000e+00 0.000000e+00 1.023466e-03 1.023466e-03 9.979531e-01 0.000000e+00 0.000000e+00 0.000000e+00 0.000000e+00 0.000000e+00 0.000000e+00
1.200000e+02 RDG 0 0 0 0.000000e+00 0.000000e+00 0.000000e+00 0.000000e+00 1.342373e-02 3.070990e-03 0.000000e+00 0.000000e+00 8.927413e-01 8.767091e-02 1.733196e-04 0.000000e+00 1.721499e-03 1.198273e-03 1.690553e-12
1.200000e+02 RDG 1 0 0 0.000000e+00 0.000000e+00 0.000000e+00 0.000000e+00 1.362117e-02 3.115949e-03 0.000000e+00 0.000000e+00 8.925212e-01 8.764936e-02 1.732580e-04 0.000000e+00 1.721072e-03 1.198041e-03 1.689996e-12
1.200000e+02 RDG 2 0 0 0.000000e+00 0.000000e+00 0.000000e+00 0.000000e+00 5.061527e-01 7.722094e-03 0.000000e+00 0.000000e+00 0.000000e+00 0.000000e+00 2.710332e-02 0.000000e+00 2.700175e-01 1.890044e-01 2.639172e-10
1.200000e+02 RDG 3 0 0 0.000000e+00 0.000000e+00 0.000000e+00 0.000000e+00 1.516037e-01 2.312983e-03 0.000000e+00 0.000000e+00 0.000000e+00 0.000000e+00 4.717678e-02 0.000000e+00 4.699546e-01 3.289519e-01 4.593332e-10
1.200000e+02 RDG 4 0 0 0.000000e+00 0.000000e+00 0.000000e+00 0.000000e+00 1.941161e-01 2.961581e-03 0.000000e+00 0.000000e+00 0.000000e+00 0.000000e+00 4.476874e-02 0.000000e+00 4.459798e-01 3.121739e-01 4.358995e-10
1.200000e+02 DRE 0 0 1 0.000000e+00 0.000000e+00 0.000000e+00 0.000000e+00 0.000000e+00 0.000000e+00 1.121494e-05 1.121494e-05 9.100599e-01 8.937116e-02 0.000000e+00 0.000000e+00 9.100410e-05 4.555161e-04 1.121494e-13
1.200000e+02 CHI 0 0 1 0.000000e+00 0.000000e+00 0.000000e+00 0.000000e+00 0.000000e+00 0.000000e+00 0.000000e+00 0.000000e+00 0.000000e+00 0.000000e+00 0.000000e+00 0.000000e+00 5.318676e-01 4.681324e-01 6.647866e-12
1.200000e+02 CAL 0 0 1 0.000000e+00 0.000000e+00 0.000000e+00 0.000000e+00 0.000000e+00 0.000000e+00 1.054942e-01 1.054942e-01 0.000000e+00 0.000000e+00 0.000000e+00 0.000000e+00 4.785832e-01 3.104284e-01 4.994678e-10
1.200000e+02 ROT 0 0 1 0.000000e+00 0.000000e+00 0.000000e+00 0.000000e+00 0.000000e+00 0.000000e+00 1.054936e-01 1.054936e-01 0.000000e+00 0.000000e+00 0.000000e+00 0.000000e+00 4.785830e-01 3.104297e-01 4.994650e-10
1.250000e+02 WAE 0 0 2 0.000000e+00 8.292583e-03 0.000000e+00 3.343999e-04 0.000000e+00 1.734917e-03 0.000000e+00 0.000000e+00 9.010975e-01 8.854058e-02 0.000000e+00 0.000000e+00 0.000000e+00 0.000000e+00 0.000000e+00
1.250000e+02 WAE 1 0 2 0.000000e+00 2.221345e-02 0.000000e+00 1.338501e-03 0.000000e+00 1.710858e-03 0.000000e+00 0.000000e+00 8.875309e-01 8.720632e-02 0.000000e+00 0.000000e+00 0.000000e+00 0.000000e+00 0.000000e+00
1.250000e+02 WAE 2 0 2 8.375450e-01 1.201313e-01 0.000000e+00 9.091644e-03 3.230635e-02 9.257472e-04 0.000000e+00 0.000000e+00 0.000000e+00 0.000000e+00 0.000000e+00 0.000000e+00 0.000000e+00 0.000000e+00 0.000000e+00
1.250000e+02 WAE 3 0 2 8.365159e-01 1.199654e-01 0.000000e+00 9.078051e-03 3.348123e-02 9.594162e-04 0.000000e+00 0.000000e+00 0.000000e+00 0.000000e+00 0.000000e+00 0.000000e+00 0.000000e+00 0.000000e+00 0.000000e+00
1.250000e+02 WAE 4 0 2 8.363915e-01 1.199472e-01 0.000000e+00 9.076655e-03 3.362118e-02 9.634325e-04 0.000000e+00 0.000000e+00 0.000000e+00 0.000000e+00 0.000000e+00 0.000000e+00 0.000000e+00 0.000000e+00 0.000000e+00
1.250000e+02 WAE 5 0 2 8.362275e-01 1.199218e-01 0.000000e+00 9.074617e-03 3.380734e-02 9.687702e-04 0.000000e+00 0.000000e+00 0.000000e+00 0.000000e+00 0.000000e+00 0.000000e+00 0.000000e+00 0.000000e+00 0.000000e+00
1.250000e+02 WAE 6 0 2 8.377747e-01 1.201752e-01 0.000000e+00 9.095601e-03 3.203641e-02 9.180320e-04 0.000000e+00 0.000000e+00 0.000000e+00 0.000000e+00 0.000000e+00 0.000000e+00 0.000000e+00 0.000000e+00 0.000000e+00
1.250000e+02 WAE 7 0 2 6.587840e-01 9.080982e-02 2.118669e-01 6.868527e-03 3.078846e-02 8.822703e-04 0.000000e+00 0.000000e+00 0.000000e+00 0.000000e+00 0.000000e+00 0.000000e+00 0.000000e+00 0.000000e+00 0.000000e+00
1.250000e+02 YPH 0 0 2 0.000000e+00 0.000000e+00 0.000000e+00 0.000000e+00 8.557913e-03 2.445508e-03 0.000000e+00 0.000000e+00 9.001874e-01 8.845153e-02 1.668365e-05 0.000000e+00 1.952681e-04 1.457239e-04 1.718486e-13
1.250000e+02 YPH 1 0 2 0.000000e+00 0.000000e+00 0.000000e+00 0.000000e+00 8.708726e-03 2.494417e-03 0.000000e+00 0.000000e+00 9.000080e-01 8.843230e-02 1.670526e-05 0.000000e+00 1.947994e-04 1.450122e-04 1.720772e-13
1.250000e+02 YPH 2 0 2 0.000000e+00 1.654617e-04 0.000000e+00 6.742476e-06 2.333388e-03 6.682782e-04 0.000000e+00 0.000000e+00 9.075781e-01 8.917610e-02 3.376370e-06 0.000000e+00 3.931570e-05 2.920299e-05 3.480395e-14
1.250000e+02 YPH 3 0 2 0.000000e+00 1.654511e-04 0.000000e+00 6.742387e-06 2.331930e-03 6.678692e-04 0.000000e+00 0.000000e+00 9.075799e-01 8.917626e-02 3.376313e-06 0.000000e+00 3.931459e-05 2.920211e-05 3.480330e-14
1.250000e+02 YPH 4 0 2 0.000000e+00 1.654429e-04 0.000000e+00 6.742430e-06 2.332597e-03 6.680655e-04 0.000000e+00 0.000000e+00 9.075791e-01 8.917617e-02 3.376356e-06 0.000000e+00 3.931444e-05 2.920162e-05 3.480377e-14
1.250000e+02 YPH 5 0 2 0.000000e+00 1.654435e-04 0.000000e+00 6.742243e-06 2.329601e-03 6.672091e-04 0.000000e+00 0.000000e+00 9.075826e-01 8.917652e-02 3.376208e-06 0.000000e+00 3.931327e-05 2.920135e-05 3.480212e-14
1.250000e+02 YPH 6 0 2 0.000000e+00 4.542560e-04 0.000000e+00 6.740798e-06 2.337334e-03 6.694271e-04 0.000000e+00 0.000000e+00 9.073106e-01 8.914978e-02 3.375652e-06 0.000000e+00 3.930454e-05 2.919287e-05 3.479674e-14
1.250000e+02 GZS 0 0 0 0.000000e+00 0.000000e+00 0.000000e+00 0.000000e+00 0.000000e+00 1.686322e-03 0.000000e+00 0.000000e+00 9.089976e-01 8.931611e-02 0.000000e+00 0.000000e+00 0.000000e+00 0.000000e+00 0.000000e+00
1.250000e+02 GZS 1 0 0 0.000000e+00 0.000000e+00 0.000000e+00 0.000000e+00 0.000000e+00 0.000000e+00 1.030906e-03 1.030906e-03 9.979382e-01 0.000000e+00 0.000000e+00 0.000000e+00 0.000000e+00 0.000000e+00 0.000000e+00
1.250000e+02 GZS 2 0 0 0.000000e+00 0.000000e+00 0.000000e+00 0.000000e+00 0.000000e+00 0.000000e+00 1.031071e-03 1.031071e-03 9.979379e-01 0.000000e+00 0.000000e+00 0.000000e+00 0.000000e+00 0.000000e+00 0.000000e+00
1.250000e+02 GZS 3 0 0 0.000000e+00 0.000000e+00 0.000000e+00 0.000000e+00 0.000000e+00 0.000000e+00 1.031562e-03 1.031562e-03 9.979369e-01 0.000000e+00 0.000000e+00 0.000000e+00 0.000000e+00 0.000000e+00 0.000000e+00
1.250000e+02 GZS 4 0 0 0.000000e+00 0.000000e+00 0.000000e+00 0.000000e+00 0.000000e+00 0.000000e+00 1.031729e-03 1.031729e-03 9.979365e-01 0.000000e+00 0.000000e+00 0.000000e+00 0.000000e+00 0.000000e+00 0.000000e+00
1.250000e+02 RDG 0 0 0 0.000000e+00 0.000000e+00 0.000000e+00 0.000000e+00 1.352620e-02 2.905620e-03 0.000000e+00 0.000000e+00 8.923432e-01 8.767922e-02 1.746489e-04 0.000000e+00 1.931337e-03 1.439801e-03 1.703529e-12
1.250000e+02 RDG 1 0 0 0.000000e+00 0.000000e+00 0.000000e+00 0.000000e+00 1.372546e-02 2.948091e-03 0.000000e+00 0.000000e+00 8.921236e-01 8.765773e-02 1.745852e-04 0.000000e+00 1.930930e-03 1.439602e-03 1.702952e-12
1.250000e+02 RDG 2 0 0 0.000000e+00 0.000000e+00 0.000000e+00 0.000000e+00 4.751667e-01 6.807328e-03 0.000000e+00 0.000000e+00 0.000000e+00 0.000000e+00 2.537854e-02 0.000000e+00 2.815834e-01 2.110640e-01 2.471217e-10
1.250000e+02 RDG 3 0 0 0.000000e+00 0.000000e+00 0.000000e+00 0.000000e+00 1.370530e-01 1.963496e-03 0.000000e+00 0.000000e+00 0.000000e+00 0.000000e+00 4.218455e-02 0.000000e+00 4.680028e-01 3.507962e-01 4.107212e-10
1.250000e+02 RDG 4 0 0 0.000000e+00 0.000000e+00 0.000000e+00 0.000000e+00 1.759795e-01 2.521177e-03 0.000000e+00 0.000000e+00 0.000000e+00 0.000000e+00 4.024859e-02 0.000000e+00 4.465394e-01 3.347113e-01 3.918842e-10
1.250000e+02 DRE 0 0 1 0.000000e+00 0.000000e+00 0.000000e+00 0.000000e+00 0.000000e+00 0.000000e+00 1.130392e-05 1.130392e-05 9.099250e-01 8.940626e-02 0.000000e+00 0.000000e+00 1.007151e-04 5.454002e-04 1.130392e-13
1.250000e+02 CHI 0 0 1 0.000000e+00 0.000000e+00 0.000000e+00 0.000000e+00 0.000000e+00 0.000000e+00 0.000000e+00 0.000000e+00 0.000000e+00 0.000000e+00 0.000000e+00 0.000000e+00 5.219843e-01 4.780157e-01 6.472321e-12
1.250000e+02 CAL 0 0 1 0.000000e+00 0.000000e+00 0.000000e+00 0.000000e+00 0.000000e+00 0.000000e+00 9.487177e-02 9.487177e-02 0.000000e+00 0.000000e+00 0.000000e+00 0.000000e+00 4.775802e-01 3.326762e-01 4.491755e-10
1.250000e+02 ROT 0 0 1 0.000000e+00 0.000000e+00 0.000000e+00 0.000000e+00 0.000000e+00 0.000000e+00 9.487124e-02 9.487124e-02 0.000000e+00 0.000000e+00 0.000000e+00 0.000000e+00 4.775801e-01 3.326775e-01 4.491729e-10
1.300000e+02 WAE 0 0 2 0.000000e+00 1.167246e-02 0.000000e+00 3.438098e-04 0.000000e+00 1.617781e-03 0.000000e+00 0.000000e+00 8.980741e-01 8.829188e-02 0.000000e+00 0.000000e+00 0.000000e+00 0.000000e+00 0.000000e+00
1.300000e+02 WAE 1 0 2 0.000000e+00 2.579947e-02 0.000000e+00 1.400899e-03 0.000000e+00 1.596113e-03 0.000000e+00 0.000000e+00 8.842697e-01 8.693379e-02 0.000000e+00 0.000000e+00 0.000000e+00 0.000000e+00 0.000000e+00
1.300000e+02 WAE 2 0 2 8.542240e-01 1.068052e-01 0.000000e+00 7.223121e-03 3.092615e-02 8.215326e-04 0.000000e+00 0.000000e+00 0.000000e+00 0.000000e+00 0.000000e+00 0.000000e+00 0.000000e+00 0.000000e+00 0.000000e+00
1.300000e+02 WAE 3 0 2 8.534524e-01 1.067017e-01 0.000000e+00 7.215689e-03 3.178588e-02 8.443734e-04 0.000000e+00 0.000000e+00 0.000000e+00 0.000000e+00 0.000000e+00 0.000000e+00 0.000000e+00 0.000000e+00 0.000000e+00
1.300000e+02 WAE 4 0 2 8.533593e-01 1.066903e-01 0.000000e+00 7.214938e-03 3.188836e-02 8.471019e-04 0.000000e+00 0.000000e+00 0.000000e+00 0.000000e+00 0.000000e+00 0.000000e+00 0.000000e+00 0.000000e+00 0.000000e+00
1.300000e+02 WAE 5 0 2 8.532364e-01 1.066744e-01 0.000000e+00 7.213827e-03 3.202468e-02 8.507268e-04 0.000000e+00 0.000000e+00 0.000000e+00 0.000000e+00 0.000000e+00 0.000000e+00 0.000000e+00 0.000000e+00 0.000000e+00
1.300000e+02 WAE 6 0 2 8.543970e-01 1.068326e-01 0.000000e+00 7.225336e-03 3.072876e-02 8.163108e-04 0.000000e+00 0.000000e+00 0.000000e+00 0.000000e+00 0.000000e+00 0.000000e+00 0.000000e+00 0.000000e+00 0.000000e+00
1.300000e+02 WAE 7 0 2 7.038575e-01 8.537592e-02 1.744502e-01 5.772058e-03 2.975388e-02 7.904126e-04 0.000000e+00 0.000000e+00 0.000000e+00 0.000000e+00 0.000000e+00 0.000000e+00 0.000000e+00 0.000000e+00 0.000000e+00
1.300000e+02 YPH 0 0 2 0.000000e+00 0.000000e+00 0.000000e+00 0.000000e+00 8.629795e-03 2.286702e-03 0.000000e+00 0.000000e+00 9.001752e-01 8.849862e-02 1.685350e-05 0.000000e+00 2.194533e-04 1.734015e-04 1.735987e-13
1.300000e+02 YPH 1 0 2 0.000000e+00 0.000000e+00 0.000000e+00 0.000000e+00 8.789984e-03 2.333748e-03 0.000000e+00 0.000000e+00 8.999884e-01 8.847912e-02 1.686551e-05 0.000000e+00 2.190329e-04 1.728026e-04 1.737291e-13
1.300000e+02 YPH 2 0 2 0.000000e+00 2.347605e-04 0.000000e+00 6.954337e-06 2.349354e-03 6.236810e-04 0.000000e+00 0.000000e+00 9.074866e-01 8.921625e-02 3.408460e-06 0.000000e+00 4.419871e-05 3.479647e-05 3.513482e-14
1.300000e+02 YPH 3 0 2 0.000000e+00 2.347491e-04 0.000000e+00 6.954249e-06 2.347860e-03 6.232941e-04 0.000000e+00 0.000000e+00 9.074883e-01 8.921641e-02 3.408400e-06 0.000000e+00 4.419744e-05 3.479546e-05 3.513415e-14
1.300000e+02 YPH 4 0 2 0.000000e+00 2.347414e-04 0.000000e+00 6.954297e-06 2.348543e-03 6.234813e-04 0.000000e+00 0.000000e+00 9.074875e-01 8.921633e-02 3.408444e-06 0.000000e+00 4.419726e-05 3.479490e-05 3.513463e-14
1.300000e+02 YPH 5 0 2 0.000000e+00 2.347399e-04 0.000000e+00 6.954102e-06 2.345474e-03 6.226685e-04 0.000000e+00 0.000000e+00 9.074911e-01 8.921668e-02 3.408293e-06 0.000000e+00 4.419596e-05 3.479457e-05 3.513294e-14
1.300000e+02 YPH 6 0 2 0.000000e+00 5.295020e-04 0.000000e+00 6.952582e-06 2.353395e-03 6.247747e-04 0.000000e+00 0.000000e+00 9.072136e-01 8.918939e-02 3.407714e-06 0.000000e+00 4.418582e-05 3.478434e-05 3.512733e-14
1.300000e+02 GZS 0 0 0 0.000000e+00 0.000000e+00 0.000000e+00 0.000000e+00 0.000000e+00 1.576257e-03 0.000000e+00 0.000000e+00 9.090529e-01 8.937080e-02 0.000000e+00 0.000000e+00 0.000000e+00 0.000000e+00 0.000000e+00
1.300000e+02 GZS 1 0 0 0.000000e+00 0.000000e+00 0.000000e+00 0.000000e+00 0.000000e+00 0.000000e+00 1.040775e-03 1.040775e-03 9.979184e-01 0.000000e+00 0.000000e+00 0.000000e+00 0.000000e+00 0.000000e+00 0.000000e+00
1.300000e+02 GZS 2 0 0 0.000000e+00 0.000000e+00 0.000000e+00 0.000000e+00 0.000000e+00 0.000000e+00 1.040942e-03 1.040942e-03 9.979181e-01 0.000000e+00 0.000000e+00 0.000000e+00 0.000000e+00 0.000000e+00 0.000000e+00
1.300000e+02 GZS 3 0 0 0.000000e+00 0.000000e+00 0.000000e+00 0.000000e+00 0.000000e+00 0.000000e+00 1.041440e-03 1.041440e-03 9.979171e-01 0.000000e+00 0.000000e+00 0.000000e+00 0.000000e+00 0.000000e+00 0.000000e+00
1.300000e+02 GZS 4 0 0 0.000000e+00 0.000000e+00 0.000000e+00 0.000000e+00 0.000000e+00 0.000000e+00 1.041609e-03 1.041609e-03 9.979168e-01 0.000000e+00 0.000000e+00 0.000000e+00 0.000000e+00 0.000000e+00 0.000000e+00
1.300000e+02 RDG 0 0 0 0.000000e+00 0.000000e+00 0.000000e+00 0.000000e+00 1.364990e-02 2.718062e-03 0.000000e+00 0.000000e+00 8.918877e-01 8.768275e-02 1.762399e-04 0.000000e+00 2.170594e-03 1.714784e-03 1.719057e-12
1.300000e+02 RDG 1 0 0 0.000000e+00 0.000000e+00 0.000000e+00 0.000000e+00 1.385154e-02 2.757731e-03 0.000000e+00 0.000000e+00 8.916684e-01 8.766130e-02 1.761741e-04 0.000000e+00 2.170227e-03 1.714641e-03 1.718460e-12
1.300000e+02 RDG 2 0 0 0.000000e+00 0.000000e+00 0.000000e+00 0.000000e+00 4.449118e-01 5.908659e-03 0.000000e+00 0.000000e+00 0.000000e+00 0.000000e+00 2.369407e-02 0.000000e+00 2.928805e-01 2.326050e-01 2.307187e-10
1.300000e+02 RDG 3 0 0 0.000000e+00 0.000000e+00 0.000000e+00 0.000000e+00 1.240587e-01 1.647614e-03 0.000000e+00 0.000000e+00 0.000000e+00 0.000000e+00 3.772506e-02 0.000000e+00 4.662626e-01 3.703061e-01 3.672967e-10
1.300000e+02 RDG 4 0 0 0.000000e+00 0.000000e+00 0.000000e+00 0.000000e+00 1.596149e-01 2.119830e-03 0.000000e+00 0.000000e+00 0.000000e+00 0.000000e+00 3.616908e-02 0.000000e+00 4.470476e-01 3.550485e-01 3.521596e-10
1.300000e+02 DRE 0 0 1 0.000000e+00 0.000000e+00 0.000000e+00 0.000000e+00 0.000000e+00 0.000000e+00 1.141045e-05 1.141045e-05 9.097770e-01 8.944099e-02 0.000000e+00 0.000000e+00 1.117827e-04 6.473615e-04 1.141045e-13
1.300000e+02 CHI 0 0 1 0.000000e+00 0.000000e+00 0.000000e+00 0.000000e+00 0.000000e+00 0.000000e+00 0.000000e+00 0.000000e+00 0.000000e+00 0.000000e+00 0.000000e+00 0.000000e+00 5.115743e-01 4.884257e-01 6.289143e-12
1.300000e+02 CAL 0 0 1 0.000000e+00 0.000000e+00 0.000000e+00 0.000000e+00 0.000000e+00 0.000000e+00 8.528551e-02 8.528551e-02 0.000000e+00 0.000000e+00 0.000000e+00 0.000000e+00 4.766918e-01 3.527371e-01 4.037890e-10
1.300000e+02 ROT 0 0 1 0.000000e+00 0.000000e+00 0.000000e+00 0.000000e+00 0.000000e+00 0.000000e+00 8.528501e-02 8.528501e-02 0.000000e+00 0.000000e+00 0.000000e+00 0.000000e+00 4.766917e-01 3.527383e-01 4.037865e-10
1.350000e+02 WAE 0 0 2 0.000000e+00 1.509038e-02 0.000000e+00 3.520012e-04 0.000000e+00 1.490075e-03 0.000000e+00 0.000000e+00 8.950260e-01 8.804153e-02 0.000000e+00 0.000000e+00 0.000000e+00 0.000000e+00 0.000000e+00
1.350000e+02 WAE 1 0 2 0.000000e+00 2.944368e-02 0.000000e+00 1.466908e-03 0.000000e+00 1.470392e-03 0.000000e+00 0.000000e+00 8.809617e-01 8.665728e-02 0.000000e+00 0.000000e+00 0.000000e+00 0.000000e+00 0.000000e+00
1.350000e+02 WAE 2 0 2 8.654763e-01 9.790899e-02 0.000000e+00 6.029620e-03 2.986033e-02 7.247509e-04 0.000000e+00 0.000000e+00 0.000000e+00 0.000000e+00 0.000000e+00 0.000000e+00 0.000000e+00 0.000000e+00 0.000000e+00
1.350000e+02 WAE 3 0 2 8.648759e-01 9.783775e-02 0.000000e+00 6.025028e-03 3.052058e-02 7.407786e-04 0.000000e+00 0.000000e+00 0.000000e+00 0.000000e+00 0.000000e+00 0.000000e+00 0.000000e+00 0.000000e+00 0.000000e+00
1.350000e+02 WAE 4 0 2 8.648035e-01 9.782996e-02 0.000000e+00 6.024572e-03 3.059931e-02 7.426963e-04 0.000000e+00 0.000000e+00 0.000000e+00 0.000000e+00 0.000000e+00 0.000000e+00 0.000000e+00 0.000000e+00 0.000000e+00
1.350000e+02 WAE 5 0 2 8.647078e-01 9.781900e-02 0.000000e+00 6.023888e-03 3.070406e-02 7.452421e-04 0.000000e+00 0.000000e+00 0.000000e+00 0.000000e+00 0.000000e+00 0.000000e+00 0.000000e+00 0.000000e+00 0.000000e+00
1.350000e+02 WAE 6 0 2 8.656111e-01 9.792798e-02 0.000000e+00 6.031017e-03 2.970883e-02 7.210969e-04 0.000000e+00 0.000000e+00 0.000000e+00 0.000000e+00 0.000000e+00 0.000000e+00 0.000000e+00 0.000000e+00 0.000000e+00
1.350000e+02 WAE 7 0 2 7.359586e-01 8.123855e-02 1.482195e-01 5.002083e-03 2.888029e-02 7.009857e-04 0.000000e+00 0.000000e+00 0.000000e+00 0.000000e+00 0.000000e+00 0.000000e+00 0.000000e+00 0.000000e+00 0.000000e+00
1.350000e+02 YPH 0 0 2 0.000000e+00 0.000000e+00 0.000000e+00 0.000000e+00 8.721319e-03 2.111636e-03 0.000000e+00 0.000000e+00 9.001516e-01 8.854581e-02 1.704915e-05 0.000000e+00 2.472986e-04 2.052723e-04 1.756150e-13
1.350000e+02 YPH 1 0 2 0.000000e+00 0.000000e+00 0.000000e+00 0.000000e+00 8.887271e-03 2.155658e-03 0.000000e+00 0.000000e+00 8.999621e-01 8.852629e-02 1.705571e-05 0.000000e+00 2.468928e-04 2.047215e-04 1.756897e-13
1.350000e+02 YPH 2 0 2 0.000000e+00 3.051401e-04 0.000000e+00 7.143322e-06 2.369330e-03 5.746135e-04 0.000000e+00 0.000000e+00 9.073922e-01 8.925713e-02 3.446612e-06 0.000000e+00 4.981232e-05 4.122051e-05 3.552820e-14
1.350000e+02 YPH 3 0 2 0.000000e+00 3.051280e-04 0.000000e+00 7.143235e-06 2.367795e-03 5.742516e-04 0.000000e+00 0.000000e+00 9.073939e-01 8.925730e-02 3.446550e-06 0.000000e+00 4.981088e-05 4.121934e-05 3.552749e-14
1.350000e+02 YPH 4 0 2 0.000000e+00 3.051210e-04 0.000000e+00 7.143289e-06 2.368497e-03 5.744284e-04 0.000000e+00 0.000000e+00 9.073931e-01 8.925721e-02 3.446594e-06 0.000000e+00 4.981065e-05 4.121871e-05 3.552798e-14
1.350000e+02 YPH 5 0 2 0.000000e+00 3.051174e-04 0.000000e+00 7.143085e-06 2.365343e-03 5.736657e-04 0.000000e+00 0.000000e+00 9.073967e-01 8.925757e-02 3.446440e-06 0.000000e+00 4.980920e-05 4.121829e-05 3.552625e-14
1.350000e+02 YPH 6 0 2 0.000000e+00 5.169144e-04 0.000000e+00 7.142128e-06 2.373664e-03 5.756855e-04 0.000000e+00 0.000000e+00 9.071945e-01 8.923766e-02 3.446140e-06 0.000000e+00 4.980196e-05 4.120985e-05 3.552353e-14
1.350000e+02 GZS 0 0 0 0.000000e+00 0.000000e+00 0.000000e+00 0.000000e+00 0.000000e+00 1.454815e-03 0.000000e+00 0.000000e+00 9.091177e-01 8.942744e-02 0.000000e+00 0.000000e+00 0.000000e+00 0.000000e+00 0.000000e+00
1.350000e+02 GZS 1 0 0 0.000000e+00 0.000000e+00 0.000000e+00 0.000000e+00 0.000000e+00 0.000000e+00 1.052495e-03 1.052495e-03 9.978950e-01 0.000000e+00 0.000000e+00 0.000000e+00 0.000000e+00 0.000000e+00 0.000000e+00
1.350000e+02 GZS 2 0 0 0.000000e+00 0.000000e+00 0.000000e+00 0.000000e+00 0.000000e+00 0.000000e+00 1.052664e-03 1.052664e-03 9.978947e-01 0.000000e+00 0.000000e+00 0.000000e+00 0.000000e+00 0.000000e+00 0.000000e+00
1.350000e+02 GZS 3 0 0 0.000000e+00 0.000000e+00 0.000000e+00 0.000000e+00 0.000000e+00 0.000000e+00 1.053170e-03 1.053170e-03 9.978937e-01 0.000000e+00 0.000000e+00 0.000000e+00 0.000000e+00 0.000000e+00 0.000000e+00
1.350000e+02 GZS 4 0 0 0.000000e+00 0.000000e+00 0.000000e+00 0.000000e+00 0.000000e+00 0.000000e+00 1.053343e-03 1.053343e-03 9.978933e-01 0.000000e+00 0.000000e+00 0.000000e+00 0.000000e+00 0.000000e+00 0.000000e+00
1.350000e+02 RDG 0 0 0 0.000000e+00 0.000000e+00 0.000000e+00 0.000000e+00 1.379592e-02 2.509854e-03 0.000000e+00 0.000000e+00 8.913603e-01 8.768016e-02 1.781289e-04 0.000000e+00 2.445346e-03 2.030272e-03 1.737494e-12
1.350000e+02 RDG 1 0 0 0.000000e+00 0.000000e+00 0.000000e+00 0.000000e+00 1.400059e-02 2.546436e-03 0.000000e+00 0.000000e+00 8.911409e-01 8.765872e-02 1.780611e-04 0.000000e+00 2.445048e-03 2.030219e-03 1.736877e-12
1.350000e+02 RDG 2 0 0 0.000000e+00 0.000000e+00 0.000000e+00 0.000000e+00 4.153918e-01 5.040302e-03 0.000000e+00 0.000000e+00 0.000000e+00 0.000000e+00 2.205089e-02 0.000000e+00 3.038990e-01 2.536181e-01 2.147178e-10
1.350000e+02 RDG 3 0 0 0.000000e+00 0.000000e+00 0.000000e+00 0.000000e+00 1.123973e-01 1.363861e-03 0.000000e+00 0.000000e+00 0.000000e+00 0.000000e+00 3.372290e-02 0.000000e+00 4.646994e-01 3.878165e-01 3.283256e-10
1.350000e+02 RDG 4 0 0 0.000000e+00 0.000000e+00 0.000000e+00 0.000000e+00 1.447915e-01 1.756939e-03 0.000000e+00 0.000000e+00 0.000000e+00 0.000000e+00 3.247391e-02 0.000000e+00 4.475066e-01 3.734710e-01 3.161776e-10
1.350000e+02 DRE 0 0 1 0.000000e+00 0.000000e+00 0.000000e+00 0.000000e+00 0.000000e+00 0.000000e+00 1.153708e-05 1.153708e-05 9.096135e-01 8.947518e-02 0.000000e+00 0.000000e+00 1.244789e-04 7.638036e-04 1.153708e-13
1.350000e+02 CHI 0 0 1 0.000000e+00 0.000000e+00 0.000000e+00 0.000000e+00 0.000000e+00 0.000000e+00 0.000000e+00 0.000000e+00 0.000000e+00 0.000000e+00 0.000000e+00 0.000000e+00 5.006415e-01 4.993585e-01 6.098762e-12
1.350000e+02 CAL 0 0 1 0.000000e+00 0.000000e+00 0.000000e+00 0.000000e+00 0.000000e+00 0.000000e+00 7.660400e-02 7.660400e-02 0.000000e+00 0.000000e+00 0.000000e+00 0.000000e+00 4.759013e-01 3.708907e-01 3.626861e-10
1.350000e+02 ROT 0 0 1 0.000000e+00 0.000000e+00 0.000000e+00 0.000000e+00 0.000000e+00 0.000000e+00 7.660352e-02 7.660352e-02 0.000000e+00 0.000000e+00 0.000000e+00 0.000000e+00 4.759011e-01 3.708918e-01 3.626837e-10
1.400000e+02 WAE 0 0 2 0.000000e+00 1.849573e-02 0.000000e+00 3.590857e-04 0.000000e+00 1.353005e-03 0.000000e+00 0.000000e+00 8.919987e-01 8.779350e-02 0.000000e+00 0.000000e+00 0.000000e+00 0.000000e+00 0.000000e+00
1.400000e+02 WAE 1 0 2 0.000000e+00 3.313011e-02 0.000000e+00 1.537068e-03 0.000000e+00 1.335589e-03 0.000000e+00 0.000000e+00 8.776191e-01 8.637809e-02 0.000000e+00 0.000000e+00 0.000000e+00 0.000000e+00 0.000000e+00
1.400000e+02 WAE 2 0 2 8.695589e-01 9.519717e-02 0.000000e+00 5.418050e-03 2.918900e-02 6.368580e-04 0.000000e+00 0.000000e+00 0.000000e+00 0.000000e+00 0.000000e+00 0.000000e+00 0.000000e+00 0.000000e+00 0.000000e+00
1.400000e+02 WAE 3 0 2 8.690527e-01 9.514196e-02 0.000000e+00 5.414884e-03 2.974158e-02 6.489174e-04 0.000000e+00 0.000000e+00 0.000000e+00 0.000000e+00 0.000000e+00 0.000000e+00 0.000000e+00 0.000000e+00 0.000000e+00
1.400000e+02 WAE 4 0 2 8.689928e-01 9.513492e-02 0.000000e+00 5.414517e-03 2.980742e-02 6.503612e-04 0.000000e+00 0.000000e+00 0.000000e+00 0.000000e+00 0.000000e+00 0.000000e+00 0.000000e+00 0.000000e+00 0.000000e+00
1.400000e+02 WAE 5 0 2 8.689127e-01 9.512594e-02 0.000000e+00 5.414019e-03 2.989509e-02 6.522775e-04 0.000000e+00 0.000000e+00 0.000000e+00 0.000000e+00 0.000000e+00 0.000000e+00 0.000000e+00 0.000000e+00 0.000000e+00
1.400000e+02 WAE 6 0 2 8.696769e-01 9.520813e-02 0.000000e+00 5.418816e-03 2.906205e-02 6.341120e-04 0.000000e+00 0.000000e+00 0.000000e+00 0.000000e+00 0.000000e+00 0.000000e+00 0.000000e+00 0.000000e+00 0.000000e+00
1.400000e+02 WAE 7 0 2 7.524808e-01 8.062966e-02 1.333822e-01 4.588908e-03 2.830085e-02 6.175046e-04 0.000000e+00 0.000000e+00 0.000000e+00 0.000000e+00 0.000000e+00 0.000000e+00 0.000000e+00 0.000000e+00 0.000000e+00
1.400000e+02 YPH 0 0 2 0.000000e+00 0.000000e+00 0.000000e+00 0.000000e+00 8.831034e-03 1.922370e-03 0.000000e+00 0.000000e+00 9.001170e-01 8.859312e-02 1.727685e-05 0.000000e+00 2.785758e-04 2.405704e-04 1.779615e-13
1.400000e+02 YPH 1 0 2 0.000000e+00 0.000000e+00 0.000000e+00 0.000000e+00 9.001500e-03 1.962740e-03 0.000000e+00 0.000000e+00 8.999265e-01 8.857366e-02 1.727989e-05 0.000000e+00 2.782129e-04 2.401083e-04 1.780002e-13
1.400000e+02 YPH 2 0 2 0.000000e+00 3.762228e-04 0.000000e+00 7.308099e-06 2.393739e-03 5.218586e-04 0.000000e+00 0.000000e+00 9.072941e-01 8.929878e-02 3.491646e-06 0.000000e+00 5.612335e-05 4.834227e-05 3.599251e-14
1.400000e+02 YPH 3 0 2 0.000000e+00 3.762098e-04 0.000000e+00 7.308012e-06 2.392156e-03 5.215246e-04 0.000000e+00 0.000000e+00 9.072959e-01 8.929895e-02 3.491581e-06 0.000000e+00 5.612180e-05 4.834107e-05 3.599177e-14
1.400000e+02 YPH 4 0 2 0.000000e+00 3.762035e-04 0.000000e+00 7.308071e-06 2.392880e-03 5.216893e-04 0.000000e+00 0.000000e+00 9.072951e-01 8.929886e-02 3.491625e-06 0.000000e+00 5.612162e-05 4.834049e-05 3.599225e-14
1.400000e+02 YPH 5 0 2 0.000000e+00 3.761977e-04 0.000000e+00 7.307859e-06 2.389628e-03 5.209829e-04 0.000000e+00 0.000000e+00 9.072987e-01 8.929922e-02 3.491467e-06 0.000000e+00 5.611996e-05 4.833994e-05 3.599049e-14
1.400000e+02 YPH 6 0 2 0.000000e+00 3.762035e-04 0.000000e+00 7.308456e-06 2.398590e-03 5.229396e-04 0.000000e+00 0.000000e+00 9.072888e-01 8.929823e-02 3.491913e-06 0.000000e+00 5.612376e-05 4.834051e-05 3.599546e-14
1.400000e+02 GZS 0 0 0 0.000000e+00 0.000000e+00 0.000000e+00 0.000000e+00 0.000000e+00 1.323832e-03 0.000000e+00 0.000000e+00 9.091902e-01 8.948598e-02 0.000000e+00 0.000000e+00 0.000000e+00 0.000000e+00 0.000000e+00
1.400000e+02 GZS 1 0 0 0.000000e+00 0.000000e+00 0.000000e+00 0.000000e+00 0.000000e+00 0.000000e+00 1.066317e-03 1.066317e-03 9.978674e-01 0.000000e+00 0.000000e+00 0.000000e+00 0.000000e+00 0.000000e+00 0.000000e+00
1.400000e+02 GZS 2 0 0 0.000000e+00 0.000000e+00 0.000000e+00 0.000000e+00 0.000000e+00 0.000000e+00 1.066488e-03 1.066488e-03 9.978670e-01 0.000000e+00 0.000000e+00 0.000000e+00 0.000000e+00 0.000000e+00 0.000000e+00
1.400000e+02 GZS 3 0 0 0.000000e+00 0.000000e+00 0.000000e+00 0.000000e+00 0.000000e+00 0.000000e+00 1.067004e-03 1.067004e-03 9.978660e-01 0.000000e+00 0.000000e+00 0.000000e+00 0.000000e+00 0.000000e+00 0.000000e+00
1.400000e+02 GZS 4 0 0 0.000000e+00 0.000000e+00 0.000000e+00 0.000000e+00 0.000000e+00 0.000000e+00 1.067180e-03 1.067180e-03 9.978656e-01 0.000000e+00 0.000000e+00 0.000000e+00 0.000000e+00 0.000000e+00 0.000000e+00
1.400000e+02 RDG 0 0 0 0.000000e+00 0.000000e+00 0.000000e+00 0.000000e+00 1.396509e-02 2.284041e-03 0.000000e+00 0.000000e+00 8.907650e-01 8.767194e-02 1.803578e-04 0.000000e+00 2.753878e-03 2.379645e-03 1.759244e-12
1.400000e+02 RDG 1 0 0 0.000000e+00 0.000000e+00 0.000000e+00 0.000000e+00 1.417352e-02 2.317327e-03 0.000000e+00 0.000000e+00 8.905453e-01 8.765048e-02 1.802883e-04 0.000000e+00 2.753555e-03 2.379529e-03 1.758612e-12
1.400000e+02 RDG 2 0 0 0.000000e+00 0.000000e+00 0.000000e+00 0.000000e+00 3.876992e-01 4.229334e-03 0.000000e+00 0.000000e+00 0.000000e+00 0.000000e+00 2.050958e-02 0.000000e+00 3.144614e-01 2.731005e-01 1.997088e-10
1.400000e+02 RDG 3 0 0 0.000000e+00 0.000000e+00 0.000000e+00 0.000000e+00 1.022650e-01 1.115635e-03 0.000000e+00 0.000000e+00 0.000000e+00 0.000000e+00 3.024497e-02 0.000000e+00 4.636749e-01 4.026995e-01 2.944590e-10
1.400000e+02 RDG 4 0 0 0.000000e+00 0.000000e+00 0.000000e+00 0.000000e+00 1.318057e-01 1.437900e-03 0.000000e+00 0.000000e+00 0.000000e+00 0.000000e+00 2.923653e-02 0.000000e+00 4.482319e-01 3.892880e-01 2.846532e-10
1.400000e+02 DRE 0 0 1 0.000000e+00 0.000000e+00 0.000000e+00 0.000000e+00 0.000000e+00 0.000000e+00 1.168657e-05 1.168657e-05 9.094370e-01 8.950921e-02 0.000000e+00 0.000000e+00 1.387471e-04 8.916894e-04 1.168657e-13
1.400000e+02 CHI 0 0 1 0.000000e+00 0.000000e+00 0.000000e+00 0.000000e+00 0.000000e+00 0.000000e+00 0.000000e+00 0.000000e+00 0.000000e+00 0.000000e+00 0.000000e+00 0.000000e+00 4.892251e-01 5.107749e-01 5.902048e-12
1.400000e+02 CAL 0 0 1 0.000000e+00 0.000000e+00 0.000000e+00 0.000000e+00 0.000000e+00 0.000000e+00 6.900028e-02 6.900028e-02 0.000000e+00 0.000000e+00 0.000000e+00 0.000000e+00 4.755827e-01 3.864168e-01 3.266859e-10
1.400000e+02 ROT 0 0 1 0.000000e+00 0.000000e+00 0.000000e+00 0.000000e+00 0.000000e+00 0.000000e+00 6.899987e-02 6.899987e-02 0.000000e+00 0.000000e+00 0.000000e+00 0.000000e+00 4.755825e-01 3.864177e-01 3.266839e-10
1.450000e+02 WAE 0 0 2 0.000000e+00 2.035778e-02 0.000000e+00 3.663157e-04 0.000000e+00 1.213938e-03 0.000000e+00 0.000000e+00 8.903767e-01 8.768529e-02 0.000000e+00 0.000000e+00 0.000000e+00 0.000000e+00 0.000000e+00
1.450000e+02 WAE 1 0 2 0.000000e+00 3.532159e-02 0.000000e+00 1.615174e-03 0.000000e+00 1.198167e-03 0.000000e+00 0.000000e+00 8.756319e-01 8.623315e-02 0.000000e+00 0.000000e+00 0.000000e+00 0.000000e+00 0.000000e+00
1.450000e+02 WAE 2 0 2 8.680746e-01 9.690532e-02 0.000000e+00 5.401589e-03 2.905729e-02 5.611539e-04 0.000000e+00 0.000000e+00 0.000000e+00 0.000000e+00 0.000000e+00 0.000000e+00 0.000000e+00 0.000000e+00 0.000000e+00
1.450000e+02 WAE 3 0 2 8.675926e-01 9.685150e-02 0.000000e+00 5.398590e-03 2.958591e-02 5.713657e-04 0.000000e+00 0.000000e+00 0.000000e+00 0.000000e+00 0.000000e+00 0.000000e+00 0.000000e+00 0.000000e+00 0.000000e+00
1.450000e+02 WAE 4 0 2 8.675350e-01 9.684529e-02 0.000000e+00 5.398230e-03 2.964889e-02 5.725890e-04 0.000000e+00 0.000000e+00 0.000000e+00 0.000000e+00 0.000000e+00 0.000000e+00 0.000000e+00 0.000000e+00 0.000000e+00
1.450000e+02 WAE 5 0 2 8.674584e-01 9.683685e-02 0.000000e+00 5.397754e-03 2.973275e-02 5.742122e-04 0.000000e+00 0.000000e+00 0.000000e+00 0.000000e+00 0.000000e+00 0.000000e+00 0.000000e+00 0.000000e+00 0.000000e+00
1.450000e+02 WAE 6 0 2 8.681846e-01 9.691845e-02 0.000000e+00 5.402270e-03 2.893581e-02 5.588317e-04 0.000000e+00 0.000000e+00 0.000000e+00 0.000000e+00 0.000000e+00 0.000000e+00 0.000000e+00 0.000000e+00 0.000000e+00
1.450000e+02 WAE 7 0 2 7.534222e-01 8.235003e-02 1.309152e-01 4.590242e-03 2.817814e-02 5.442007e-04 0.000000e+00 0.000000e+00 0.000000e+00 0.000000e+00 0.000000e+00 0.000000e+00 0.000000e+00 0.000000e+00 0.000000e+00
1.450000e+02 YPH 0 0 2 0.000000e+00 0.000000e+00 0.000000e+00 0.000000e+00 8.941710e-03 1.725745e-03 0.000000e+00 0.000000e+00 9.000892e-01 8.864164e-02 1.754846e-05 0.000000e+00 3.093611e-04 2.748226e-04 1.807594e-13
1.450000e+02 YPH 1 0 2 0.000000e+00 0.000000e+00 0.000000e+00 0.000000e+00 9.130846e-03 1.762111e-03 0.000000e+00 0.000000e+00 8.998841e-01 8.862152e-02 1.753813e-05 0.000000e+00 3.091902e-04 2.746694e-04 1.806615e-13
1.450000e+02 YPH 2 0 2 0.000000e+00 4.150095e-04 0.000000e+00 7.467515e-06 2.422460e-03 4.674069e-04 0.000000e+00 0.000000e+00 9.072223e-01 8.934417e-02 3.543686e-06 0.000000e+00 6.236692e-05 5.529861e-05 3.652903e-14
1.450000e+02 YPH 3 0 2 0.000000e+00 4.150051e-04 0.000000e+00 7.467425e-06 2.420824e-03 4.671026e-04 0.000000e+00 0.000000e+00 9.072241e-01 8.934434e-02 3.543619e-06 0.000000e+00 6.236526e-05 5.529730e-05 3.652826e-14
1.450000e+02 YPH 4 0 2 0.000000e+00 4.150090e-04 0.000000e+00 7.467486e-06 2.421572e-03 4.672539e-04 0.000000e+00 0.000000e+00 9.072232e-01 8.934425e-02 3.543663e-06 0.000000e+00 6.236513e-05 5.529672e-05 3.652875e-14
1.450000e+02 YPH 5 0 2 0.000000e+00 4.149966e-04 0.000000e+00 7.467267e-06 2.418211e-03 4.666082e-04 0.000000e+00 0.000000e+00 9.072269e-01 8.934461e-02 3.543500e-06 0.000000e+00 6.236325e-05 5.529605e-05 3.652693e-14
1.450000e+02 YPH 6 0 2 0.000000e+00 4.150320e-04 0.000000e+00 7.467883e-06 2.427477e-03 4.683984e-04 0.000000e+00 0.000000e+00 9.072168e-01 8.934360e-02 3.543958e-06 0.000000e+00 6.236766e-05 5.529691e-05 3.653203e-14
1.450000e+02 GZS 0 0 0 0.000000e+00 0.000000e+00 0.000000e+00 0.000000e+00 0.000000e+00 1.188145e-03 0.000000e+00 0.000000e+00 9.092658e-01 8.954601e-02 0.000000e+00 0.000000e+00 0.000000e+00 0.000000e+00 0.000000e+00
1.450000e+02 GZS 1 0 0 0.000000e+00 0.000000e+00 0.000000e+00 0.000000e+00 0.000000e+00 0.000000e+00 1.082243e-03 1.082243e-03 9.978355e-01 0.000000e+00 0.000000e+00 0.000000e+00 0.000000e+00 0.000000e+00 0.000000e+00
1.450000e+02 GZS 2 0 0 0.000000e+00 0.000000e+00 0.000000e+00 0.000000e+00 0.000000e+00 0.000000e+00 1.082417e-03 1.082417e-03 9.978352e-01 0.000000e+00 0.000000e+00 0.000000e+00 0.000000e+00 0.000000e+00 0.000000e+00
1.450000e+02 GZS 3 0 0 0.000000e+00 0.000000e+00 0.000000e+00 0.000000e+00 0.000000e+00 0.000000e+00 1.082945e-03 1.082945e-03 9.978341e-01 0.000000e+00 0.000000e+00 0.000000e+00 0.000000e+00 0.000000e+00 0.000000e+00
1.450000e+02 GZS 4 0 0 0.000000e+00 0.000000e+00 0.000000e+00 0.000000e+00 0.000000e+00 0.000000e+00 1.083126e-03 1.083126e-03 9.978337e-01 0.000000e+00 0.000000e+00 0.000000e+00 0.000000e+00 0.000000e+00 0.000000e+00
1.450000e+02 RDG 0 0 0 0.000000e+00 0.000000e+00 0.000000e+00 0.000000e+00 1.415487e-02 2.049063e-03 0.000000e+00 0.000000e+00 8.901691e-01 8.766475e-02 1.829390e-04 0.000000e+00 3.058717e-03 2.720518e-03 1.784430e-12
1.450000e+02 RDG 1 0 0 0.000000e+00 0.000000e+00 0.000000e+00 0.000000e+00 1.436767e-02 2.079018e-03 0.000000e+00 0.000000e+00 8.899486e-01 8.764321e-02 1.828687e-04 0.000000e+00 3.058287e-03 2.720320e-03 1.783792e-12
1.450000e+02 RDG 2 0 0 0.000000e+00 0.000000e+00 0.000000e+00 0.000000e+00 3.650863e-01 3.525225e-03 0.000000e+00 0.000000e+00 0.000000e+00 0.000000e+00 1.924882e-02 0.000000e+00 3.232263e-01 2.889134e-01 1.874316e-10
1.450000e+02 RDG 3 0 0 0.000000e+00 0.000000e+00 0.000000e+00 0.000000e+00 9.451284e-02 9.126474e-04 0.000000e+00 0.000000e+00 0.000000e+00 0.000000e+00 2.757970e-02 0.000000e+00 4.630699e-01 4.139250e-01 2.685056e-10
1.450000e+02 RDG 4 0 0 0.000000e+00 0.000000e+00 0.000000e+00 0.000000e+00 1.218018e-01 1.176155e-03 0.000000e+00 0.000000e+00 0.000000e+00 0.000000e+00 2.673871e-02 0.000000e+00 4.489656e-01 4.013178e-01 2.603302e-10
1.450000e+02 DRE 0 0 1 0.000000e+00 0.000000e+00 0.000000e+00 0.000000e+00 0.000000e+00 0.000000e+00 1.185921e-05 1.185921e-05 9.092641e-01 8.954475e-02 0.000000e+00 0.000000e+00 1.528505e-04 1.014595e-03 1.185921e-13
1.450000e+02 CHI 0 0 1 0.000000e+00 0.000000e+00 0.000000e+00 0.000000e+00 0.000000e+00 0.000000e+00 0.000000e+00 0.000000e+00 0.000000e+00 0.000000e+00 0.000000e+00 0.000000e+00 4.775561e-01 5.224439e-01 5.702667e-12
1.450000e+02 CAL 0 0 1 0.000000e+00 0.000000e+00 0.000000e+00 0.000000e+00 0.000000e+00 0.000000e+00 6.314023e-02 6.314023e-02 0.000000e+00 0.000000e+00 0.000000e+00 0.000000e+00 4.755783e-01 3.981413e-01 2.989413e-10
1.450000e+02 ROT 0 0 1 0.000000e+00 0.000000e+00 0.000000e+00 0.000000e+00 0.000000e+00 0.000000e+00 6.313986e-02 6.313986e-02 0.000000e+00 0.000000e+00 0.000000e+00 0.000000e+00 4.755781e-01 3.981422e-01 2.989395e-10
1.500000e+02 WAE 0 0 2 0.000000e+00 2.061098e-02 0.000000e+00 3.743456e-04 0.000000e+00 1.075061e-03 0.000000e+00 0.000000e+00 8.902174e-01 8.772225e-02 0.000000e+00 0.000000e+00 0.000000e+00 0.000000e+00 0.000000e+00
1.500000e+02 WAE 1 0 2 0.000000e+00 3.598554e-02 0.000000e+00 1.702870e-03 0.000000e+00 1.060629e-03 0.000000e+00 0.000000e+00 8.750258e-01 8.622520e-02 0.000000e+00 0.000000e+00 0.000000e+00 0.000000e+00 0.000000e+00
1.500000e+02 WAE 2 0 2 8.704720e-01 9.465088e-02 0.000000e+00 5.426557e-03 2.896350e-02 4.870318e-04 0.000000e+00 0.000000e+00 0.000000e+00 0.000000e+00 0.000000e+00 0.000000e+00 0.000000e+00 0.000000e+00 0.000000e+00
1.500000e+02 WAE 3 0 2 8.700063e-01 9.460023e-02 0.000000e+00 5.423654e-03 2.947415e-02 4.956216e-04 0.000000e+00 0.000000e+00 0.000000e+00 0.000000e+00 0.000000e+00 0.000000e+00 0.000000e+00 0.000000e+00 0.000000e+00
1.500000e+02 WAE 4 0 2 8.699506e-01 9.459440e-02 0.000000e+00 5.423306e-03 2.953499e-02 4.966516e-04 0.000000e+00 0.000000e+00 0.000000e+00 0.000000e+00 0.000000e+00 0.000000e+00 0.000000e+00 0.000000e+00 0.000000e+00
1.500000e+02 WAE 5 0 2 8.698767e-01 9.458647e-02 0.000000e+00 5.422844e-03 2.961600e-02 4.980174e-04 0.000000e+00 0.000000e+00 0.000000e+00 0.000000e+00 0.000000e+00 0.000000e+00 0.000000e+00 0.000000e+00 0.000000e+00
1.500000e+02 WAE 6 0 2 8.705783e-01 9.466329e-02 0.000000e+00 5.427216e-03 2.884616e-02 4.850821e-04 0.000000e+00 0.000000e+00 0.000000e+00 0.000000e+00 0.000000e+00 0.000000e+00 0.000000e+00 0.000000e+00 0.000000e+00
1.500000e+02 WAE 7 0 2 7.540444e-01 8.164878e-02 1.309931e-01 4.681254e-03 2.815895e-02 4.735143e-04 0.000000e+00 0.000000e+00 0.000000e+00 0.000000e+00 0.000000e+00 0.000000e+00 0.000000e+00 0.000000e+00 0.000000e+00
1.500000e+02 YPH 0 0 2 0.000000e+00 0.000000e+00 0.000000e+00 0.000000e+00 9.082975e-03 1.526255e-03 0.000000e+00 0.000000e+00 9.000254e-01 8.868858e-02 1.784405e-05 0.000000e+00 3.442915e-04 3.146553e-04 1.838052e-13
1.500000e+02 YPH 1 0 2 0.000000e+00 0.000000e+00 0.000000e+00 0.000000e+00 9.275297e-03 1.558408e-03 0.000000e+00 0.000000e+00 8.998213e-01 8.866855e-02 1.783347e-05 0.000000e+00 3.441047e-04 3.144836e-04 1.837049e-13
1.500000e+02 YPH 2 0 2 0.000000e+00 4.202319e-04 0.000000e+00 7.632308e-06 2.455785e-03 4.125203e-04 0.000000e+00 0.000000e+00 9.071744e-01 8.939311e-02 3.603403e-06 0.000000e+00 6.940662e-05 6.331471e-05 3.714467e-14
1.500000e+02 YPH 3 0 2 0.000000e+00 4.202273e-04 0.000000e+00 7.632215e-06 2.454090e-03 4.122471e-04 0.000000e+00 0.000000e+00 9.071762e-01 8.939328e-02 3.603332e-06 0.000000e+00 6.940471e-05 6.331316e-05 3.714386e-14
1.500000e+02 YPH 4 0 2 0.000000e+00 4.202313e-04 0.000000e+00 7.632277e-06 2.454865e-03 4.123841e-04 0.000000e+00 0.000000e+00 9.071754e-01 8.939319e-02 3.603377e-06 0.000000e+00 6.940450e-05 6.331246e-05 3.714435e-14
1.500000e+02 YPH 5 0 2 0.000000e+00 4.202186e-04 0.000000e+00 7.632050e-06 2.451384e-03 4.118024e-04 0.000000e+00 0.000000e+00 9.071791e-01 8.939356e-02 3.603209e-06 0.000000e+00 6.940242e-05 6.331168e-05 3.714248e-14
1.500000e+02 YPH 6 0 2 0.000000e+00 4.202549e-04 0.000000e+00 7.632688e-06 2.460984e-03 4.134169e-04 0.000000e+00 0.000000e+00 9.071689e-01 8.939253e-02 3.603680e-06 0.000000e+00 6.940723e-05 6.331263e-05 3.714773e-14
1.500000e+02 GZS 0 0 0 0.000000e+00 0.000000e+00 0.000000e+00 0.000000e+00 0.000000e+00 1.050832e-03 0.000000e+00 0.000000e+00 9.093419e-01 8.960729e-02 0.000000e+00 0.000000e+00 0.000000e+00 0.000000e+00 0.000000e+00
1.500000e+02 GZS 1 0 0 0.000000e+00 0.000000e+00 0.000000e+00 0.000000e+00 0.000000e+00 0.000000e+00 1.100480e-03 1.100480e-03 9.977990e-01 0.000000e+00 0.000000e+00 0.000000e+00 0.000000e+00 0.000000e+00 0.000000e+00
1.500000e+02 GZS 2 0 0 0.000000e+00 0.000000e+00 0.000000e+00 0.000000e+00 0.000000e+00 0.000000e+00 1.100657e-03 1.100657e-03 9.977987e-01 0.000000e+00 0.000000e+00 0.000000e+00 0.000000e+00 0.000000e+00 0.000000e+00
1.500000e+02 GZS 3 0 0 0.000000e+00 0.000000e+00 0.000000e+00 0.000000e+00 0.000000e+00 0.000000e+00 1.101199e-03 1.101199e-03 9.977976e-01 0.000000e+00 0.000000e+00 0.000000e+00 0.000000e+00 0.000000e+00 0.000000e+00
1.500000e+02 GZS 4 0 0 0.000000e+00 0.000000e+00 0.000000e+00 0.000000e+00 0.000000e+00 0.000000e+00 1.101385e-03 1.101385e-03 9.977972e-01 0.000000e+00 0.000000e+00 0.000000e+00 0.000000e+00 0.000000e+00 0.000000e+00
1.500000e+02 RDG 0 0 0 0.000000e+00 0.000000e+00 0.000000e+00 0.000000e+00 1.436308e-02 1.810287e-03 0.000000e+00 0.000000e+00 8.894771e-01 8.764919e-02 1.858875e-04 0.000000e+00 3.401805e-03 3.112683e-03 1.813197e-12
1.500000e+02 RDG 1 0 0 0.000000e+00 0.000000e+00 0.000000e+00 0.000000e+00 1.458119e-02 1.836889e-03 0.000000e+00 0.000000e+00 8.892547e-01 8.762747e-02 1.858163e-04 0.000000e+00 3.401417e-03 3.112536e-03 1.812552e-12
1.500000e+02 RDG 2 0 0 0.000000e+00 0.000000e+00 0.000000e+00 0.000000e+00 3.430942e-01 2.884579e-03 0.000000e+00 0.000000e+00 0.000000e+00 0.000000e+00 1.802496e-02 0.000000e+00 3.313417e-01 3.046546e-01 1.755139e-10
1.500000e+02 RDG 3 0 0 0.000000e+00 0.000000e+00 0.000000e+00 0.000000e+00 8.739136e-02 7.347868e-04 0.000000e+00 0.000000e+00 0.000000e+00 0.000000e+00 2.513414e-02 0.000000e+00 4.619670e-01 4.247727e-01 2.446917e-10
1.500000e+02 RDG 4 0 0 0.000000e+00 0.000000e+00 0.000000e+00 0.000000e+00 1.125581e-01 9.463858e-04 0.000000e+00 0.000000e+00 0.000000e+00 0.000000e+00 2.443363e-02 0.000000e+00 4.491104e-01 4.129515e-01 2.378841e-10
1.500000e+02 DRE 0 0 1 0.000000e+00 0.000000e+00 0.000000e+00 0.000000e+00 0.000000e+00 0.000000e+00 1.205690e-05 1.205690e-05 9.090725e-01 8.957962e-02 0.000000e+00 0.000000e+00 1.685812e-04 1.155226e-03 1.205690e-13
1.500000e+02 CHI 0 0 1 0.000000e+00 0.000000e+00 0.000000e+00 0.000000e+00 0.000000e+00 0.000000e+00 0.000000e+00 0.000000e+00 0.000000e+00 0.000000e+00 0.000000e+00 0.000000e+00 4.656874e-01 5.343126e-01 5.501705e-12
1.500000e+02 CAL 0 0 1 0.000000e+00 0.000000e+00 0.000000e+00 0.000000e+00 0.000000e+00 0.000000e+00 5.773854e-02 5.773854e-02 0.000000e+00 0.000000e+00 0.000000e+00 0.000000e+00 4.750047e-01 4.095183e-01 2.733668e-10
1.500000e+02 ROT 0 0 1 0.000000e+00 0.000000e+00 0.000000e+00 0.000000e+00 0.000000e+00 0.000000e+00 5.773817e-02 5.773817e-02 0.000000e+00 0.000000e+00 0.000000e+00 0.000000e+00 4.750044e-01 4.095192e-01 2.733650e-10
1.550000e+02 WAE 0 0 2 0.000000e+00 2.087597e-02 0.000000e+00 3.826840e-04 0.000000e+00 9.359865e-04 0.000000e+00 0.000000e+00 8.900460e-01 8.775933e-02 0.000000e+00 0.000000e+00 0.000000e+00 0.000000e+00 0.000000e+00
1.550000e+02 WAE 1 0 2 0.000000e+00 3.670779e-02 0.000000e+00 1.738114e-03 0.000000e+00 9.230224e-04 0.000000e+00 0.000000e+00 8.744132e-01 8.621786e-02 0.000000e+00 0.000000e+00 0.000000e+00 0.000000e+00 0.000000e+00
1.550000e+02 WAE 2 0 2 8.730787e-01 9.238388e-02 0.000000e+00 5.254821e-03 2.886795e-02 4.146609e-04 0.000000e+00 0.000000e+00 0.000000e+00 0.000000e+00 0.000000e+00 0.000000e+00 0.000000e+00 0.000000e+00 0.000000e+00
1.550000e+02 WAE 3 0 2 8.726287e-01 9.233626e-02 0.000000e+00 5.252111e-03 2.936121e-02 4.217491e-04 0.000000e+00 0.000000e+00 0.000000e+00 0.000000e+00 0.000000e+00 0.000000e+00 0.000000e+00 0.000000e+00 0.000000e+00
1.550000e+02 WAE 4 0 2 8.725748e-01 9.233079e-02 0.000000e+00 5.251840e-03 2.941998e-02 4.226001e-04 0.000000e+00 0.000000e+00 0.000000e+00 0.000000e+00 0.000000e+00 0.000000e+00 0.000000e+00 0.000000e+00 0.000000e+00
1.550000e+02 WAE 5 0 2 8.725033e-01 9.232333e-02 0.000000e+00 5.251434e-03 2.949824e-02 4.237277e-04 0.000000e+00 0.000000e+00 0.000000e+00 0.000000e+00 0.000000e+00 0.000000e+00 0.000000e+00 0.000000e+00 0.000000e+00
1.550000e+02 WAE 6 0 2 8.731811e-01 9.239560e-02 0.000000e+00 5.255638e-03 2.875460e-02 4.130556e-04 0.000000e+00 0.000000e+00 0.000000e+00 0.000000e+00 0.000000e+00 0.000000e+00 0.000000e+00 0.000000e+00 0.000000e+00
1.550000e+02 WAE 7 0 2 7.570385e-01 8.010566e-02 1.298117e-01 4.556509e-03 2.808420e-02 4.034269e-04 0.000000e+00 0.000000e+00 0.000000e+00 0.000000e+00 0.000000e+00 0.000000e+00 0.000000e+00 0.000000e+00 0.000000e+00
1.550000e+02 YPH 0 0 2 0.000000e+00 0.000000e+00 0.000000e+00 0.000000e+00 9.239969e-03 1.326168e-03 0.000000e+00 0.000000e+00 8.999333e-01 8.873405e-02 1.818394e-05 0.000000e+00 3.859685e-04 3.623378e-04 1.873071e-13
1.550000e+02 YPH 1 0 2 0.000000e+00 0.000000e+00 0.000000e+00 0.000000e+00 9.436868e-03 1.354237e-03 0.000000e+00 0.000000e+00 8.997288e-01 8.871398e-02 1.817307e-05 0.000000e+00 3.857634e-04 3.621443e-04 1.872040e-13
1.550000e+02 YPH 2 0 2 0.000000e+00 4.256976e-04 0.000000e+00 7.803471e-06 2.494472e-03 3.578729e-04 0.000000e+00 0.000000e+00 9.071173e-01 8.944247e-02 3.672158e-06 0.000000e+00 7.780790e-05 7.291214e-05 3.785345e-14
1.550000e+02 YPH 3 0 2 0.000000e+00 4.256928e-04 0.000000e+00 7.803373e-06 2.492712e-03 3.576320e-04 0.000000e+00 0.000000e+00 9.071191e-01 8.944264e-02 3.672083e-06 0.000000e+00 7.780566e-05 7.291028e-05 3.785260e-14
1.550000e+02 YPH 4 0 2 0.000000e+00 4.256969e-04 0.000000e+00 7.803437e-06 2.493517e-03 3.577541e-04 0.000000e+00 0.000000e+00 9.071183e-01 8.944255e-02 3.672128e-06 0.000000e+00 7.780535e-05 7.290942e-05 3.785310e-14
1.550000e+02 YPH 5 0 2 0.000000e+00 4.256839e-04 0.000000e+00 7.803202e-06 2.489903e-03 3.572389e-04 0.000000e+00 0.000000e+00 9.071221e-01 8.944293e-02 3.671954e-06 0.000000e+00 7.780301e-05 7.290850e-05 3.785116e-14
1.550000e+02 YPH 6 0 2 0.000000e+00 4.257211e-04 0.000000e+00 7.803863e-06 2.499873e-03 3.586706e-04 0.000000e+00 0.000000e+00 9.071117e-01 8.944189e-02 3.672440e-06 0.000000e+00 7.780831e-05 7.290959e-05 3.785658e-14
1.550000e+02 GZS 0 0 0 0.000000e+00 0.000000e+00 0.000000e+00 0.000000e+00 0.000000e+00 9.135995e-04 0.000000e+00 0.000000e+00 9.094166e-01 8.966979e-02 0.000000e+00 0.000000e+00 0.000000e+00 0.000000e+00 0.000000e+00
1.550000e+02 GZS 1 0 0 0.000000e+00 0.000000e+00 0.000000e+00 0.000000e+00 0.000000e+00 0.000000e+00 1.121481e-03 1.121481e-03 9.977570e-01 0.000000e+00 0.000000e+00 0.000000e+00 0.000000e+00 0.000000e+00 0.000000e+00
1.550000e+02 GZS 2 0 0 0.000000e+00 0.000000e+00 0.000000e+00 0.000000e+00 0.000000e+00 0.000000e+00 1.121663e-03 1.121663e-03 9.977567e-01 0.000000e+00 0.000000e+00 0.000000e+00 0.000000e+00 0.000000e+00 0.000000e+00
1.550000e+02 GZS 3 0 0 0.000000e+00 0.000000e+00 0.000000e+00 0.000000e+00 0.000000e+00 0.000000e+00 1.122220e-03 1.122220e-03 9.977556e-01 0.000000e+00 0.000000e+00 0.000000e+00 0.000000e+00 0.000000e+00 0.000000e+00
1.550000e+02 GZS 4 0 0 0.000000e+00 0.000000e+00 0.000000e+00 0.000000e+00 0.000000e+00 0.000000e+00 1.122412e-03 1.122412e-03 9.977552e-01 0.000000e+00 0.000000e+00 0.000000e+00 0.000000e+00 0.000000e+00 0.000000e+00
1.550000e+02 RDG 0 0 1 0.000000e+00 0.000000e+00 0.000000e+00 0.000000e+00 1.459104e-02 1.570814e-03 0.000000e+00 0.000000e+00 8.886367e-01 8.762025e-02 1.892671e-04 0.000000e+00 3.810529e-03 3.581421e-03 1.846166e-12
1.550000e+02 RDG 1 0 1 0.000000e+00 0.000000e+00 0.000000e+00 0.000000e+00 1.480533e-02 1.595920e-03 0.000000e+00 0.000000e+00 8.884262e-01 8.759909e-02 1.892476e-04 0.000000e+00 3.807063e-03 3.577115e-03 1.846023e-12
1.550000e+02 RDG 2 0 1 0.000000e+00 0.000000e+00 0.000000e+00 0.000000e+00 3.210699e-01 2.310903e-03 0.000000e+00 0.000000e+00 0.000000e+00 0.000000e+00 1.680286e-02 0.000000e+00 3.394206e-01 3.203958e-01 1.636133e-10
1.550000e+02 RDG 3 0 1 0.000000e+00 0.000000e+00 0.000000e+00 0.000000e+00 8.063804e-02 5.804348e-04 0.000000e+00 0.000000e+00 0.000000e+00 0.000000e+00 2.281979e-02 0.000000e+00 4.608908e-01 4.350710e-01 2.221555e-10
1.550000e+02 RDG 4 0 1 0.000000e+00 0.000000e+00 0.000000e+00 0.000000e+00 1.037452e-01 7.467599e-04 0.000000e+00 0.000000e+00 0.000000e+00 0.000000e+00 2.224070e-02 0.000000e+00 4.492165e-01 4.240508e-01 2.165301e-10
1.550000e+02 DRE 0 0 1 0.000000e+00 0.000000e+00 0.000000e+00 0.000000e+00 0.000000e+00 0.000000e+00 1.228447e-05 1.228447e-05 9.088528e-01 8.961306e-02 0.000000e+00 0.000000e+00 1.872726e-04 1.322266e-03 1.228447e-13
1.550000e+02 CHI 0 0 1 0.000000e+00 0.000000e+00 0.000000e+00 0.000000e+00 0.000000e+00 0.000000e+00 0.000000e+00 0.000000e+00 0.000000e+00 0.000000e+00 0.000000e+00 0.000000e+00 4.535890e-01 5.464110e-01 5.298819e-12
1.550000e+02 CAL 0 0 1 0.000000e+00 0.000000e+00 0.000000e+00 0.000000e+00 0.000000e+00 0.000000e+00 5.252876e-02 5.252876e-02 0.000000e+00 0.000000e+00 0.000000e+00 0.000000e+00 4.744181e-01 4.205243e-01 2.487009e-10
1.550000e+02 ROT 0 0 1 0.000000e+00 0.000000e+00 0.000000e+00 0.000000e+00 0.000000e+00 0.000000e+00 5.252839e-02 5.252839e-02 0.000000e+00 0.000000e+00 0.000000e+00 0.000000e+00 4.744178e-01 4.205254e-01 2.486990e-10
1.600000e+02 WAE 0 0 2 0.000000e+00 2.115700e-02 0.000000e+00 3.914121e-04 0.000000e+00 7.987695e-04 0.000000e+00 0.000000e+00 8.898567e-01 8.779611e-02 0.000000e+00 0.000000e+00 0.000000e+00 0.000000e+00 0.000000e+00
1.600000e+02 WAE 1 0 2 0.000000e+00 3.749956e-02 0.000000e+00 1.776039e-03 0.000000e+00 7.873285e-04 0.000000e+00 0.000000e+00 8.737319e-01 8.620513e-02 0.000000e+00 0.000000e+00 0.000000e+00 0.000000e+00 0.000000e+00
1.600000e+02 WAE 2 0 2 8.757218e-01 9.008327e-02 0.000000e+00 5.081281e-03 2.876851e-02 3.451839e-04 0.000000e+00 0.000000e+00 0.000000e+00 0.000000e+00 0.000000e+00 0.000000e+00 0.000000e+00 0.000000e+00 0.000000e+00
1.600000e+02 WAE 3 0 2 8.752870e-01 9.003854e-02 0.000000e+00 5.078759e-03 2.924482e-02 3.509019e-04 0.000000e+00 0.000000e+00 0.000000e+00 0.000000e+00 0.000000e+00 0.000000e+00 0.000000e+00 0.000000e+00 0.000000e+00
1.600000e+02 WAE 4 0 2 8.752350e-01 9.003343e-02 0.000000e+00 5.078456e-03 2.930158e-02 3.515893e-04 0.000000e+00 0.000000e+00 0.000000e+00 0.000000e+00 0.000000e+00 0.000000e+00 0.000000e+00 0.000000e+00 0.000000e+00
1.600000e+02 WAE 5 0 2 8.751659e-01 9.002643e-02 0.000000e+00 5.078055e-03 2.937714e-02 3.524994e-04 0.000000e+00 0.000000e+00 0.000000e+00 0.000000e+00 0.000000e+00 0.000000e+00 0.000000e+00 0.000000e+00 0.000000e+00
1.600000e+02 WAE 6 0 2 8.758208e-01 9.009435e-02 0.000000e+00 5.081854e-03 2.865906e-02 3.438925e-04 0.000000e+00 0.000000e+00 0.000000e+00 0.000000e+00 0.000000e+00 0.000000e+00 0.000000e+00 0.000000e+00 0.000000e+00
1.600000e+02 WAE 7 0 2 7.607791e-01 7.825986e-02 1.282232e-01 4.414338e-03 2.798760e-02 3.358368e-04 0.000000e+00 0.000000e+00 0.000000e+00 0.000000e+00 0.000000e+00 0.000000e+00 0.000000e+00 0.000000e+00 0.000000e+00
1.600000e+02 YPH 0 0 2 0.000000e+00 0.000000e+00 0.000000e+00 0.000000e+00 9.414697e-03 1.128602e-03 0.000000e+00 0.000000e+00 8.998048e-01 8.877744e-02 1.857714e-05 0.000000e+00 4.361084e-04 4.198228e-04 1.913577e-13
1.600000e+02 YPH 1 0 2 0.000000e+00 0.000000e+00 0.000000e+00 0.000000e+00 9.618021e-03 1.152760e-03 0.000000e+00 0.000000e+00 8.995980e-01 8.875714e-02 1.856592e-05 0.000000e+00 4.358819e-04 4.196033e-04 1.912514e-13
1.600000e+02 YPH 2 0 2 0.000000e+00 4.314953e-04 0.000000e+00 7.982690e-06 2.539531e-03 3.042751e-04 0.000000e+00 0.000000e+00 9.070484e-01 8.949220e-02 3.751799e-06 0.000000e+00 8.791805e-05 8.448509e-05 3.867443e-14
1.600000e+02 YPH 3 0 2 0.000000e+00 4.314903e-04 0.000000e+00 7.982587e-06 2.537699e-03 3.040669e-04 0.000000e+00 0.000000e+00 9.070502e-01 8.949237e-02 3.751719e-06 0.000000e+00 8.791539e-05 8.448283e-05 3.867352e-14
1.600000e+02 YPH 4 0 2 0.000000e+00 4.314944e-04 0.000000e+00 7.982653e-06 2.538536e-03 3.041737e-04 0.000000e+00 0.000000e+00 9.070494e-01 8.949228e-02 3.751764e-06 0.000000e+00 8.791496e-05 8.448178e-05 3.867403e-14
1.600000e+02 YPH 5 0 2 0.000000e+00 4.314810e-04 0.000000e+00 7.982408e-06 2.534776e-03 3.037265e-04 0.000000e+00 0.000000e+00 9.070532e-01 8.949266e-02 3.751584e-06 0.000000e+00 8.791231e-05 8.448069e-05 3.867201e-14
1.600000e+02 YPH 6 0 2 0.000000e+00 4.315192e-04 0.000000e+00 7.983095e-06 2.545157e-03 3.049708e-04 0.000000e+00 0.000000e+00 9.070426e-01 8.949160e-02 3.752087e-06 0.000000e+00 8.791822e-05 8.448195e-05 3.867763e-14
1.600000e+02 GZS 0 0 0 0.000000e+00 0.000000e+00 0.000000e+00 0.000000e+00 0.000000e+00 7.784899e-04 0.000000e+00 0.000000e+00 9.094880e-01 8.973352e-02 0.000000e+00 0.000000e+00 0.000000e+00 0.000000e+00 0.000000e+00
1.600000e+02 GZS 1 0 0 0.000000e+00 0.000000e+00 0.000000e+00 0.000000e+00 0.000000e+00 0.000000e+00 1.145815e-03 1.145815e-03 9.977084e-01 0.000000e+00 0.000000e+00 0.000000e+00 0.000000e+00 0.000000e+00 0.000000e+00
1.600000e+02 GZS 2 0 0 0.000000e+00 0.000000e+00 0.000000e+00 0.000000e+00 0.000000e+00 0.000000e+00 1.146000e-03 1.146000e-03 9.977080e-01 0.000000e+00 0.000000e+00 0.000000e+00 0.000000e+00 0.000000e+00 0.000000e+00
1.600000e+02 GZS 3 0 0 0.000000e+00 0.000000e+00 0.000000e+00 0.000000e+00 0.000000e+00 0.000000e+00 1.146576e-03 1.146576e-03 9.977068e-01 0.000000e+00 0.000000e+00 0.000000e+00 0.000000e+00 0.000000e+00 0.000000e+00
1.600000e+02 GZS 4 0 0 0.000000e+00 0.000000e+00 0.000000e+00 0.000000e+00 0.000000e+00 0.000000e+00 1.146775e-03 1.146775e-03 9.977064e-01 0.000000e+00 0.000000e+00 0.000000e+00 0.000000e+00 0.000000e+00 0.000000e+00
1.600000e+02 RDG 0 0 1 0.000000e+00 0.000000e+00 0.000000e+00 0.000000e+00 1.484059e-02 1.334470e-03 0.000000e+00 0.000000e+00 8.876106e-01 8.757437e-02 1.931623e-04 0.000000e+00 4.301341e-03 4.145494e-03 1.884160e-12
1.600000e+02 RDG 1 0 1 0.000000e+00 0.000000e+00 0.000000e+00 0.000000e+00 1.507320e-02 1.354453e-03 0.000000e+00 0.000000e+00 8.873807e-01 8.755190e-02 1.930891e-04 0.000000e+00 4.301132e-03 4.145546e-03 1.883499e-12
1.600000e+02 RDG 2 0 1 0.000000e+00 0.000000e+00 0.000000e+00 0.000000e+00 2.982572e-01 1.789296e-03 0.000000e+00 0.000000e+00 0.000000e+00 0.000000e+00 1.554081e-02 0.000000e+00 3.477233e-01 3.366894e-01 1.513235e-10
1.600000e+02 RDG 3 0 1 0.000000e+00 0.000000e+00 0.000000e+00 0.000000e+00 7.400855e-02 4.440220e-04 0.000000e+00 0.000000e+00 0.000000e+00 0.000000e+00 2.055292e-02 0.000000e+00 4.597844e-01 4.452101e-01 2.000818e-10
1.600000e+02 RDG 4 0 1 0.000000e+00 0.000000e+00 0.000000e+00 0.000000e+00 9.504910e-02 5.702547e-04 0.000000e+00 0.000000e+00 0.000000e+00 0.000000e+00 2.008175e-02 0.000000e+00 4.492700e-01 4.350289e-01 1.955070e-10
1.600000e+02 DRE 0 0 1 0.000000e+00 0.000000e+00 0.000000e+00 0.000000e+00 0.000000e+00 0.000000e+00 1.254801e-05 1.254801e-05 9.085987e-01 8.964459e-02 0.000000e+00 0.000000e+00 2.096938e-04 1.521892e-03 1.254801e-13
1.600000e+02 CHI 0 0 1 0.000000e+00 0.000000e+00 0.000000e+00 0.000000e+00 0.000000e+00 0.000000e+00 0.000000e+00 0.000000e+00 0.000000e+00 0.000000e+00 0.000000e+00 0.000000e+00 4.412399e-01 5.587601e-01 5.093767e-12
1.600000e+02 CAL 0 0 1 0.000000e+00 0.000000e+00 0.000000e+00 0.000000e+00 0.000000e+00 0.000000e+00 4.753713e-02 4.753713e-02 0.000000e+00 0.000000e+00 0.000000e+00 0.000000e+00 4.738671e-01 4.310586e-01 2.250678e-10
1.600000e+02 ROT 0 0 1 0.000000e+00 0.000000e+00 0.000000e+00 0.000000e+00 0.000000e+00 0.000000e+00 4.753676e-02 4.753676e-02 0.000000e+00 0.000000e+00 0.000000e+00 0.000000e+00 4.738668e-01 4.310597e-01 2.250660e-10
1.650000e+02 WAE 0 0 2 0.000000e+00 2.145806e-02 0.000000e+00 4.585562e-04 0.000000e+00 6.658006e-04 0.000000e+00 0.000000e+00 8.895906e-01 8.782701e-02 0.000000e+00 0.000000e+00 0.000000e+00 0.000000e+00 0.000000e+00
1.650000e+02 WAE 1 0 2 0.000000e+00 3.841277e-02 0.000000e+00 8.917169e-04 0.000000e+00 6.564596e-04 0.000000e+00 0.000000e+00 8.737737e-01 8.626539e-02 0.000000e+00 0.000000e+00 0.000000e+00 0.000000e+00 0.000000e+00
1.650000e+02 WAE 2 0 2 8.782062e-01 8.772670e-02 0.000000e+00 5.124369e-03 2.866283e-02 2.798479e-04 0.000000e+00 0.000000e+00 0.000000e+00 0.000000e+00 0.000000e+00 0.000000e+00 0.000000e+00 0.000000e+00 0.000000e+00
1.650000e+02 WAE 3 0 2 8.777865e-01 8.768477e-02 0.000000e+00 5.121920e-03 2.912248e-02 2.843382e-04 0.000000e+00 0.000000e+00 0.000000e+00 0.000000e+00 0.000000e+00 0.000000e+00 0.000000e+00 0.000000e+00 0.000000e+00
1.650000e+02 WAE 4 0 2 8.777363e-01 8.767999e-02 0.000000e+00 5.121605e-03 2.917725e-02 2.848789e-04 0.000000e+00 0.000000e+00 0.000000e+00 0.000000e+00 0.000000e+00 0.000000e+00 0.000000e+00 0.000000e+00 0.000000e+00
1.650000e+02 WAE 5 0 2 8.776696e-01 8.767344e-02 0.000000e+00 5.121206e-03 2.925017e-02 2.855940e-04 0.000000e+00 0.000000e+00 0.000000e+00 0.000000e+00 0.000000e+00 0.000000e+00 0.000000e+00 0.000000e+00 0.000000e+00
1.650000e+02 WAE 6 0 2 8.784176e-01 8.774861e-02 0.000000e+00 4.996994e-03 2.855793e-02 2.788436e-04 0.000000e+00 0.000000e+00 0.000000e+00 0.000000e+00 0.000000e+00 0.000000e+00 0.000000e+00 0.000000e+00 0.000000e+00
1.650000e+02 WAE 7 0 2 8.097436e-01 8.084954e-02 7.633231e-02 4.603181e-03 2.819624e-02 2.751627e-04 0.000000e+00 0.000000e+00 0.000000e+00 0.000000e+00 0.000000e+00 0.000000e+00 0.000000e+00 0.000000e+00 0.000000e+00
1.650000e+02 YPH 0 0 2 0.000000e+00 0.000000e+00 0.000000e+00 0.000000e+00 9.609571e-03 9.372414e-04 0.000000e+00 0.000000e+00 8.996298e-01 8.881796e-02 1.903490e-05 0.000000e+00 4.968288e-04 4.895717e-04 1.960729e-13
1.650000e+02 YPH 1 0 2 0.000000e+00 0.000000e+00 0.000000e+00 0.000000e+00 9.821777e-03 9.576998e-04 0.000000e+00 0.000000e+00 8.994184e-01 8.879720e-02 1.902326e-05 0.000000e+00 4.965764e-04 4.893201e-04 1.959627e-13
1.650000e+02 YPH 2 0 2 0.000000e+00 4.377334e-04 0.000000e+00 9.346302e-06 2.592211e-03 2.526613e-04 0.000000e+00 0.000000e+00 9.069634e-01 8.954209e-02 3.844641e-06 0.000000e+00 1.001658e-04 9.853065e-05 3.963145e-14
1.650000e+02 YPH 3 0 2 0.000000e+00 4.377281e-04 0.000000e+00 9.345587e-06 2.590299e-03 2.524858e-04 0.000000e+00 0.000000e+00 9.069653e-01 8.954227e-02 3.844555e-06 0.000000e+00 1.001626e-04 9.852789e-05 3.963048e-14
1.650000e+02 YPH 4 0 2 0.000000e+00 4.377323e-04 0.000000e+00 9.345062e-06 2.591173e-03 2.525771e-04 0.000000e+00 0.000000e+00 9.069645e-01 8.954217e-02 3.844600e-06 0.000000e+00 1.001620e-04 9.852661e-05 3.963099e-14
1.650000e+02 YPH 5 0 2 0.000000e+00 4.377185e-04 0.000000e+00 9.345050e-06 2.587250e-03 2.521982e-04 0.000000e+00 0.000000e+00 9.069684e-01 8.954256e-02 3.844413e-06 0.000000e+00 1.001590e-04 9.852527e-05 3.962888e-14
1.650000e+02 YPH 6 0 2 0.000000e+00 4.377579e-04 0.000000e+00 9.344372e-06 2.598086e-03 2.532541e-04 0.000000e+00 0.000000e+00 9.069575e-01 8.954148e-02 3.844935e-06 0.000000e+00 1.001657e-04 9.852681e-05 3.963473e-14
1.650000e+02 GZS 0 0 0 0.000000e+00 0.000000e+00 0.000000e+00 0.000000e+00 0.000000e+00 6.478918e-04 0.000000e+00 0.000000e+00 9.095537e-01 8.979845e-02 0.000000e+00 0.000000e+00 0.000000e+00 0.000000e+00 0.000000e+00
1.650000e+02 GZS 1 0 0 0.000000e+00 0.000000e+00 0.000000e+00 0.000000e+00 0.000000e+00 0.000000e+00 1.174191e-03 1.174191e-03 9.976516e-01 0.000000e+00 0.000000e+00 0.000000e+00 0.000000e+00 0.000000e+00 0.000000e+00
1.650000e+02 GZS 2 0 0 0.000000e+00 0.000000e+00 0.000000e+00 0.000000e+00 0.000000e+00 0.000000e+00 1.174382e-03 1.174382e-03 9.976512e-01 0.000000e+00 0.000000e+00 0.000000e+00 0.000000e+00 0.000000e+00 0.000000e+00
1.650000e+02 GZS 3 0 0 0.000000e+00 0.000000e+00 0.000000e+00 0.000000e+00 0.000000e+00 0.000000e+00 1.174980e-03 1.174980e-03 9.976500e-01 0.000000e+00 0.000000e+00 0.000000e+00 0.000000e+00 0.000000e+00 0.000000e+00
1.650000e+02 GZS 4 0 0 0.000000e+00 0.000000e+00 0.000000e+00 0.000000e+00 0.000000e+00 0.000000e+00 1.175187e-03 1.175187e-03 9.976496e-01 0.000000e+00 0.000000e+00 0.000000e+00 0.000000e+00 0.000000e+00 0.000000e+00
1.650000e+02 RDG 0 0 2 0.000000e+00 0.000000e+00 0.000000e+00 0.000000e+00 1.496630e-02 1.127500e-03 0.000000e+00 0.000000e+00 8.865966e-01 8.752338e-02 1.982925e-04 0.000000e+00 4.835824e-03 4.752097e-03 1.934152e-12
1.650000e+02 RDG 1 0 2 0.000000e+00 0.000000e+00 0.000000e+00 0.000000e+00 1.517475e-02 1.148731e-03 0.000000e+00 0.000000e+00 8.864037e-01 8.750316e-02 1.984863e-04 0.000000e+00 4.829244e-03 4.741885e-03 1.936086e-12
1.650000e+02 RDG 2 0 2 0.000000e+00 0.000000e+00 0.000000e+00 0.000000e+00 2.729393e-01 1.295826e-03 0.000000e+00 0.000000e+00 0.000000e+00 0.000000e+00 1.414462e-02 0.000000e+00 3.567709e-01 3.548493e-01 1.377276e-10
1.650000e+02 RDG 3 0 2 0.000000e+00 0.000000e+00 0.000000e+00 0.000000e+00 6.752139e-02 3.261710e-04 0.000000e+00 0.000000e+00 0.000000e+00 0.000000e+00 1.833996e-02 0.000000e+00 4.586351e-01 4.551774e-01 1.785328e-10
1.650000e+02 RDG 4 0 2 0.000000e+00 0.000000e+00 0.000000e+00 0.000000e+00 8.630758e-02 4.147688e-04 0.000000e+00 0.000000e+00 0.000000e+00 0.000000e+00 1.791685e-02 0.000000e+00 4.492241e-01 4.461367e-01 1.744259e-10
1.650000e+02 DRE 0 0 1 0.000000e+00 0.000000e+00 0.000000e+00 0.000000e+00 0.000000e+00 0.000000e+00 1.285515e-05 1.285515e-05 9.083021e-01 8.967364e-02 0.000000e+00 0.000000e+00 2.367764e-04 1.761806e-03 1.285515e-13
1.650000e+02 CHI 0 0 1 0.000000e+00 0.000000e+00 0.000000e+00 0.000000e+00 0.000000e+00 0.000000e+00 0.000000e+00 0.000000e+00 0.000000e+00 0.000000e+00 0.000000e+00 0.000000e+00 4.286260e-01 5.713740e-01 4.886390e-12
1.650000e+02 CAL 0 0 1 0.000000e+00 0.000000e+00 0.000000e+00 0.000000e+00 0.000000e+00 0.000000e+00 4.279674e-02 4.279674e-02 0.000000e+00 0.000000e+00 0.000000e+00 0.000000e+00 4.733653e-01 4.410412e-01 2.026243e-10
1.650000e+02 ROT 0 0 1 0.000000e+00 0.000000e+00 0.000000e+00 0.000000e+00 0.000000e+00 0.000000e+00 4.279637e-02 4.279637e-02 0.000000e+00 0.000000e+00 0.000000e+00 0.000000e+00 4.733650e-01 4.410423e-01 2.026224e-10
1.700000e+02 WAE 0 0 2 0.000000e+00 2.178133e-02 0.000000e+00 7.735837e-04 0.000000e+00 5.397234e-04 0.000000e+00 0.000000e+00 8.890710e-01 8.783435e-02 0.000000e+00 0.000000e+00 0.000000e+00 0.000000e+00 0.000000e+00
1.700000e+02 WAE 1 0 2 0.000000e+00 3.940469e-02 0.000000e+00 7.592141e-04 0.000000e+00 5.320420e-04 0.000000e+00 0.000000e+00 8.730523e-01 8.625174e-02 0.000000e+00 0.000000e+00 0.000000e+00 0.000000e+00 0.000000e+00
1.700000e+02 WAE 2 0 2 8.803157e-01 8.529218e-02 0.000000e+00 5.623812e-03 2.854841e-02 2.199355e-04 0.000000e+00 0.000000e+00 0.000000e+00 0.000000e+00 0.000000e+00 0.000000e+00 0.000000e+00 0.000000e+00 0.000000e+00
1.700000e+02 WAE 3 0 2 8.799109e-01 8.525296e-02 0.000000e+00 5.621227e-03 2.899151e-02 2.233515e-04 0.000000e+00 0.000000e+00 0.000000e+00 0.000000e+00 0.000000e+00 0.000000e+00 0.000000e+00 0.000000e+00 0.000000e+00
1.700000e+02 WAE 4 0 2 8.798625e-01 8.524852e-02 0.000000e+00 5.620866e-03 2.904431e-02 2.237637e-04 0.000000e+00 0.000000e+00 0.000000e+00 0.000000e+00 0.000000e+00 0.000000e+00 0.000000e+00 0.000000e+00 0.000000e+00
1.700000e+02 WAE 5 0 2 8.797983e-01 8.524240e-02 0.000000e+00 5.620431e-03 2.911461e-02 2.243081e-04 0.000000e+00 0.000000e+00 0.000000e+00 0.000000e+00 0.000000e+00 0.000000e+00 0.000000e+00 0.000000e+00 0.000000e+00
1.700000e+02 WAE 6 0 2 8.811003e-01 8.536896e-02 0.000000e+00 4.860596e-03 2.845090e-02 2.192022e-04 0.000000e+00 0.000000e+00 0.000000e+00 0.000000e+00 0.000000e+00 0.000000e+00 0.000000e+00 0.000000e+00 0.000000e+00
1.700000e+02 WAE 7 0 2 8.810055e-01 8.535975e-02 0.000000e+00 4.860072e-03 2.855466e-02 2.200017e-04 0.000000e+00 0.000000e+00 0.000000e+00 0.000000e+00 0.000000e+00 0.000000e+00 0.000000e+00 0.000000e+00 0.000000e+00
1.700000e+02 YPH 0 0 2 0.000000e+00 0.000000e+00 0.000000e+00 0.000000e+00 9.827539e-03 7.561999e-04 0.000000e+00 0.000000e+00 8.993968e-01 8.885425e-02 1.957137e-05 0.000000e+00 5.708560e-04 5.748295e-04 2.015982e-13
1.700000e+02 YPH 1 0 2 0.000000e+00 0.000000e+00 0.000000e+00 0.000000e+00 1.005189e-02 7.732084e-04 0.000000e+00 0.000000e+00 8.991775e-01 8.883272e-02 1.955921e-05 0.000000e+00 5.705726e-04 5.745381e-04 2.014833e-13
1.700000e+02 YPH 2 0 2 0.000000e+00 4.445436e-04 0.000000e+00 1.577553e-05 2.654067e-03 2.040558e-04 0.000000e+00 0.000000e+00 9.068556e-01 8.959124e-02 3.953581e-06 0.000000e+00 1.151036e-04 1.157046e-04 4.075436e-14
1.700000e+02 YPH 3 0 2 0.000000e+00 4.445380e-04 0.000000e+00 1.577437e-05 2.652065e-03 2.039122e-04 0.000000e+00 0.000000e+00 9.068575e-01 8.959143e-02 3.953488e-06 0.000000e+00 1.150997e-04 1.157012e-04 4.075332e-14
1.700000e+02 YPH 4 0 2 0.000000e+00 4.445423e-04 0.000000e+00 1.577353e-05 2.652979e-03 2.039881e-04 0.000000e+00 0.000000e+00 9.068566e-01 8.959133e-02 3.953534e-06 0.000000e+00 1.150989e-04 1.156996e-04 4.075383e-14
1.700000e+02 YPH 5 0 2 0.000000e+00 4.445279e-04 0.000000e+00 1.577348e-05 2.648875e-03 2.036761e-04 0.000000e+00 0.000000e+00 9.068607e-01 8.959173e-02 3.953337e-06 0.000000e+00 1.150953e-04 1.156979e-04 4.075162e-14
1.700000e+02 YPH 6 0 2 0.000000e+00 4.445688e-04 0.000000e+00 1.577248e-05 2.660219e-03 2.045471e-04 0.000000e+00 0.000000e+00 9.068495e-01 8.959062e-02 3.953884e-06 0.000000e+00 1.151031e-04 1.156999e-04 4.075775e-14
1.700000e+02 GZS 0 0 2 0.000000e+00 0.000000e+00 0.000000e+00 0.000000e+00 0.000000e+00 5.256420e-04 0.000000e+00 0.000000e+00 9.096132e-01 8.986116e-02 0.000000e+00 0.000000e+00 0.000000e+00 0.000000e+00 0.000000e+00
1.700000e+02 GZS 1 0 2 0.000000e+00 0.000000e+00 0.000000e+00 0.000000e+00 0.000000e+00 0.000000e+00 1.179908e-03 1.179908e-03 9.976402e-01 0.000000e+00 0.000000e+00 0.000000e+00 0.000000e+00 0.000000e+00 0.000000e+00
1.700000e+02 GZS 2 0 2 0.000000e+00 0.000000e+00 0.000000e+00 0.000000e+00 0.000000e+00 0.000000e+00 1.207144e-03 1.207144e-03 9.975857e-01 0.000000e+00 0.000000e+00 0.000000e+00 0.000000e+00 0.000000e+00 0.000000e+00
1.700000e+02 GZS 3 0 2 0.000000e+00 0.000000e+00 0.000000e+00 0.000000e+00 0.000000e+00 0.000000e+00 1.207146e-03 1.207146e-03 9.975857e-01 0.000000e+00 0.000000e+00 0.000000e+00 0.000000e+00 0.000000e+00 0.000000e+00
1.700000e+02 GZS 4 0 2 0.000000e+00 0.000000e+00 0.000000e+00 0.000000e+00 0.000000e+00 0.000000e+00 1.207043e-03 1.207043e-03 9.975859e-01 0.000000e+00 0.000000e+00 0.000000e+00 0.000000e+00 0.000000e+00 0.000000e+00
1.700000e+02 RDG 0 0 2 0.000000e+00 0.000000e+00 0.000000e+00 0.000000e+00 1.552406e-02 8.786952e-04 0.000000e+00 0.000000e+00 8.846362e-01 8.740056e-02 2.023638e-04 0.000000e+00 5.649922e-03 5.708248e-03 1.973932e-12
1.700000e+02 RDG 1 0 2 0.000000e+00 0.000000e+00 0.000000e+00 0.000000e+00 1.566509e-02 9.042161e-04 0.000000e+00 0.000000e+00 8.845669e-01 8.738922e-02 2.028735e-04 0.000000e+00 5.613265e-03 5.658464e-03 1.978927e-12
1.700000e+02 RDG 2 0 2 0.000000e+00 0.000000e+00 0.000000e+00 0.000000e+00 2.536441e-01 9.769836e-04 0.000000e+00 0.000000e+00 0.000000e+00 0.000000e+00 1.308357e-02 0.000000e+00 3.638498e-01 3.684456e-01 1.273952e-10
1.700000e+02 RDG 3 0 2 0.000000e+00 0.000000e+00 0.000000e+00 0.000000e+00 6.200995e-02 2.388722e-04 0.000000e+00 0.000000e+00 0.000000e+00 0.000000e+00 1.646415e-02 0.000000e+00 4.577429e-01 4.635441e-01 1.602670e-10
1.700000e+02 RDG 4 0 2 0.000000e+00 0.000000e+00 0.000000e+00 0.000000e+00 7.919716e-02 3.050786e-04 0.000000e+00 0.000000e+00 0.000000e+00 0.000000e+00 1.615999e-02 0.000000e+00 4.493222e-01 4.550156e-01 1.573181e-10
1.700000e+02 DRE 0 0 1 0.000000e+00 0.000000e+00 0.000000e+00 0.000000e+00 0.000000e+00 0.000000e+00 1.338924e-05 1.338924e-05 9.079370e-01 8.970027e-02 0.000000e+00 0.000000e+00 2.732467e-04 2.062700e-03 1.226679e-13
1.700000e+02 CHI 0 0 1 0.000000e+00 0.000000e+00 0.000000e+00 0.000000e+00 0.000000e+00 0.000000e+00 0.000000e+00 0.000000e+00 0.000000e+00 0.000000e+00 0.000000e+00 0.000000e+00 4.157443e-01 5.842557e-01 4.676675e-12
1.700000e+02 CAL 0 0 1 0.000000e+00 0.000000e+00 0.000000e+00 0.000000e+00 0.000000e+00 0.000000e+00 3.838163e-02 3.838163e-02 0.000000e+00 0.000000e+00 0.000000e+00 0.000000e+00 4.740523e-01 4.491844e-01 1.656907e-10
1.700000e+02 ROT 0 0 1 0.000000e+00 0.000000e+00 0.000000e+00 0.000000e+00 0.000000e+00 0.000000e+00 3.838132e-02 3.838132e-02 0.000000e+00 0.000000e+00 0.000000e+00 0.000000e+00 4.740524e-01 4.491850e-01 1.656828e-10
1.750000e+02 WAE 0 0 2 0.000000e+00 2.173101e-02 4.799391e-03 1.111929e-03 0.000000e+00 4.741346e-04 0.000000e+00 0.000000e+00 8.843430e-01 8.754054e-02 0.000000e+00 0.000000e+00 0.000000e+00 0.000000e+00 0.000000e+00
1.750000e+02 WAE 1 0 2 0.000000e+00 3.977243e-02 4.699786e-03 1.091018e-03 0.000000e+00 4.671063e-04 0.000000e+00 0.000000e+00 8.680430e-01 8.592671e-02 0.000000e+00 0.000000e+00 0.000000e+00 0.000000e+00 0.000000e+00
1.750000e+02 WAE 2 0 2 8.736473e-01 8.200743e-02 9.701475e-03 6.103848e-03 2.835056e-02 1.893528e-04 0.000000e+00 0.000000e+00 0.000000e+00 0.000000e+00 0.000000e+00 0.000000e+00 0.000000e+00 0.000000e+00 0.000000e+00
1.750000e+02 WAE 3 0 2 8.732658e-01 8.197153e-02 9.697910e-03 6.101200e-03 2.877141e-02 1.921640e-04 0.000000e+00 0.000000e+00 0.000000e+00 0.000000e+00 0.000000e+00 0.000000e+00 0.000000e+00 0.000000e+00 0.000000e+00
1.750000e+02 WAE 4 0 2 8.732218e-01 8.196763e-02 9.695660e-03 6.100847e-03 2.882158e-02 1.924999e-04 0.000000e+00 0.000000e+00 0.000000e+00 0.000000e+00 0.000000e+00 0.000000e+00 0.000000e+00 0.000000e+00 0.000000e+00
1.750000e+02 WAE 5 0 2 8.731619e-01 8.196211e-02 9.694239e-03 6.100409e-03 2.888836e-02 1.929463e-04 0.000000e+00 0.000000e+00 0.000000e+00 0.000000e+00 0.000000e+00 0.000000e+00 0.000000e+00 0.000000e+00 0.000000e+00
1.750000e+02 WAE 6 0 2 8.739501e-01 8.203701e-02 9.696057e-03 5.872903e-03 2.825523e-02 1.887190e-04 0.000000e+00 0.000000e+00 0.000000e+00 0.000000e+00 0.000000e+00 0.000000e+00 0.000000e+00 0.000000e+00 0.000000e+00
1.750000e+02 WAE 7 0 2 8.749107e-01 8.212676e-02 9.709845e-03 4.702771e-03 2.836053e-02 1.894221e-04 0.000000e+00 0.000000e+00 0.000000e+00 0.000000e+00 0.000000e+00 0.000000e+00 0.000000e+00 0.000000e+00 0.000000e+00
1.750000e+02 YPH 0 0 2 0.000000e+00 0.000000e+00 0.000000e+00 0.000000e+00 9.955086e-03 6.648010e-04 0.000000e+00 0.000000e+00 8.996979e-01 8.905969e-02 1.993355e-05 0.000000e+00 3.537423e-04 2.488800e-04 2.053283e-13
1.750000e+02 YPH 1 0 2 0.000000e+00 0.000000e+00 0.000000e+00 0.000000e+00 1.018779e-02 6.802899e-04 0.000000e+00 0.000000e+00 8.994733e-01 8.903815e-02 1.991983e-05 0.000000e+00 3.526744e-04 2.479048e-04 2.051976e-13
1.750000e+02 YPH 2 0 2 0.000000e+00 4.458579e-04 0.000000e+00 2.280614e-05 2.689843e-03 1.796014e-04 0.000000e+00 0.000000e+00 9.067759e-01 8.976089e-02 4.024860e-06 0.000000e+00 7.118864e-05 4.993030e-05 4.148905e-14
1.750000e+02 YPH 3 0 2 0.000000e+00 4.458536e-04 0.000000e+00 2.280500e-05 2.687806e-03 1.794668e-04 0.000000e+00 0.000000e+00 9.067779e-01 8.976105e-02 4.024776e-06 0.000000e+00 7.119631e-05 4.993785e-05 4.148810e-14
1.750000e+02 YPH 4 0 2 0.000000e+00 4.458594e-04 0.000000e+00 2.280425e-05 2.688748e-03 1.795307e-04 0.000000e+00 0.000000e+00 9.067770e-01 8.976092e-02 4.024836e-06 0.000000e+00 7.120588e-05 4.994629e-05 4.148876e-14
1.750000e+02 YPH 5 0 2 0.000000e+00 4.458440e-04 0.000000e+00 2.280409e-05 2.684552e-03 1.792509e-04 0.000000e+00 0.000000e+00 9.067810e-01 8.976134e-02 4.024627e-06 0.000000e+00 7.119929e-05 4.994147e-05 4.148642e-14
1.750000e+02 YPH 6 0 2 0.000000e+00 4.458896e-04 0.000000e+00 2.280348e-05 2.696166e-03 1.800267e-04 0.000000e+00 0.000000e+00 9.067698e-01 8.976014e-02 4.025221e-06 0.000000e+00 7.122834e-05 4.996464e-05 4.149304e-14
1.750000e+02 GZS 0 0 2 0.000000e+00 0.000000e+00 0.000000e+00 0.000000e+00 0.000000e+00 4.676240e-04 0.000000e+00 0.000000e+00 9.094590e-01 9.007340e-02 0.000000e+00 0.000000e+00 0.000000e+00 0.000000e+00 0.000000e+00
1.750000e+02 GZS 1 0 2 0.000000e+00 0.000000e+00 0.000000e+00 0.000000e+00 0.000000e+00 0.000000e+00 1.229293e-03 1.229293e-03 9.975414e-01 0.000000e+00 0.000000e+00 0.000000e+00 0.000000e+00 0.000000e+00 0.000000e+00
1.750000e+02 GZS 2 0 2 0.000000e+00 0.000000e+00 0.000000e+00 0.000000e+00 0.000000e+00 0.000000e+00 1.229508e-03 1.229508e-03 9.975410e-01 0.000000e+00 0.000000e+00 0.000000e+00 0.000000e+00 0.000000e+00 0.000000e+00
1.750000e+02 GZS 3 0 2 0.000000e+00 0.000000e+00 0.000000e+00 0.000000e+00 0.000000e+00 0.000000e+00 1.230162e-03 1.230162e-03 9.975397e-01 0.000000e+00 0.000000e+00 0.000000e+00 0.000000e+00 0.000000e+00 0.000000e+00
1.750000e+02 GZS 4 0 2 0.000000e+00 0.000000e+00 0.000000e+00 0.000000e+00 0.000000e+00 0.000000e+00 1.230390e-03 1.230390e-03 9.975392e-01 0.000000e+00 0.000000e+00 0.000000e+00 0.000000e+00 0.000000e+00 0.000000e+00
1.750000e+02 RDG 0 0 2 0.000000e+00 0.000000e+00 0.000000e+00 0.000000e+00 1.571101e-02 7.854680e-04 0.000000e+00 0.000000e+00 8.895361e-01 8.806498e-02 2.072508e-04 0.000000e+00 3.357523e-03 2.337623e-03 2.021577e-12
1.750000e+02 RDG 1 0 2 0.000000e+00 0.000000e+00 0.000000e+00 0.000000e+00 1.592183e-02 7.974574e-04 0.000000e+00 0.000000e+00 8.891149e-01 8.801250e-02 2.076122e-04 0.000000e+00 3.488767e-03 2.456927e-03 2.025142e-12
1.750000e+02 RDG 2 0 2 0.000000e+00 0.000000e+00 0.000000e+00 0.000000e+00 3.902463e-01 1.303194e-03 0.000000e+00 0.000000e+00 0.000000e+00 0.000000e+00 2.049682e-02 0.000000e+00 3.443642e-01 2.435895e-01 1.995812e-10
1.750000e+02 RDG 3 0 2 0.000000e+00 0.000000e+00 0.000000e+00 0.000000e+00 1.035595e-01 3.458339e-04 0.000000e+00 0.000000e+00 0.000000e+00 0.000000e+00 3.042313e-02 0.000000e+00 5.075699e-01 3.581016e-01 2.961658e-10
1.750000e+02 RDG 4 0 2 0.000000e+00 0.000000e+00 0.000000e+00 0.000000e+00 1.332162e-01 4.448714e-04 0.000000e+00 0.000000e+00 0.000000e+00 0.000000e+00 2.934102e-02 0.000000e+00 4.905918e-01 3.464061e-01 2.856503e-10
1.750000e+02 DRE 0 0 1 0.000000e+00 0.000000e+00 0.000000e+00 0.000000e+00 0.000000e+00 0.000000e+00 1.324976e-05 1.324976e-05 9.089258e-01 8.995500e-02 0.000000e+00 0.000000e+00 1.864135e-04 9.063163e-04 1.073628e-13
1.750000e+02 CHI 0 0 1 0.000000e+00 0.000000e+00 0.000000e+00 0.000000e+00 0.000000e+00 0.000000e+00 0.000000e+00 0.000000e+00 0.000000e+00 0.000000e+00 0.000000e+00 0.000000e+00 4.085829e-01 5.914171e-01 4.547308e-12
1.750000e+02 CAL 0 0 1 0.000000e+00 0.000000e+00 0.000000e+00 0.000000e+00 0.000000e+00 0.000000e+00 6.611404e-02 6.611404e-02 0.000000e+00 0.000000e+00 0.000000e+00 0.000000e+00 5.251355e-01 3.426364e-01 2.587384e-10
1.750000e+02 ROT 0 0 1 0.000000e+00 0.000000e+00 0.000000e+00 0.000000e+00 0.000000e+00 0.000000e+00 6.612695e-02 6.612695e-02 0.000000e+00 0.000000e+00 0.000000e+00 0.000000e+00 5.251324e-01 3.426137e-01 2.588264e-10
1.800000e+02 WAE 0 0 2 0.000000e+00 2.132206e-02 1.496971e-02 1.433779e-03 0.000000e+00 4.505147e-04 0.000000e+00 0.000000e+00 8.749495e-01 8.687444e-02 0.000000e+00 0.000000e+00 0.000000e+00 0.000000e+00 0.000000e+00
1.800000e+02 WAE 1 0 2 0.000000e+00 3.952540e-02 1.467891e-02 1.406701e-03 0.000000e+00 4.437681e-04 0.000000e+00 0.000000e+00 8.586859e-01 8.525932e-02 0.000000e+00 0.000000e+00 0.000000e+00 0.000000e+00 0.000000e+00
1.800000e+02 WAE 2 0 2 8.583031e-01 7.799983e-02 2.897397e-02 6.468941e-03 2.807521e-02 1.789038e-04 0.000000e+00 0.000000e+00 0.000000e+00 0.000000e+00 0.000000e+00 0.000000e+00 0.000000e+00 0.000000e+00 0.000000e+00
1.800000e+02 WAE 3 0 2 8.579528e-01 7.796791e-02 2.896276e-02 6.466315e-03 2.846883e-02 1.814125e-04 0.000000e+00 0.000000e+00 0.000000e+00 0.000000e+00 0.000000e+00 0.000000e+00 0.000000e+00 0.000000e+00 0.000000e+00
1.800000e+02 WAE 4 0 2 8.579125e-01 7.796448e-02 2.895962e-02 6.465969e-03 2.851576e-02 1.817123e-04 0.000000e+00 0.000000e+00 0.000000e+00 0.000000e+00 0.000000e+00 0.000000e+00 0.000000e+00 0.000000e+00 0.000000e+00
1.800000e+02 WAE 5 0 2 8.578576e-01 7.795958e-02 2.895699e-02 6.465538e-03 2.857822e-02 1.821108e-04 0.000000e+00 0.000000e+00 0.000000e+00 0.000000e+00 0.000000e+00 0.000000e+00 0.000000e+00 0.000000e+00 0.000000e+00
1.800000e+02 WAE 6 0 2 8.583891e-01 7.800853e-02 2.896980e-02 6.469424e-03 2.798484e-02 1.783309e-04 0.000000e+00 0.000000e+00 0.000000e+00 0.000000e+00 0.000000e+00 0.000000e+00 0.000000e+00 0.000000e+00 0.000000e+00
1.800000e+02 WAE 7 0 2 8.600446e-01 7.815883e-02 2.902694e-02 4.502130e-03 2.808850e-02 1.789913e-04 0.000000e+00 0.000000e+00 0.000000e+00 0.000000e+00 0.000000e+00 0.000000e+00 0.000000e+00 0.000000e+00 0.000000e+00
1.800000e+02 YPH 0 0 2 0.000000e+00 0.000000e+00 0.000000e+00 0.000000e+00 9.993629e-03 6.367260e-04 0.000000e+00 0.000000e+00 8.996188e-01 8.932303e-02 2.009655e-05 0.000000e+00 2.364777e-04 1.712171e-04 2.070072e-13
1.800000e+02 YPH 1 0 2 0.000000e+00 0.000000e+00 0.000000e+00 0.000000e+00 1.022942e-02 6.516932e-04 0.000000e+00 0.000000e+00 8.993904e-01 8.930107e-02 2.008256e-05 0.000000e+00 2.362704e-04 1.710852e-04 2.068740e-13
1.800000e+02 YPH 2 0 2 0.000000e+00 4.420786e-04 0.000000e+00 2.971963e-05 2.700561e-03 1.720330e-04 0.000000e+00 0.000000e+00 9.065569e-01 9.001251e-02 4.057142e-06 0.000000e+00 4.767643e-05 3.443943e-05 4.182180e-14
1.800000e+02 YPH 3 0 2 0.000000e+00 4.420743e-04 0.000000e+00 2.971842e-05 2.698502e-03 1.719034e-04 0.000000e+00 0.000000e+00 9.065590e-01 9.001268e-02 4.057057e-06 0.000000e+00 4.767591e-05 3.443902e-05 4.182083e-14
1.800000e+02 YPH 4 0 2 0.000000e+00 4.420801e-04 0.000000e+00 2.971775e-05 2.699455e-03 1.719650e-04 0.000000e+00 0.000000e+00 9.065581e-01 9.001255e-02 4.057117e-06 0.000000e+00 4.767680e-05 3.443911e-05 4.182150e-14
1.800000e+02 YPH 5 0 2 0.000000e+00 4.420647e-04 0.000000e+00 2.971734e-05 2.695215e-03 1.716954e-04 0.000000e+00 0.000000e+00 9.065622e-01 9.001297e-02 4.056905e-06 0.000000e+00 4.767463e-05 3.443843e-05 4.181913e-14
1.800000e+02 YPH 6 0 2 0.000000e+00 4.421104e-04 0.000000e+00 2.971744e-05 2.706951e-03 1.724433e-04 0.000000e+00 0.000000e+00 9.065508e-01 9.001176e-02 4.057507e-06 0.000000e+00 4.768114e-05 3.444021e-05 4.182584e-14
1.800000e+02 GZS 0 0 2 0.000000e+00 0.000000e+00 0.000000e+00 0.000000e+00 0.000000e+00 4.448899e-04 0.000000e+00 0.000000e+00 9.092580e-01 9.029714e-02 0.000000e+00 0.000000e+00 0.000000e+00 0.000000e+00 0.000000e+00
1.800000e+02 GZS 1 0 2 0.000000e+00 0.000000e+00 0.000000e+00 0.000000e+00 0.000000e+00 0.000000e+00 1.239419e-03 1.239419e-03 9.975212e-01 0.000000e+00 0.000000e+00 0.000000e+00 0.000000e+00 0.000000e+00 0.000000e+00
1.800000e+02 GZS 2 0 2 0.000000e+00 0.000000e+00 0.000000e+00 0.000000e+00 0.000000e+00 0.000000e+00 1.239636e-03 1.239636e-03 9.975207e-01 0.000000e+00 0.000000e+00 0.000000e+00 0.000000e+00 0.000000e+00 0.000000e+00
1.800000e+02 GZS 3 0 2 0.000000e+00 0.000000e+00 0.000000e+00 0.000000e+00 0.000000e+00 0.000000e+00 1.240299e-03 1.240299e-03 9.975194e-01 0.000000e+00 0.000000e+00 0.000000e+00 0.000000e+00 0.000000e+00 0.000000e+00
1.800000e+02 GZS 4 0 2 0.000000e+00 0.000000e+00 0.000000e+00 0.000000e+00 0.000000e+00 0.000000e+00 1.240531e-03 1.240531e-03 9.975189e-01 0.000000e+00 0.000000e+00 0.000000e+00 0.000000e+00 0.000000e+00 0.000000e+00
1.800000e+02 RDG 0 0 2 0.000000e+00 0.000000e+00 0.000000e+00 0.000000e+00 1.577298e-02 7.527224e-04 0.000000e+00 0.000000e+00 8.907816e-01 8.845333e-02 2.094152e-04 0.000000e+00 2.333601e-03 1.696358e-03 2.042684e-12
1.800000e+02 RDG 1 0 2 0.000000e+00 0.000000e+00 0.000000e+00 0.000000e+00 1.600555e-02 7.648386e-04 0.000000e+00 0.000000e+00 8.905609e-01 8.842403e-02 2.096692e-04 0.000000e+00 2.338901e-03 1.696113e-03 2.045210e-12
1.800000e+02 RDG 2 0 2 0.000000e+00 0.000000e+00 0.000000e+00 0.000000e+00 4.810119e-01 1.532540e-03 0.000000e+00 0.000000e+00 0.000000e+00 0.000000e+00 2.542385e-02 0.000000e+00 2.844334e-01 2.075983e-01 2.475619e-10
1.800000e+02 RDG 3 0 2 0.000000e+00 0.000000e+00 0.000000e+00 0.000000e+00 1.388648e-01 4.424416e-04 0.000000e+00 0.000000e+00 0.000000e+00 0.000000e+00 4.228642e-02 0.000000e+00 4.730889e-01 3.453174e-01 4.116999e-10
1.800000e+02 RDG 4 0 2 0.000000e+00 0.000000e+00 0.000000e+00 0.000000e+00 1.782964e-01 5.680753e-04 0.000000e+00 0.000000e+00 0.000000e+00 0.000000e+00 4.034270e-02 0.000000e+00 4.513482e-01 3.294446e-01 3.927911e-10
1.800000e+02 DRE 0 0 1 0.000000e+00 0.000000e+00 0.000000e+00 0.000000e+00 0.000000e+00 0.000000e+00 1.358394e-05 1.358394e-05 9.089734e-01 9.025001e-02 0.000000e+00 0.000000e+00 1.246517e-04 6.247483e-04 1.358394e-13
1.800000e+02 CHI 0 0 1 0.000000e+00 0.000000e+00 0.000000e+00 0.000000e+00 0.000000e+00 0.000000e+00 0.000000e+00 0.000000e+00 0.000000e+00 0.000000e+00 0.000000e+00 0.000000e+00 4.045932e-01 5.954068e-01 4.472452e-12
1.800000e+02 CAL 0 0 1 0.000000e+00 0.000000e+00 0.000000e+00 0.000000e+00 0.000000e+00 0.000000e+00 9.499622e-02 9.499622e-02 0.000000e+00 0.000000e+00 0.000000e+00 0.000000e+00 4.849194e-01 3.250882e-01 4.497647e-10
1.800000e+02 ROT 0 0 1 0.000000e+00 0.000000e+00 0.000000e+00 0.000000e+00 0.000000e+00 0.000000e+00 9.499632e-02 9.499632e-02 0.000000e+00 0.000000e+00 0.000000e+00 0.000000e+00 4.849145e-01 3.250929e-01 4.497648e-10
1.850000e+02 WAE 0 0 2 0.000000e+00 2.088526e-02 2.593172e-02 1.748741e-03 0.000000e+00 4.264336e-04 0.000000e+00 0.000000e+00 8.648694e-01 8.613840e-02 0.000000e+00 0.000000e+00 0.000000e+00 0.000000e+00 0.000000e+00
1.850000e+02 WAE 1 0 2 0.000000e+00 3.924570e-02 2.543177e-02 1.715535e-03 0.000000e+00 4.199844e-04 0.000000e+00 0.000000e+00 8.486630e-01 8.452399e-02 0.000000e+00 0.000000e+00 0.000000e+00 0.000000e+00 0.000000e+00
1.850000e+02 WAE 2 0 2 8.430771e-01 7.413695e-02 4.804430e-02 6.778440e-03 2.779484e-02 1.683822e-04 0.000000e+00 0.000000e+00 0.000000e+00 0.000000e+00 0.000000e+00 0.000000e+00 0.000000e+00 0.000000e+00 0.000000e+00
1.850000e+02 WAE 3 0 2 8.427558e-01 7.410863e-02 4.802657e-02 6.775869e-03 2.816253e-02 1.706100e-04 0.000000e+00 0.000000e+00 0.000000e+00 0.000000e+00 0.000000e+00 0.000000e+00 0.000000e+00 0.000000e+00 0.000000e+00
1.850000e+02 WAE 4 0 2 8.427190e-01 7.410560e-02 4.802267e-02 6.775535e-03 2.820636e-02 1.708764e-04 0.000000e+00 0.000000e+00 0.000000e+00 0.000000e+00 0.000000e+00 0.000000e+00 0.000000e+00 0.000000e+00 0.000000e+00
1.850000e+02 WAE 5 0 2 8.426686e-01 7.410128e-02 4.801901e-02 6.775115e-03 2.826472e-02 1.712304e-04 0.000000e+00 0.000000e+00 0.000000e+00 0.000000e+00 0.000000e+00 0.000000e+00 0.000000e+00 0.000000e+00 0.000000e+00
1.850000e+02 WAE 6 0 2 8.431563e-01 7.414477e-02 4.804171e-02 6.778929e-03 2.771044e-02 1.678738e-04 0.000000e+00 0.000000e+00 0.000000e+00 0.000000e+00 0.000000e+00 0.000000e+00 0.000000e+00 0.000000e+00 0.000000e+00
1.850000e+02 WAE 7 0 2 8.452251e-01 7.432656e-02 4.816075e-02 4.307943e-03 2.781118e-02 1.684840e-04 0.000000e+00 0.000000e+00 0.000000e+00 0.000000e+00 0.000000e+00 0.000000e+00 0.000000e+00 0.000000e+00 0.000000e+00
1.850000e+02 YPH 0 0 2 0.000000e+00 0.000000e+00 0.000000e+00 0.000000e+00 1.003440e-02 6.077882e-04 0.000000e+00 0.000000e+00 8.993439e-01 8.957108e-02 2.026716e-05 0.000000e+00 2.408047e-04 1.817292e-04 2.087643e-13
1.850000e+02 YPH 1 0 2 0.000000e+00 0.000000e+00 0.000000e+00 0.000000e+00 1.027358e-02 6.222146e-04 0.000000e+00 0.000000e+00 8.991129e-01 8.954883e-02 2.025292e-05 0.000000e+00 2.406394e-04 1.816006e-04 2.086287e-13
1.850000e+02 YPH 2 0 2 0.000000e+00 4.379653e-04 0.000000e+00 3.666377e-05 2.712493e-03 1.642667e-04 0.000000e+00 0.000000e+00 9.062954e-01 9.026405e-02 4.091650e-06 0.000000e+00 4.855159e-05 3.655638e-05 4.217750e-14
1.850000e+02 YPH 3 0 2 0.000000e+00 4.379611e-04 0.000000e+00 3.666247e-05 2.710412e-03 1.641423e-04 0.000000e+00 0.000000e+00 9.062974e-01 9.026422e-02 4.091563e-06 0.000000e+00 4.855056e-05 3.655582e-05 4.217651e-14
1.850000e+02 YPH 4 0 2 0.000000e+00 4.379669e-04 0.000000e+00 3.666188e-05 2.711375e-03 1.642016e-04 0.000000e+00 0.000000e+00 9.062965e-01 9.026409e-02 4.091624e-06 0.000000e+00 4.855094e-05 3.655579e-05 4.217718e-14
1.850000e+02 YPH 5 0 2 0.000000e+00 4.379515e-04 0.000000e+00 3.666123e-05 2.707089e-03 1.639425e-04 0.000000e+00 0.000000e+00 9.063006e-01 9.026452e-02 4.091409e-06 0.000000e+00 4.854897e-05 3.655512e-05 4.217478e-14
1.850000e+02 YPH 6 0 2 0.000000e+00 4.379972e-04 0.000000e+00 3.666203e-05 2.718954e-03 1.646613e-04 0.000000e+00 0.000000e+00 9.062892e-01 9.026329e-02 4.092020e-06 0.000000e+00 4.855431e-05 3.655672e-05 4.218159e-14
1.850000e+02 GZS 0 0 2 0.000000e+00 0.000000e+00 0.000000e+00 0.000000e+00 0.000000e+00 4.243321e-04 0.000000e+00 0.000000e+00 9.090290e-01 9.054670e-02 0.000000e+00 0.000000e+00 0.000000e+00 0.000000e+00 0.000000e+00
1.850000e+02 GZS 1 0 2 0.000000e+00 0.000000e+00 0.000000e+00 0.000000e+00 0.000000e+00 0.000000e+00 1.250287e-03 1.250287e-03 9.974994e-01 0.000000e+00 0.000000e+00 0.000000e+00 0.000000e+00 0.000000e+00 0.000000e+00
1.850000e+02 GZS 2 0 2 0.000000e+00 0.000000e+00 0.000000e+00 0.000000e+00 0.000000e+00 0.000000e+00 1.250507e-03 1.250507e-03 9.974990e-01 0.000000e+00 0.000000e+00 0.000000e+00 0.000000e+00 0.000000e+00 0.000000e+00
1.850000e+02 GZS 3 0 2 0.000000e+00 0.000000e+00 0.000000e+00 0.000000e+00 0.000000e+00 0.000000e+00 1.251179e-03 1.251179e-03 9.974976e-01 0.000000e+00 0.000000e+00 0.000000e+00 0.000000e+00 0.000000e+00 0.000000e+00
1.850000e+02 GZS 4 0 2 0.000000e+00 0.000000e+00 0.000000e+00 0.000000e+00 0.000000e+00 0.000000e+00 1.251413e-03 1.251413e-03 9.974972e-01 0.000000e+00 0.000000e+00 0.000000e+00 0.000000e+00 0.000000e+00 0.000000e+00
1.850000e+02 RDG 0 0 2 0.000000e+00 0.000000e+00 0.000000e+00 0.000000e+00 1.582458e-02 7.181113e-04 0.000000e+00 0.000000e+00 8.903788e-01 8.868424e-02 2.112423e-04 0.000000e+00 2.381701e-03 1.801364e-03 2.060501e-12
1.850000e+02 RDG 1 0 2 0.000000e+00 0.000000e+00 0.000000e+00 0.000000e+00 1.606819e-02 7.299593e-04 0.000000e+00 0.000000e+00 8.901526e-01 8.865602e-02 2.114164e-04 0.000000e+00 2.381746e-03 1.800032e-03 2.062250e-12
1.850000e+02 RDG 2 0 2 0.000000e+00 0.000000e+00 0.000000e+00 0.000000e+00 4.745814e-01 1.437475e-03 0.000000e+00 0.000000e+00 0.000000e+00 0.000000e+00 2.507169e-02 0.000000e+00 2.834218e-01 2.154876e-01 2.441330e-10
1.850000e+02 RDG 3 0 2 0.000000e+00 0.000000e+00 0.000000e+00 0.000000e+00 1.360112e-01 4.119769e-04 0.000000e+00 0.000000e+00 0.000000e+00 0.000000e+00 4.132026e-02 0.000000e+00 4.670948e-01 3.551618e-01 4.022954e-10
1.850000e+02 RDG 4 0 2 0.000000e+00 0.000000e+00 0.000000e+00 0.000000e+00 1.747165e-01 5.292141e-04 0.000000e+00 0.000000e+00 0.000000e+00 0.000000e+00 3.946233e-02 0.000000e+00 4.460980e-01 3.391940e-01 3.842211e-10
1.850000e+02 DRE 0 0 1 0.000000e+00 0.000000e+00 0.000000e+00 0.000000e+00 0.000000e+00 0.000000e+00 1.369907e-05 1.369907e-05 9.086857e-01 9.049963e-02 0.000000e+00 0.000000e+00 1.248082e-04 6.624552e-04 1.369907e-13
1.850000e+02 CHI 0 0 1 0.000000e+00 0.000000e+00 0.000000e+00 0.000000e+00 0.000000e+00 0.000000e+00 0.000000e+00 0.000000e+00 0.000000e+00 0.000000e+00 0.000000e+00 0.000000e+00 4.003872e-01 5.996128e-01 4.395438e-12
1.850000e+02 CAL 0 0 1 0.000000e+00 0.000000e+00 0.000000e+00 0.000000e+00 0.000000e+00 0.000000e+00 9.315221e-02 9.315221e-02 0.000000e+00 0.000000e+00 0.000000e+00 0.000000e+00 4.782250e-01 3.354706e-01 4.410342e-10
1.850000e+02 ROT 0 0 1 0.000000e+00 0.000000e+00 0.000000e+00 0.000000e+00 0.000000e+00 0.000000e+00 9.315117e-02 9.315117e-02 0.000000e+00 0.000000e+00 0.000000e+00 0.000000e+00 4.782243e-01 3.354734e-01 4.410290e-10
1.900000e+02 WAE 0 0 2 0.000000e+00 2.042046e-02 3.769729e-02 2.055470e-03 0.000000e+00 4.019608e-04 0.000000e+00 0.000000e+00 8.540930e-01 8.533179e-02 0.000000e+00 0.000000e+00 0.000000e+00 0.000000e+00 0.000000e+00
1.900000e+02 WAE 1 0 2 0.000000e+00 3.893135e-02 3.696992e-02 2.016214e-03 0.000000e+00 3.958238e-04 0.000000e+00 0.000000e+00 8.379664e-01 8.372028e-02 0.000000e+00 0.000000e+00 0.000000e+00 0.000000e+00 0.000000e+00
1.900000e+02 WAE 2 0 2 8.280046e-01 7.042089e-02 6.687170e-02 7.035635e-03 2.750931e-02 1.578296e-04 0.000000e+00 0.000000e+00 0.000000e+00 0.000000e+00 0.000000e+00 0.000000e+00 0.000000e+00 0.000000e+00 0.000000e+00
1.900000e+02 WAE 3 0 2 8.277104e-01 7.039581e-02 6.684847e-02 7.033145e-03 2.785233e-02 1.597980e-04 0.000000e+00 0.000000e+00 0.000000e+00 0.000000e+00 0.000000e+00 0.000000e+00 0.000000e+00 0.000000e+00 0.000000e+00
1.900000e+02 WAE 4 0 2 8.276768e-01 7.039316e-02 6.684393e-02 7.032826e-03 2.789323e-02 1.600335e-04 0.000000e+00 0.000000e+00 0.000000e+00 0.000000e+00 0.000000e+00 0.000000e+00 0.000000e+00 0.000000e+00 0.000000e+00
1.900000e+02 WAE 5 0 2 8.276308e-01 7.038934e-02 6.683942e-02 7.032420e-03 2.794768e-02 1.603463e-04 0.000000e+00 0.000000e+00 0.000000e+00 0.000000e+00 0.000000e+00 0.000000e+00 0.000000e+00 0.000000e+00 0.000000e+00
1.900000e+02 WAE 6 0 2 8.280775e-01 7.042792e-02 6.687046e-02 7.036122e-03 2.743058e-02 1.573809e-04 0.000000e+00 0.000000e+00 0.000000e+00 0.000000e+00 0.000000e+00 0.000000e+00 0.000000e+00 0.000000e+00 0.000000e+00
1.900000e+02 WAE 7 0 2 8.304933e-01 7.063326e-02 6.706660e-02 4.120412e-03 2.752843e-02 1.579422e-04 0.000000e+00 0.000000e+00 0.000000e+00 0.000000e+00 0.000000e+00 0.000000e+00 0.000000e+00 0.000000e+00 0.000000e+00
1.900000e+02 YPH 0 0 2 0.000000e+00 0.000000e+00 0.000000e+00 0.000000e+00 1.007863e-02 5.781423e-04 0.000000e+00 0.000000e+00 8.990534e-01 8.982283e-02 2.044867e-05 0.000000e+00 2.520819e-04 1.945054e-04 2.106337e-13
1.900000e+02 YPH 1 0 2 0.000000e+00 0.000000e+00 0.000000e+00 0.000000e+00 1.032157e-02 5.920126e-04 0.000000e+00 0.000000e+00 8.988194e-01 8.980026e-02 2.043416e-05 0.000000e+00 2.519098e-04 1.943675e-04 2.104956e-13
1.900000e+02 YPH 2 0 2 0.000000e+00 4.335168e-04 0.000000e+00 4.362923e-05 2.725629e-03 1.563189e-04 0.000000e+00 0.000000e+00 9.060266e-01 9.052020e-02 4.128402e-06 0.000000e+00 5.082472e-05 3.912708e-05 4.255632e-14
1.900000e+02 YPH 3 0 2 0.000000e+00 4.335126e-04 0.000000e+00 4.362785e-05 2.723524e-03 1.561998e-04 0.000000e+00 0.000000e+00 9.060287e-01 9.052036e-02 4.128313e-06 0.000000e+00 5.082360e-05 3.912646e-05 4.255531e-14
1.900000e+02 YPH 4 0 2 0.000000e+00 4.335184e-04 0.000000e+00 4.362735e-05 2.724498e-03 1.562567e-04 0.000000e+00 0.000000e+00 9.060278e-01 9.052023e-02 4.128375e-06 0.000000e+00 5.082397e-05 3.912643e-05 4.255599e-14
1.900000e+02 YPH 5 0 2 0.000000e+00 4.335031e-04 0.000000e+00 4.362645e-05 2.720164e-03 1.560085e-04 0.000000e+00 0.000000e+00 9.060320e-01 9.052067e-02 4.128157e-06 0.000000e+00 5.082192e-05 3.912571e-05 4.255355e-14
1.900000e+02 YPH 6 0 2 0.000000e+00 4.335487e-04 0.000000e+00 4.362797e-05 2.732166e-03 1.566971e-04 0.000000e+00 0.000000e+00 9.060205e-01 9.051942e-02 4.128777e-06 0.000000e+00 5.082744e-05 3.912742e-05 4.256046e-14
1.900000e+02 GZS 0 0 2 0.000000e+00 0.000000e+00 0.000000e+00 0.000000e+00 0.000000e+00 4.036907e-04 0.000000e+00 0.000000e+00 9.087920e-01 9.080429e-02 0.000000e+00 0.000000e+00 0.000000e+00 0.000000e+00 0.000000e+00
1.900000e+02 GZS 1 0 2 0.000000e+00 0.000000e+00 0.000000e+00 0.000000e+00 0.000000e+00 0.000000e+00 1.261855e-03 1.261855e-03 9.974763e-01 0.000000e+00 0.000000e+00 0.000000e+00 0.000000e+00 0.000000e+00 0.000000e+00
1.900000e+02 GZS 2 0 2 0.000000e+00 0.000000e+00 0.000000e+00 0.000000e+00 0.000000e+00 0.000000e+00 1.262077e-03 1.262077e-03 9.974758e-01 0.000000e+00 0.000000e+00 0.000000e+00 0.000000e+00 0.000000e+00 0.000000e+00
1.900000e+02 GZS 3 0 2 0.000000e+00 0.000000e+00 0.000000e+00 0.000000e+00 0.000000e+00 0.000000e+00 1.262758e-03 1.262758e-03 9.974745e-01 0.000000e+00 0.000000e+00 0.000000e+00 0.000000e+00 0.000000e+00 0.000000e+00
1.900000e+02 GZS 4 0 2 0.000000e+00 0.000000e+00 0.000000e+00 0.000000e+00 0.000000e+00 0.000000e+00 1.262997e-03 1.262997e-03 9.974740e-01 0.000000e+00 0.000000e+00 0.000000e+00 0.000000e+00 0.000000e+00 0.000000e+00
1.900000e+02 RDG 0 0 2 0.000000e+00 0.000000e+00 0.000000e+00 0.000000e+00 1.588298e-02 6.826959e-04 0.000000e+00 0.000000e+00 8.898883e-01 8.891221e-02 2.131345e-04 0.000000e+00 2.493131e-03 1.927523e-03 2.078953e-12
1.900000e+02 RDG 1 0 2 0.000000e+00 0.000000e+00 0.000000e+00 0.000000e+00 1.613479e-02 6.941745e-04 0.000000e+00 0.000000e+00 8.896547e-01 8.888419e-02 2.132588e-04 0.000000e+00 2.492772e-03 1.926135e-03 2.080220e-12
1.900000e+02 RDG 2 0 2 0.000000e+00 0.000000e+00 0.000000e+00 0.000000e+00 4.637747e-01 1.330368e-03 0.000000e+00 0.000000e+00 0.000000e+00 0.000000e+00 2.448195e-02 0.000000e+00 2.871914e-01 2.232216e-01 2.383902e-10
1.900000e+02 RDG 3 0 2 0.000000e+00 0.000000e+00 0.000000e+00 0.000000e+00 1.313325e-01 3.767437e-04 0.000000e+00 0.000000e+00 0.000000e+00 0.000000e+00 3.974093e-02 0.000000e+00 4.661804e-01 3.623694e-01 3.869165e-10
1.900000e+02 RDG 4 0 2 0.000000e+00 0.000000e+00 0.000000e+00 0.000000e+00 1.688307e-01 4.843115e-04 0.000000e+00 0.000000e+00 0.000000e+00 0.000000e+00 3.801936e-02 0.000000e+00 4.459918e-01 3.466738e-01 3.701699e-10
1.900000e+02 DRE 0 0 1 0.000000e+00 0.000000e+00 0.000000e+00 0.000000e+00 0.000000e+00 0.000000e+00 1.382158e-05 1.382158e-05 9.083825e-01 9.075302e-02 0.000000e+00 0.000000e+00 1.298228e-04 7.070491e-04 1.382158e-13
1.900000e+02 CHI 0 0 1 0.000000e+00 0.000000e+00 0.000000e+00 0.000000e+00 0.000000e+00 0.000000e+00 0.000000e+00 0.000000e+00 0.000000e+00 0.000000e+00 0.000000e+00 0.000000e+00 3.961933e-01 6.038067e-01 4.318571e-12
1.900000e+02 CAL 0 0 1 0.000000e+00 0.000000e+00 0.000000e+00 0.000000e+00 0.000000e+00 0.000000e+00 8.979353e-02 8.979353e-02 0.000000e+00 0.000000e+00 0.000000e+00 0.000000e+00 4.775574e-01 3.428555e-01 4.251323e-10
1.900000e+02 ROT 0 0 1 0.000000e+00 0.000000e+00 0.000000e+00 0.000000e+00 0.000000e+00 0.000000e+00 8.979242e-02 8.979242e-02 0.000000e+00 0.000000e+00 0.000000e+00 0.000000e+00 4.775569e-01 3.428582e-01 4.251269e-10
1.950000e+02 WAE 0 0 2 0.000000e+00 1.992998e-02 5.027411e-02 2.294103e-03 0.000000e+00 3.772335e-04 0.000000e+00 0.000000e+00 8.426660e-01 8.445860e-02 0.000000e+00 0.000000e+00 0.000000e+00 0.000000e+00 0.000000e+00
1.950000e+02 WAE 1 0 2 0.000000e+00 3.858474e-02 4.930080e-02 2.250263e-03 0.000000e+00 3.714212e-04 0.000000e+00 0.000000e+00 8.266407e-01 8.285211e-02 0.000000e+00 0.000000e+00 0.000000e+00 0.000000e+00 0.000000e+00
1.950000e+02 WAE 2 0 2 6.004202e-01 1.506213e-01 2.024845e-01 1.615237e-02 3.015861e-02 1.630313e-04 0.000000e+00 0.000000e+00 0.000000e+00 0.000000e+00 0.000000e+00 0.000000e+00 0.000000e+00 0.000000e+00 0.000000e+00
1.950000e+02 WAE 3 0 2 8.129396e-01 6.683592e-02 8.539414e-02 7.142533e-03 2.753880e-02 1.490253e-04 0.000000e+00 0.000000e+00 0.000000e+00 0.000000e+00 0.000000e+00 0.000000e+00 0.000000e+00 0.000000e+00 0.000000e+00
1.950000e+02 WAE 4 0 2 8.129089e-01 6.683360e-02 8.538909e-02 7.142267e-03 2.757692e-02 1.492325e-04 0.000000e+00 0.000000e+00 0.000000e+00 0.000000e+00 0.000000e+00 0.000000e+00 0.000000e+00 0.000000e+00 0.000000e+00
1.950000e+02 WAE 5 0 2 8.128668e-01 6.683023e-02 8.538386e-02 7.141899e-03 2.762766e-02 1.495075e-04 0.000000e+00 0.000000e+00 0.000000e+00 0.000000e+00 0.000000e+00 0.000000e+00 0.000000e+00 0.000000e+00 0.000000e+00
1.950000e+02 WAE 6 0 2 8.132756e-01 6.686439e-02 8.542185e-02 7.145498e-03 2.714579e-02 1.469012e-04 0.000000e+00 0.000000e+00 0.000000e+00 0.000000e+00 0.000000e+00 0.000000e+00 0.000000e+00 0.000000e+00 0.000000e+00
1.950000e+02 WAE 7 0 2 8.158957e-01 6.707978e-02 8.569738e-02 3.939491e-03 2.724019e-02 1.474121e-04 0.000000e+00 0.000000e+00 0.000000e+00 0.000000e+00 0.000000e+00 0.000000e+00 0.000000e+00 0.000000e+00 0.000000e+00
1.950000e+02 YPH 0 0 2 0.000000e+00 0.000000e+00 0.000000e+00 0.000000e+00 1.012654e-02 5.478930e-04 0.000000e+00 0.000000e+00 8.987528e-01 9.007910e-02 2.064204e-05 0.000000e+00 2.645796e-04 2.084391e-04 2.126252e-13
1.950000e+02 YPH 1 0 2 0.000000e+00 0.000000e+00 0.000000e+00 0.000000e+00 1.037366e-02 5.611935e-04 0.000000e+00 0.000000e+00 8.985156e-01 9.005619e-02 2.062725e-05 0.000000e+00 2.643982e-04 2.082906e-04 2.124844e-13
1.950000e+02 YPH 2 0 2 0.000000e+00 4.287377e-04 0.000000e+00 4.934821e-05 2.740055e-03 1.482161e-04 0.000000e+00 0.000000e+00 9.057528e-01 9.078142e-02 4.167575e-06 0.000000e+00 5.334438e-05 4.193088e-05 4.296009e-14
1.950000e+02 YPH 3 0 2 0.000000e+00 4.287336e-04 0.000000e+00 4.934735e-05 2.737925e-03 1.481026e-04 0.000000e+00 0.000000e+00 9.057549e-01 9.078159e-02 4.167484e-06 0.000000e+00 5.334320e-05 4.193021e-05 4.295906e-14
1.950000e+02 YPH 4 0 2 0.000000e+00 4.287395e-04 0.000000e+00 4.934759e-05 2.738911e-03 1.481569e-04 0.000000e+00 0.000000e+00 9.057539e-01 9.078146e-02 4.167547e-06 0.000000e+00 5.334357e-05 4.193017e-05 4.295975e-14
1.950000e+02 YPH 5 0 2 0.000000e+00 4.287241e-04 0.000000e+00 4.934609e-05 2.734525e-03 1.479201e-04 0.000000e+00 0.000000e+00 9.057582e-01 9.078189e-02 4.167325e-06 0.000000e+00 5.334143e-05 4.192939e-05 4.295726e-14
1.950000e+02 YPH 6 0 2 0.000000e+00 4.287697e-04 0.000000e+00 4.935008e-05 2.746673e-03 1.485774e-04 0.000000e+00 0.000000e+00 9.057465e-01 9.078064e-02 4.167955e-06 0.000000e+00 5.334719e-05 4.193125e-05 4.296429e-14
1.950000e+02 GZS 0 0 2 0.000000e+00 0.000000e+00 0.000000e+00 0.000000e+00 0.000000e+00 3.827744e-04 0.000000e+00 0.000000e+00 9.085492e-01 9.106807e-02 0.000000e+00 0.000000e+00 0.000000e+00 0.000000e+00 0.000000e+00
1.950000e+02 GZS 1 0 2 0.000000e+00 0.000000e+00 0.000000e+00 0.000000e+00 0.000000e+00 0.000000e+00 1.274174e-03 1.274174e-03 9.974517e-01 0.000000e+00 0.000000e+00 0.000000e+00 0.000000e+00 0.000000e+00 0.000000e+00
1.950000e+02 GZS 2 0 2 0.000000e+00 0.000000e+00 0.000000e+00 0.000000e+00 0.000000e+00 0.000000e+00 1.274399e-03 1.274399e-03 9.974512e-01 0.000000e+00 0.000000e+00 0.000000e+00 0.000000e+00 0.000000e+00 0.000000e+00
1.950000e+02 GZS 3 0 2 0.000000e+00 0.000000e+00 0.000000e+00 0.000000e+00 0.000000e+00 0.000000e+00 1.275090e-03 1.275090e-03 9.974498e-01 0.000000e+00 0.000000e+00 0.000000e+00 0.000000e+00 0.000000e+00 0.000000e+00
1.950000e+02 GZS 4 0 2 0.000000e+00 0.000000e+00 0.000000e+00 0.000000e+00 0.000000e+00 0.000000e+00 1.275333e-03 1.275333e-03 9.974493e-01 0.000000e+00 0.000000e+00 0.000000e+00 0.000000e+00 0.000000e+00 0.000000e+00
1.950000e+02 RDG 0 0 2 0.000000e+00 0.000000e+00 0.000000e+00 0.000000e+00 1.593765e-02 6.465531e-04 0.000000e+00 0.000000e+00 8.893781e-01 8.914126e-02 2.152292e-04 0.000000e+00 2.616540e-03 2.064686e-03 2.099375e-12
1.950000e+02 RDG 1 0 2 0.000000e+00 0.000000e+00 0.000000e+00 0.000000e+00 1.620656e-02 6.576564e-04 0.000000e+00 0.000000e+00 8.891266e-01 8.911467e-02 2.152191e-04 0.000000e+00 2.615735e-03 2.063590e-03 2.099338e-12
1.950000e+02 RDG 2 0 2 0.000000e+00 0.000000e+00 0.000000e+00 0.000000e+00 4.526085e-01 1.224592e-03 0.000000e+00 0.000000e+00 0.000000e+00 0.000000e+00 2.387277e-02 0.000000e+00 2.912114e-01 2.310828e-01 2.324581e-10
1.950000e+02 RDG 3 0 2 0.000000e+00 0.000000e+00 0.000000e+00 0.000000e+00 1.266442e-01 3.426603e-04 0.000000e+00 0.000000e+00 0.000000e+00 0.000000e+00 3.815877e-02 0.000000e+00 4.654674e-01 3.693869e-01 3.715099e-10
1.950000e+02 RDG 4 0 2 0.000000e+00 0.000000e+00 0.000000e+00 0.000000e+00 1.629126e-01 4.407908e-04 0.000000e+00 0.000000e+00 0.000000e+00 0.000000e+00 3.656882e-02 0.000000e+00 4.460796e-01 3.539982e-01 3.560449e-10
1.950000e+02 DRE 0 0 1 0.000000e+00 0.000000e+00 0.000000e+00 0.000000e+00 0.000000e+00 0.000000e+00 1.395212e-05 1.395212e-05 9.080699e-01 9.101104e-02 0.000000e+00 0.000000e+00 1.355669e-04 7.555870e-04 1.395212e-13
1.950000e+02 CHI 0 0 1 0.000000e+00 0.000000e+00 0.000000e+00 0.000000e+00 0.000000e+00 0.000000e+00 0.000000e+00 0.000000e+00 0.000000e+00 0.000000e+00 0.000000e+00 0.000000e+00 3.920033e-01 6.079967e-01 4.241860e-12
1.950000e+02 CAL 0 0 1 0.000000e+00 0.000000e+00 0.000000e+00 0.000000e+00 0.000000e+00 0.000000e+00 8.639771e-02 8.639771e-02 0.000000e+00 0.000000e+00 0.000000e+00 0.000000e+00 4.771814e-01 3.500232e-01 4.090547e-10
1.950000e+02 ROT 0 0 1 0.000000e+00 0.000000e+00 0.000000e+00 0.000000e+00 0.000000e+00 0.000000e+00 8.639659e-02 8.639659e-02 0.000000e+00 0.000000e+00 0.000000e+00 0.000000e+00 4.771809e-01 3.500260e-01 4.090492e-10
2.000000e+02 WAE 0 0 2 0.000000e+00 1.940820e-02 6.364049e-02 2.281215e-03 0.000000e+00 3.524479e-04 0.000000e+00 0.000000e+00 8.307801e-01 8.353750e-02 0.000000e+00 0.000000e+00 0.000000e+00 0.000000e+00 0.000000e+00
2.000000e+02 WAE 1 0 2 0.000000e+00 3.819312e-02 6.240356e-02 2.237482e-03 0.000000e+00 3.469722e-04 0.000000e+00 0.000000e+00 8.148804e-01 8.193843e-02 0.000000e+00 0.000000e+00 0.000000e+00 0.000000e+00 0.000000e+00
2.000000e+02 WAE 2 0 2 0.000000e+00 3.512770e-01 5.732256e-01 3.779101e-02 3.751579e-02 1.906513e-04 0.000000e+00 0.000000e+00 0.000000e+00 0.000000e+00 0.000000e+00 0.000000e+00 0.000000e+00 0.000000e+00 0.000000e+00
2.000000e+02 WAE 3 0 2 7.988054e-01 6.341089e-02 1.035994e-01 6.821864e-03 2.722400e-02 1.383524e-04 0.000000e+00 0.000000e+00 0.000000e+00 0.000000e+00 0.000000e+00 0.000000e+00 0.000000e+00 0.000000e+00 0.000000e+00
2.000000e+02 WAE 4 0 2 7.987775e-01 6.340887e-02 1.035940e-01 6.821646e-03 2.725951e-02 1.385338e-04 0.000000e+00 0.000000e+00 0.000000e+00 0.000000e+00 0.000000e+00 0.000000e+00 0.000000e+00 0.000000e+00 0.000000e+00
2.000000e+02 WAE 5 0 2 7.987390e-01 6.340591e-02 1.035882e-01 6.821328e-03 2.730677e-02 1.387744e-04 0.000000e+00 0.000000e+00 0.000000e+00 0.000000e+00 0.000000e+00 0.000000e+00 0.000000e+00 0.000000e+00 0.000000e+00
2.000000e+02 WAE 6 0 2 7.991130e-01 6.343613e-02 1.036318e-01 6.824579e-03 2.685800e-02 1.364950e-04 0.000000e+00 0.000000e+00 0.000000e+00 0.000000e+00 0.000000e+00 0.000000e+00 0.000000e+00 0.000000e+00 0.000000e+00
2.000000e+02 WAE 7 0 2 7.995736e-01 6.347322e-02 1.036869e-01 6.197919e-03 2.693149e-02 1.368689e-04 0.000000e+00 0.000000e+00 0.000000e+00 0.000000e+00 0.000000e+00 0.000000e+00 0.000000e+00 0.000000e+00 0.000000e+00
2.000000e+02 YPH 0 0 2 0.000000e+00 0.000000e+00 0.000000e+00 0.000000e+00 1.017831e-02 5.171631e-04 0.000000e+00 0.000000e+00 8.984420e-01 9.034009e-02 2.084825e-05 0.000000e+00 2.781117e-04 2.235223e-04 2.147489e-13
2.000000e+02 YPH 1 0 2 0.000000e+00 0.000000e+00 0.000000e+00 0.000000e+00 1.043010e-02 5.298816e-04 0.000000e+00 0.000000e+00 8.982011e-01 9.031678e-02 2.083316e-05 0.000000e+00 2.779202e-04 2.233622e-04 2.146052e-13
2.000000e+02 YPH 2 0 2 0.000000e+00 4.233843e-04 0.000000e+00 4.976370e-05 2.755868e-03 1.399906e-04 0.000000e+00 0.000000e+00 9.054774e-01 9.104832e-02 4.209382e-06 0.000000e+00 5.607334e-05 4.496662e-05 4.339100e-14
2.000000e+02 YPH 3 0 2 0.000000e+00 4.233803e-04 0.000000e+00 4.976316e-05 2.753712e-03 1.398828e-04 0.000000e+00 0.000000e+00 9.054795e-01 9.104849e-02 4.209289e-06 0.000000e+00 5.607208e-05 4.496590e-05 4.338995e-14
2.000000e+02 YPH 4 0 2 0.000000e+00 4.233862e-04 0.000000e+00 4.976379e-05 2.754710e-03 1.399345e-04 0.000000e+00 0.000000e+00 9.054786e-01 9.104835e-02 4.209352e-06 0.000000e+00 5.607246e-05 4.496585e-05 4.339065e-14
2.000000e+02 YPH 5 0 2 0.000000e+00 4.233709e-04 0.000000e+00 4.976202e-05 2.750270e-03 1.397094e-04 0.000000e+00 0.000000e+00 9.054828e-01 9.104880e-02 4.209126e-06 0.000000e+00 5.607021e-05 4.496501e-05 4.338812e-14
2.000000e+02 YPH 6 0 2 0.000000e+00 4.234165e-04 0.000000e+00 4.976723e-05 2.762572e-03 1.403345e-04 0.000000e+00 0.000000e+00 9.054711e-01 9.104752e-02 4.209767e-06 0.000000e+00 5.607626e-05 4.496701e-05 4.339527e-14
2.000000e+02 GZS 0 0 2 0.000000e+00 0.000000e+00 0.000000e+00 0.000000e+00 0.000000e+00 3.615937e-04 0.000000e+00 0.000000e+00 9.083007e-01 9.133766e-02 0.000000e+00 0.000000e+00 0.000000e+00 0.000000e+00 0.000000e+00
2.000000e+02 GZS 1 0 2 0.000000e+00 0.000000e+00 0.000000e+00 0.000000e+00 0.000000e+00 0.000000e+00 1.287305e-03 1.287305e-03 9.974254e-01 0.000000e+00 0.000000e+00 0.000000e+00 0.000000e+00 0.000000e+00 0.000000e+00
2.000000e+02 GZS 2 0 2 0.000000e+00 0.000000e+00 0.000000e+00 0.000000e+00 0.000000e+00 0.000000e+00 1.287533e-03 1.287533e-03 9.974249e-01 0.000000e+00 0.000000e+00 0.000000e+00 0.000000e+00 0.000000e+00 0.000000e+00
2.000000e+02 GZS 3 0 2 0.000000e+00 0.000000e+00 0.000000e+00 0.000000e+00 0.000000e+00 0.000000e+00 1.288235e-03 1.288235e-03 9.974235e-01 0.000000e+00 0.000000e+00 0.000000e+00 0.000000e+00 0.000000e+00 0.000000e+00
2.000000e+02 GZS 4 0 2 0.000000e+00 0.000000e+00 0.000000e+00 0.000000e+00 0.000000e+00 0.000000e+00 1.288482e-03 1.288482e-03 9.974230e-01 0.000000e+00 0.000000e+00 0.000000e+00 0.000000e+00 0.000000e+00 0.000000e+00
2.000000e+02 RDG 0 0 2 0.000000e+00 0.000000e+00 0.000000e+00 0.000000e+00 1.600365e-02 6.098880e-04 0.000000e+00 0.000000e+00 8.888317e-01 8.937402e-02 2.173919e-04 0.000000e+00 2.749983e-03 2.213400e-03 2.120463e-12
2.000000e+02 RDG 1 0 2 0.000000e+00 0.000000e+00 0.000000e+00 0.000000e+00 1.628381e-02 6.205586e-04 0.000000e+00 0.000000e+00 8.885695e-01 8.934776e-02 2.173075e-04 0.000000e+00 2.748801e-03 2.212303e-03 2.119705e-12
2.000000e+02 RDG 2 0 2 0.000000e+00 0.000000e+00 0.000000e+00 0.000000e+00 4.413085e-01 1.121322e-03 0.000000e+00 0.000000e+00 0.000000e+00 0.000000e+00 2.325645e-02 0.000000e+00 2.952873e-01 2.390263e-01 2.264564e-10
2.000000e+02 RDG 3 0 2 0.000000e+00 0.000000e+00 0.000000e+00 0.000000e+00 1.220442e-01 3.101097e-04 0.000000e+00 0.000000e+00 0.000000e+00 0.000000e+00 3.660667e-02 0.000000e+00 4.647825e-01 3.762566e-01 3.563958e-10
2.000000e+02 RDG 4 0 2 0.000000e+00 0.000000e+00 0.000000e+00 0.000000e+00 1.570859e-01 3.991489e-04 0.000000e+00 0.000000e+00 0.000000e+00 0.000000e+00 3.514094e-02 0.000000e+00 4.461799e-01 3.611941e-01 3.421406e-10
2.000000e+02 DRE 0 0 1 0.000000e+00 0.000000e+00 0.000000e+00 0.000000e+00 0.000000e+00 0.000000e+00 1.409135e-05 1.409135e-05 9.077480e-01 9.127395e-02 0.000000e+00 0.000000e+00 1.418090e-04 8.080785e-04 1.409135e-13
2.000000e+02 CHI 0 0 1 0.000000e+00 0.000000e+00 0.000000e+00 0.000000e+00 0.000000e+00 0.000000e+00 0.000000e+00 0.000000e+00 0.000000e+00 0.000000e+00 0.000000e+00 0.000000e+00 3.878112e-01 6.121888e-01 4.165308e-12
2.000000e+02 CAL 0 0 1 0.000000e+00 0.000000e+00 0.000000e+00 0.000000e+00 0.000000e+00 0.000000e+00 8.305095e-02 8.305095e-02 0.000000e+00 0.000000e+00 0.000000e+00 0.000000e+00 4.768386e-01 3.570594e-01 3.932094e-10
2.000000e+02 ROT 0 0 1 0.000000e+00 0.000000e+00 0.000000e+00 0.000000e+00 0.000000e+00 0.000000e+00 8.304983e-02 8.304983e-02 0.000000e+00 0.000000e+00 0.000000e+00 0.000000e+00 4.768381e-01 3.570622e-01 3.932038e-10
2.050000e+02 WAE 0 0 2 0.000000e+00 1.894786e-02 7.344818e-02 2.247755e-03 0.000000e+00 3.291013e-04 0.000000e+00 0.000000e+00 8.220902e-01 8.293695e-02 0.000000e+00 0.000000e+00 0.000000e+00 0.000000e+00 0.000000e+00
2.050000e+02 WAE 1 0 2 0.000000e+00 3.793705e-02 7.201743e-02 2.204198e-03 0.000000e+00 3.239223e-04 0.000000e+00 0.000000e+00 8.061853e-01 8.133207e-02 0.000000e+00 0.000000e+00 0.000000e+00 0.000000e+00 0.000000e+00
2.050000e+02 WAE 2 0 2 0.000000e+00 3.204002e-01 6.081420e-01 3.446993e-02 3.681294e-02 1.749209e-04 0.000000e+00 0.000000e+00 0.000000e+00 0.000000e+00 0.000000e+00 0.000000e+00 0.000000e+00 0.000000e+00 0.000000e+00
2.050000e+02 WAE 3 0 2 7.908540e-01 6.057206e-02 1.149746e-01 6.516583e-03 2.695468e-02 1.280815e-04 0.000000e+00 0.000000e+00 0.000000e+00 0.000000e+00 0.000000e+00 0.000000e+00 0.000000e+00 0.000000e+00 0.000000e+00
2.050000e+02 WAE 4 0 2 7.908269e-01 6.057019e-02 1.149702e-01 6.516382e-03 2.698808e-02 1.282411e-04 0.000000e+00 0.000000e+00 0.000000e+00 0.000000e+00 0.000000e+00 0.000000e+00 0.000000e+00 0.000000e+00 0.000000e+00
2.050000e+02 WAE 5 0 2 7.907907e-01 6.056751e-02 1.149647e-01 6.516094e-03 2.703254e-02 1.284528e-04 0.000000e+00 0.000000e+00 0.000000e+00 0.000000e+00 0.000000e+00 0.000000e+00 0.000000e+00 0.000000e+00 0.000000e+00
2.050000e+02 WAE 6 0 2 7.911360e-01 6.059441e-02 1.150139e-01 6.518988e-03 2.661030e-02 1.264477e-04 0.000000e+00 0.000000e+00 0.000000e+00 0.000000e+00 0.000000e+00 0.000000e+00 0.000000e+00 0.000000e+00 0.000000e+00
2.050000e+02 WAE 7 0 2 7.910825e-01 6.059029e-02 1.150061e-01 6.518545e-03 2.667580e-02 1.267590e-04 0.000000e+00 0.000000e+00 0.000000e+00 0.000000e+00 0.000000e+00 0.000000e+00 0.000000e+00 0.000000e+00 0.000000e+00
2.050000e+02 YPH 0 0 2 0.000000e+00 0.000000e+00 0.000000e+00 0.000000e+00 1.023403e-02 4.862059e-04 0.000000e+00 0.000000e+00 8.981221e-01 9.060618e-02 2.106772e-05 0.000000e+00 2.919170e-04 2.384705e-04 2.170090e-13
2.050000e+02 YPH 1 0 2 0.000000e+00 0.000000e+00 0.000000e+00 0.000000e+00 1.049098e-02 4.983344e-04 0.000000e+00 0.000000e+00 8.978772e-01 9.058243e-02 2.105229e-05 0.000000e+00 2.917064e-04 2.382859e-04 2.168621e-13
2.050000e+02 YPH 2 0 2 0.000000e+00 4.176260e-04 0.000000e+00 4.954162e-05 2.773089e-03 1.317089e-04 0.000000e+00 0.000000e+00 9.051963e-01 9.132070e-02 4.253891e-06 0.000000e+00 5.885626e-05 4.797300e-05 4.384977e-14
2.050000e+02 YPH 3 0 2 0.000000e+00 4.176220e-04 0.000000e+00 4.954108e-05 2.770905e-03 1.316069e-04 0.000000e+00 0.000000e+00 9.051984e-01 9.132087e-02 4.253796e-06 0.000000e+00 5.885500e-05 4.797234e-05 4.384869e-14
2.050000e+02 YPH 4 0 2 0.000000e+00 4.176280e-04 0.000000e+00 4.954172e-05 2.771916e-03 1.316559e-04 0.000000e+00 0.000000e+00 9.051974e-01 9.132073e-02 4.253860e-06 0.000000e+00 5.885547e-05 4.797240e-05 4.384939e-14
2.050000e+02 YPH 5 0 2 0.000000e+00 4.176127e-04 0.000000e+00 4.953994e-05 2.767418e-03 1.314428e-04 0.000000e+00 0.000000e+00 9.052017e-01 9.132118e-02 4.253630e-06 0.000000e+00 5.885307e-05 4.797145e-05 4.384682e-14
2.050000e+02 YPH 6 0 2 0.000000e+00 4.176582e-04 0.000000e+00 4.954519e-05 2.779884e-03 1.320350e-04 0.000000e+00 0.000000e+00 9.051899e-01 9.131989e-02 4.254282e-06 0.000000e+00 5.885958e-05 4.797385e-05 4.385409e-14
2.050000e+02 GZS 0 0 2 0.000000e+00 0.000000e+00 0.000000e+00 0.000000e+00 0.000000e+00 3.401621e-04 0.000000e+00 0.000000e+00 9.080495e-01 9.161031e-02 0.000000e+00 0.000000e+00 0.000000e+00 0.000000e+00 0.000000e+00
2.050000e+02 GZS 1 0 2 0.000000e+00 0.000000e+00 0.000000e+00 0.000000e+00 0.000000e+00 0.000000e+00 1.301275e-03 1.301275e-03 9.973974e-01 0.000000e+00 0.000000e+00 0.000000e+00 0.000000e+00 0.000000e+00 0.000000e+00
2.050000e+02 GZS 2 0 2 0.000000e+00 0.000000e+00 0.000000e+00 0.000000e+00 0.000000e+00 0.000000e+00 1.301506e-03 1.301506e-03 9.973970e-01 0.000000e+00 0.000000e+00 0.000000e+00 0.000000e+00 0.000000e+00 0.000000e+00
2.050000e+02 GZS 3 0 2 0.000000e+00 0.000000e+00 0.000000e+00 0.000000e+00 0.000000e+00 0.000000e+00 1.302221e-03 1.302221e-03 9.973956e-01 0.000000e+00 0.000000e+00 0.000000e+00 0.000000e+00 0.000000e+00 0.000000e+00
2.050000e+02 GZS 4 0 2 0.000000e+00 0.000000e+00 0.000000e+00 0.000000e+00 0.000000e+00 0.000000e+00 1.302472e-03 1.302472e-03 9.973951e-01 0.000000e+00 0.000000e+00 0.000000e+00 0.000000e+00 0.000000e+00 0.000000e+00
2.050000e+02 RDG 0 0 2 0.000000e+00 0.000000e+00 0.000000e+00 0.000000e+00 1.608210e-02 5.730563e-04 0.000000e+00 0.000000e+00 8.882666e-01 8.961218e-02 2.196182e-04 0.000000e+00 2.885714e-03 2.360746e-03 2.142173e-12
2.050000e+02 RDG 1 0 2 0.000000e+00 0.000000e+00 0.000000e+00 0.000000e+00 1.636687e-02 5.831977e-04 0.000000e+00 0.000000e+00 8.880009e-01 8.958549e-02 2.195321e-04 0.000000e+00 2.884447e-03 2.359547e-03 2.141400e-12
2.050000e+02 RDG 2 0 2 0.000000e+00 0.000000e+00 0.000000e+00 0.000000e+00 4.308788e-01 1.023684e-03 0.000000e+00 0.000000e+00 0.000000e+00 0.000000e+00 2.268750e-02 0.000000e+00 2.992336e-01 2.461764e-01 2.209161e-10
2.050000e+02 RDG 3 0 2 0.000000e+00 0.000000e+00 0.000000e+00 0.000000e+00 1.179200e-01 2.801621e-04 0.000000e+00 0.000000e+00 0.000000e+00 0.000000e+00 3.521491e-02 0.000000e+00 4.644522e-01 3.821327e-01 3.428430e-10
2.050000e+02 RDG 4 0 2 0.000000e+00 0.000000e+00 0.000000e+00 0.000000e+00 1.518453e-01 3.607635e-04 0.000000e+00 0.000000e+00 0.000000e+00 0.000000e+00 3.385653e-02 0.000000e+00 4.465433e-01 3.673941e-01 3.296331e-10
2.050000e+02 DRE 0 0 1 0.000000e+00 0.000000e+00 0.000000e+00 0.000000e+00 0.000000e+00 0.000000e+00 1.423964e-05 1.423964e-05 9.074214e-01 9.154243e-02 0.000000e+00 0.000000e+00 1.482007e-04 8.594377e-04 1.423964e-13
2.050000e+02 CHI 0 0 1 0.000000e+00 0.000000e+00 0.000000e+00 0.000000e+00 0.000000e+00 0.000000e+00 0.000000e+00 0.000000e+00 0.000000e+00 0.000000e+00 0.000000e+00 0.000000e+00 3.836254e-01 6.163746e-01 4.089094e-12
2.050000e+02 CAL 0 0 1 0.000000e+00 0.000000e+00 0.000000e+00 0.000000e+00 0.000000e+00 0.000000e+00 8.004080e-02 8.004080e-02 0.000000e+00 0.000000e+00 0.000000e+00 0.000000e+00 4.768407e-01 3.630777e-01 3.789577e-10
2.050000e+02 ROT 0 0 1 0.000000e+00 0.000000e+00 0.000000e+00 0.000000e+00 0.000000e+00 0.000000e+00 8.003991e-02 8.003991e-02 0.000000e+00 0.000000e+00 0.000000e+00 0.000000e+00 4.768404e-01 3.630798e-01 3.789532e-10
2.100000e+02 WAE 0 0 2 0.000000e+00 1.855188e-02 7.932662e-02 2.221062e-03 0.000000e+00 3.074086e-04 0.000000e+00 0.000000e+00 8.169023e-01 8.269073e-02 0.000000e+00 0.000000e+00 0.000000e+00 0.000000e+00 0.000000e+00
2.100000e+02 WAE 1 0 2 0.000000e+00 3.783519e-02 7.775838e-02 2.177378e-03 0.000000e+00 3.024917e-04 0.000000e+00 0.000000e+00 8.008600e-01 8.106653e-02 0.000000e+00 0.000000e+00 0.000000e+00 0.000000e+00 0.000000e+00
2.100000e+02 WAE 2 0 2 0.000000e+00 3.046266e-01 6.259762e-01 3.276298e-02 3.647270e-02 1.614932e-04 0.000000e+00 0.000000e+00 0.000000e+00 0.000000e+00 0.000000e+00 0.000000e+00 0.000000e+00 0.000000e+00 0.000000e+00
2.100000e+02 WAE 3 0 2 7.888815e-01 5.826619e-02 1.197357e-01 6.266602e-03 2.673163e-02 1.183652e-04 0.000000e+00 0.000000e+00 0.000000e+00 0.000000e+00 0.000000e+00 0.000000e+00 0.000000e+00 0.000000e+00 0.000000e+00
2.100000e+02 WAE 4 0 2 7.888559e-01 5.826450e-02 1.197313e-01 6.266420e-03 2.676339e-02 1.185067e-04 0.000000e+00 0.000000e+00 0.000000e+00 0.000000e+00 0.000000e+00 0.000000e+00 0.000000e+00 0.000000e+00 0.000000e+00
2.100000e+02 WAE 5 0 2 7.888215e-01 5.826205e-02 1.197259e-01 6.266158e-03 2.680568e-02 1.186943e-04 0.000000e+00 0.000000e+00 0.000000e+00 0.000000e+00 0.000000e+00 0.000000e+00 0.000000e+00 0.000000e+00 0.000000e+00
2.100000e+02 WAE 6 0 2 7.891489e-01 5.828667e-02 1.197745e-01 6.268806e-03 2.640414e-02 1.169176e-04 0.000000e+00 0.000000e+00 0.000000e+00 0.000000e+00 0.000000e+00 0.000000e+00 0.000000e+00 0.000000e+00 0.000000e+00
2.100000e+02 WAE 7 0 2 7.890982e-01 5.828291e-02 1.197669e-01 6.268401e-03 2.646643e-02 1.171934e-04 0.000000e+00 0.000000e+00 0.000000e+00 0.000000e+00 0.000000e+00 0.000000e+00 0.000000e+00 0.000000e+00 0.000000e+00
2.100000e+02 YPH 0 0 2 0.000000e+00 0.000000e+00 0.000000e+00 0.000000e+00 1.029274e-02 4.556709e-04 0.000000e+00 0.000000e+00 8.977976e-01 9.087796e-02 2.129864e-05 0.000000e+00 3.037298e-04 2.509640e-04 2.193871e-13
2.100000e+02 YPH 1 0 2 0.000000e+00 0.000000e+00 0.000000e+00 0.000000e+00 1.055534e-02 4.672137e-04 0.000000e+00 0.000000e+00 8.975482e-01 9.085374e-02 2.128283e-05 0.000000e+00 3.035032e-04 2.507642e-04 2.192366e-13
2.100000e+02 YPH 2 0 2 0.000000e+00 4.113774e-04 0.000000e+00 4.925011e-05 2.791453e-03 1.235428e-04 0.000000e+00 0.000000e+00 9.049096e-01 9.159878e-02 4.300711e-06 0.000000e+00 6.123854e-05 5.048723e-05 4.433235e-14
2.100000e+02 YPH 3 0 2 0.000000e+00 4.113735e-04 0.000000e+00 4.924957e-05 2.789238e-03 1.234465e-04 0.000000e+00 0.000000e+00 9.049117e-01 9.159895e-02 4.300614e-06 0.000000e+00 6.123726e-05 5.048655e-05 4.433124e-14
2.100000e+02 YPH 4 0 2 0.000000e+00 4.113795e-04 0.000000e+00 4.925023e-05 2.790263e-03 1.234928e-04 0.000000e+00 0.000000e+00 9.049108e-01 9.159882e-02 4.300679e-06 0.000000e+00 6.123779e-05 5.048664e-05 4.433196e-14
2.100000e+02 YPH 5 0 2 0.000000e+00 4.113643e-04 0.000000e+00 4.924843e-05 2.785706e-03 1.232916e-04 0.000000e+00 0.000000e+00 9.049151e-01 9.159927e-02 4.300444e-06 0.000000e+00 6.123526e-05 5.048562e-05 4.432934e-14
2.100000e+02 YPH 6 0 2 0.000000e+00 4.114097e-04 0.000000e+00 4.925372e-05 2.798341e-03 1.238509e-04 0.000000e+00 0.000000e+00 9.049032e-01 9.159796e-02 4.301109e-06 0.000000e+00 6.124217e-05 5.048824e-05 4.433675e-14
2.100000e+02 GZS 0 0 2 0.000000e+00 0.000000e+00 0.000000e+00 0.000000e+00 0.000000e+00 3.192080e-04 0.000000e+00 0.000000e+00 9.077888e-01 9.189196e-02 0.000000e+00 0.000000e+00 0.000000e+00 0.000000e+00 0.000000e+00
2.100000e+02 GZS 1 0 2 0.000000e+00 0.000000e+00 0.000000e+00 0.000000e+00 0.000000e+00 0.000000e+00 1.315967e-03 1.315967e-03 9.973681e-01 0.000000e+00 0.000000e+00 0.000000e+00 0.000000e+00 0.000000e+00 0.000000e+00
2.100000e+02 GZS 2 0 2 0.000000e+00 0.000000e+00 0.000000e+00 0.000000e+00 0.000000e+00 0.000000e+00 1.316201e-03 1.316201e-03 9.973676e-01 0.000000e+00 0.000000e+00 0.000000e+00 0.000000e+00 0.000000e+00 0.000000e+00
2.100000e+02 GZS 3 0 2 0.000000e+00 0.000000e+00 0.000000e+00 0.000000e+00 0.000000e+00 0.000000e+00 1.316928e-03 1.316928e-03 9.973661e-01 0.000000e+00 0.000000e+00 0.000000e+00 0.000000e+00 0.000000e+00 0.000000e+00
2.100000e+02 GZS 4 0 2 0.000000e+00 0.000000e+00 0.000000e+00 0.000000e+00 0.000000e+00 0.000000e+00 1.317184e-03 1.317184e-03 9.973656e-01 0.000000e+00 0.000000e+00 0.000000e+00 0.000000e+00 0.000000e+00 0.000000e+00
2.100000e+02 RDG 0 0 2 0.000000e+00 0.000000e+00 0.000000e+00 0.000000e+00 1.616516e-02 5.367631e-04 0.000000e+00 0.000000e+00 8.877312e-01 8.985928e-02 2.219712e-04 0.000000e+00 3.001781e-03 2.483828e-03 2.165118e-12
2.100000e+02 RDG 1 0 2 0.000000e+00 0.000000e+00 0.000000e+00 0.000000e+00 1.645491e-02 5.463785e-04 0.000000e+00 0.000000e+00 8.874617e-01 8.983212e-02 2.218831e-04 0.000000e+00 3.000438e-03 2.482544e-03 2.164327e-12
2.100000e+02 RDG 2 0 2 0.000000e+00 0.000000e+00 0.000000e+00 0.000000e+00 4.231091e-01 9.367163e-04 0.000000e+00 0.000000e+00 0.000000e+00 0.000000e+00 2.226313e-02 0.000000e+00 3.022187e-01 2.514723e-01 2.167836e-10
2.100000e+02 RDG 3 0 2 0.000000e+00 0.000000e+00 0.000000e+00 0.000000e+00 1.149212e-01 2.544294e-04 0.000000e+00 0.000000e+00 0.000000e+00 0.000000e+00 3.420165e-02 0.000000e+00 4.642734e-01 3.863494e-01 3.329758e-10
2.100000e+02 RDG 4 0 2 0.000000e+00 0.000000e+00 0.000000e+00 0.000000e+00 1.480245e-01 3.277180e-04 0.000000e+00 0.000000e+00 0.000000e+00 0.000000e+00 3.291892e-02 0.000000e+00 4.468677e-01 3.718611e-01 3.205026e-10
2.100000e+02 DRE 0 0 1 0.000000e+00 0.000000e+00 0.000000e+00 0.000000e+00 0.000000e+00 0.000000e+00 1.439580e-05 1.439580e-05 9.070979e-01 9.181747e-02 0.000000e+00 0.000000e+00 1.537570e-04 9.020924e-04 1.439580e-13
2.100000e+02 CHI 0 0 1 0.000000e+00 0.000000e+00 0.000000e+00 0.000000e+00 0.000000e+00 0.000000e+00 0.000000e+00 0.000000e+00 0.000000e+00 0.000000e+00 0.000000e+00 0.000000e+00 3.794941e-01 6.205059e-01 4.013962e-12
2.100000e+02 CAL 0 0 1 0.000000e+00 0.000000e+00 0.000000e+00 0.000000e+00 0.000000e+00 0.000000e+00 7.784120e-02 7.784120e-02 0.000000e+00 0.000000e+00 0.000000e+00 0.000000e+00 4.769400e-01 3.673776e-01 3.685436e-10
2.100000e+02 ROT 0 0 1 0.000000e+00 0.000000e+00 0.000000e+00 0.000000e+00 0.000000e+00 0.000000e+00 7.784039e-02 7.784039e-02 0.000000e+00 0.000000e+00 0.000000e+00 0.000000e+00 4.769394e-01 3.673798e-01 3.685395e-10
2.150000e+02 WAE 0 0 2 0.000000e+00 1.812981e-02 8.547943e-02 2.190427e-03 0.000000e+00 2.862538e-04 0.000000e+00 0.000000e+00 8.114899e-01 8.242414e-02 0.000000e+00 0.000000e+00 0.000000e+00 0.000000e+00 0.000000e+00
2.150000e+02 WAE 1 0 2 0.000000e+00 3.771429e-02 8.376425e-02 2.146697e-03 0.000000e+00 2.815998e-04 0.000000e+00 0.000000e+00 7.953125e-01 8.078065e-02 0.000000e+00 0.000000e+00 0.000000e+00 0.000000e+00 0.000000e+00
2.150000e+02 WAE 2 0 2 0.000000e+00 2.895586e-01 6.430267e-01 3.112192e-02 3.614408e-02 1.486524e-04 0.000000e+00 0.000000e+00 0.000000e+00 0.000000e+00 0.000000e+00 0.000000e+00 0.000000e+00 0.000000e+00 0.000000e+00
2.150000e+02 WAE 3 0 2 7.869459e-01 5.601659e-02 1.244014e-01 6.020691e-03 2.650635e-02 1.090179e-04 0.000000e+00 0.000000e+00 0.000000e+00 0.000000e+00 0.000000e+00 0.000000e+00 0.000000e+00 0.000000e+00 0.000000e+00
2.150000e+02 WAE 4 0 2 7.869216e-01 5.601506e-02 1.243971e-01 6.020526e-03 2.653654e-02 1.091429e-04 0.000000e+00 0.000000e+00 0.000000e+00 0.000000e+00 0.000000e+00 0.000000e+00 0.000000e+00 0.000000e+00 0.000000e+00
2.150000e+02 WAE 5 0 2 7.868891e-01 5.601283e-02 1.243918e-01 6.020287e-03 2.657674e-02 1.093086e-04 0.000000e+00 0.000000e+00 0.000000e+00 0.000000e+00 0.000000e+00 0.000000e+00 0.000000e+00 0.000000e+00 0.000000e+00
2.150000e+02 WAE 6 0 2 7.871993e-01 5.603534e-02 1.244398e-01 6.022708e-03 2.619510e-02 1.077402e-04 0.000000e+00 0.000000e+00 0.000000e+00 0.000000e+00 0.000000e+00 0.000000e+00 0.000000e+00 0.000000e+00 0.000000e+00
2.150000e+02 WAE 7 0 2 7.871512e-01 5.603190e-02 1.244322e-01 6.022338e-03 2.625429e-02 1.079836e-04 0.000000e+00 0.000000e+00 0.000000e+00 0.000000e+00 0.000000e+00 0.000000e+00 0.000000e+00 0.000000e+00 0.000000e+00
2.150000e+02 YPH 0 0 2 0.000000e+00 0.000000e+00 0.000000e+00 0.000000e+00 1.035425e-02 4.257840e-04 0.000000e+00 0.000000e+00 8.974636e-01 9.115515e-02 2.154082e-05 0.000000e+00 3.156671e-04 2.639739e-04 2.218809e-13
2.150000e+02 YPH 1 0 2 0.000000e+00 0.000000e+00 0.000000e+00 0.000000e+00 1.062297e-02 4.367481e-04 0.000000e+00 0.000000e+00 8.972092e-01 9.113041e-02 2.152460e-05 0.000000e+00 3.154292e-04 2.637615e-04 2.217266e-13
2.150000e+02 YPH 2 0 2 0.000000e+00 3.663984e-04 0.000000e+00 4.888226e-05 2.811031e-03 1.155555e-04 0.000000e+00 0.000000e+00 9.046509e-01 9.188616e-02 4.349983e-06 0.000000e+00 6.364951e-05 5.310830e-05 4.484019e-14
2.150000e+02 YPH 3 0 2 0.000000e+00 4.045776e-04 0.000000e+00 4.887997e-05 2.808680e-03 1.154606e-04 0.000000e+00 0.000000e+00 9.046185e-01 9.188282e-02 4.349725e-06 0.000000e+00 6.364581e-05 5.310558e-05 4.483743e-14
2.150000e+02 YPH 4 0 2 0.000000e+00 4.045836e-04 0.000000e+00 4.888063e-05 2.809719e-03 1.155043e-04 0.000000e+00 0.000000e+00 9.046175e-01 9.188268e-02 4.349791e-06 0.000000e+00 6.364636e-05 5.310568e-05 4.483815e-14
2.150000e+02 YPH 5 0 2 0.000000e+00 4.045685e-04 0.000000e+00 4.887883e-05 2.805099e-03 1.153149e-04 0.000000e+00 0.000000e+00 9.046219e-01 9.188314e-02 4.349551e-06 0.000000e+00 6.364372e-05 5.310459e-05 4.483548e-14
2.150000e+02 YPH 6 0 2 0.000000e+00 4.046137e-04 0.000000e+00 4.888416e-05 2.817911e-03 1.158416e-04 0.000000e+00 0.000000e+00 9.046098e-01 9.188181e-02 4.350229e-06 0.000000e+00 6.365093e-05 5.310739e-05 4.484303e-14
2.150000e+02 GZS 0 0 2 0.000000e+00 0.000000e+00 0.000000e+00 0.000000e+00 0.000000e+00 2.986912e-04 0.000000e+00 0.000000e+00 9.075218e-01 9.217946e-02 0.000000e+00 0.000000e+00 0.000000e+00 0.000000e+00 0.000000e+00
2.150000e+02 GZS 1 0 2 0.000000e+00 0.000000e+00 0.000000e+00 0.000000e+00 0.000000e+00 0.000000e+00 1.331376e-03 1.331376e-03 9.973372e-01 0.000000e+00 0.000000e+00 0.000000e+00 0.000000e+00 0.000000e+00 0.000000e+00
2.150000e+02 GZS 2 0 2 0.000000e+00 0.000000e+00 0.000000e+00 0.000000e+00 0.000000e+00 0.000000e+00 1.331614e-03 1.331614e-03 9.973368e-01 0.000000e+00 0.000000e+00 0.000000e+00 0.000000e+00 0.000000e+00 0.000000e+00
2.150000e+02 GZS 3 0 2 0.000000e+00 0.000000e+00 0.000000e+00 0.000000e+00 0.000000e+00 0.000000e+00 1.332354e-03 1.332354e-03 9.973353e-01 0.000000e+00 0.000000e+00 0.000000e+00 0.000000e+00 0.000000e+00 0.000000e+00
2.150000e+02 GZS 4 0 2 0.000000e+00 0.000000e+00 0.000000e+00 0.000000e+00 0.000000e+00 0.000000e+00 1.332615e-03 1.332615e-03 9.973348e-01 0.000000e+00 0.000000e+00 0.000000e+00 0.000000e+00 0.000000e+00 0.000000e+00
2.150000e+02 RDG 0 0 2 0.000000e+00 0.000000e+00 0.000000e+00 0.000000e+00 1.625197e-02 5.012566e-04 0.000000e+00 0.000000e+00 8.871804e-01 9.011097e-02 2.244386e-04 0.000000e+00 3.119017e-03 2.611950e-03 2.189178e-12
2.150000e+02 RDG 1 0 2 0.000000e+00 0.000000e+00 0.000000e+00 0.000000e+00 1.654703e-02 5.103519e-04 0.000000e+00 0.000000e+00 8.869068e-01 9.008329e-02 2.243484e-04 0.000000e+00 3.117601e-03 2.610581e-03 2.188368e-12
2.150000e+02 RDG 2 0 2 0.000000e+00 0.000000e+00 0.000000e+00 0.000000e+00 4.156423e-01 8.547194e-04 0.000000e+00 0.000000e+00 0.000000e+00 0.000000e+00 2.185541e-02 0.000000e+00 3.048973e-01 2.567503e-01 2.128132e-10
2.150000e+02 RDG 3 0 2 0.000000e+00 0.000000e+00 0.000000e+00 0.000000e+00 1.120973e-01 2.305213e-04 0.000000e+00 0.000000e+00 0.000000e+00 0.000000e+00 3.324763e-02 0.000000e+00 4.638162e-01 3.906083e-01 3.236855e-10
2.150000e+02 RDG 4 0 2 0.000000e+00 0.000000e+00 0.000000e+00 0.000000e+00 1.444187e-01 2.969878e-04 0.000000e+00 0.000000e+00 0.000000e+00 0.000000e+00 3.203420e-02 0.000000e+00 4.468957e-01 3.763544e-01 3.118872e-10
2.150000e+02 DRE 0 0 1 0.000000e+00 0.000000e+00 0.000000e+00 0.000000e+00 0.000000e+00 0.000000e+00 1.455961e-05 1.455961e-05 9.067668e-01 9.209818e-02 0.000000e+00 0.000000e+00 1.593354e-04 9.465510e-04 1.455961e-13
2.150000e+02 CHI 0 0 1 0.000000e+00 0.000000e+00 0.000000e+00 0.000000e+00 0.000000e+00 0.000000e+00 0.000000e+00 0.000000e+00 0.000000e+00 0.000000e+00 0.000000e+00 0.000000e+00 3.754189e-01 6.245811e-01 3.940017e-12
2.150000e+02 CAL 0 0 1 0.000000e+00 0.000000e+00 0.000000e+00 0.000000e+00 0.000000e+00 0.000000e+00 7.576868e-02 7.576868e-02 0.000000e+00 0.000000e+00 0.000000e+00 0.000000e+00 4.767328e-01 3.717298e-01 3.587311e-10
2.150000e+02 ROT 0 0 1 0.000000e+00 0.000000e+00 0.000000e+00 0.000000e+00 0.000000e+00 0.000000e+00 7.576786e-02 7.576786e-02 0.000000e+00 0.000000e+00 0.000000e+00 0.000000e+00 4.767323e-01 3.717320e-01 3.587270e-10
2.200000e+02 WAE 0 0 2 0.000000e+00 1.768296e-02 9.189229e-02 2.155905e-03 0.000000e+00 2.656945e-04 0.000000e+00 0.000000e+00 8.058649e-01 8.213826e-02 0.000000e+00 0.000000e+00 0.000000e+00 0.000000e+00 0.000000e+00
2.200000e+02 WAE 1 0 2 0.000000e+00 3.757629e-02 9.002060e-02 2.112210e-03 0.000000e+00 2.613030e-04 0.000000e+00 0.000000e+00 7.895542e-01 8.047544e-02 0.000000e+00 0.000000e+00 0.000000e+00 0.000000e+00 0.000000e+00
2.200000e+02 WAE 2 0 2 0.000000e+00 2.752250e-01 6.592604e-01 2.955055e-02 3.582762e-02 1.364085e-04 0.000000e+00 0.000000e+00 0.000000e+00 0.000000e+00 0.000000e+00 0.000000e+00 0.000000e+00 0.000000e+00 0.000000e+00
2.200000e+02 WAE 3 0 2 7.850765e-01 5.382673e-02 1.289384e-01 5.779302e-03 2.627902e-02 1.000568e-04 0.000000e+00 0.000000e+00 0.000000e+00 0.000000e+00 0.000000e+00 0.000000e+00 0.000000e+00 0.000000e+00 0.000000e+00
2.200000e+02 WAE 4 0 2 7.850535e-01 5.382534e-02 1.289341e-01 5.779153e-03 2.630771e-02 1.001668e-04 0.000000e+00 0.000000e+00 0.000000e+00 0.000000e+00 0.000000e+00 0.000000e+00 0.000000e+00 0.000000e+00 0.000000e+00
2.200000e+02 WAE 5 0 2 7.850227e-01 5.382331e-02 1.289289e-01 5.778936e-03 2.634589e-02 1.003126e-04 0.000000e+00 0.000000e+00 0.000000e+00 0.000000e+00 0.000000e+00 0.000000e+00 0.000000e+00 0.000000e+00 0.000000e+00
2.200000e+02 WAE 6 0 2 7.853165e-01 5.384387e-02 1.289762e-01 5.781145e-03 2.598336e-02 9.893341e-05 0.000000e+00 0.000000e+00 0.000000e+00 0.000000e+00 0.000000e+00 0.000000e+00 0.000000e+00 0.000000e+00 0.000000e+00
2.200000e+02 WAE 7 0 2 7.852710e-01 5.384074e-02 1.289687e-01 5.780808e-03 2.603959e-02 9.914752e-05 0.000000e+00 0.000000e+00 0.000000e+00 0.000000e+00 0.000000e+00 0.000000e+00 0.000000e+00 0.000000e+00 0.000000e+00
2.200000e+02 YPH 0 0 2 0.000000e+00 0.000000e+00 0.000000e+00 0.000000e+00 1.041869e-02 3.966202e-04 0.000000e+00 0.000000e+00 8.971188e-01 9.143783e-02 2.179494e-05 0.000000e+00 3.283572e-04 2.778560e-04 2.244977e-13
2.200000e+02 YPH 1 0 2 0.000000e+00 0.000000e+00 0.000000e+00 0.000000e+00 1.069405e-02 4.070134e-04 0.000000e+00 0.000000e+00 8.968589e-01 9.141253e-02 2.177828e-05 0.000000e+00 3.281071e-04 2.776300e-04 2.243393e-13
2.200000e+02 YPH 2 0 2 0.000000e+00 0.000000e+00 0.000000e+00 4.845085e-05 2.832435e-03 1.077862e-04 0.000000e+00 0.000000e+00 9.046756e-01 9.220913e-02 4.403129e-06 0.000000e+00 6.623441e-05 5.592360e-05 4.538795e-14
2.200000e+02 YPH 3 0 2 0.000000e+00 3.972418e-04 0.000000e+00 4.843098e-05 2.829291e-03 1.076683e-04 0.000000e+00 0.000000e+00 9.043182e-01 9.217265e-02 4.401273e-06 0.000000e+00 6.620659e-05 5.590049e-05 4.536873e-14
2.200000e+02 YPH 4 0 2 0.000000e+00 3.972478e-04 0.000000e+00 4.843165e-05 2.830345e-03 1.077093e-04 0.000000e+00 0.000000e+00 9.043172e-01 9.217251e-02 4.401340e-06 0.000000e+00 6.620715e-05 5.590059e-05 4.536947e-14
2.200000e+02 YPH 5 0 2 0.000000e+00 3.972327e-04 0.000000e+00 4.842984e-05 2.825661e-03 1.075315e-04 0.000000e+00 0.000000e+00 9.043217e-01 9.217298e-02 4.401096e-06 0.000000e+00 6.620439e-05 5.589942e-05 4.536674e-14
2.200000e+02 YPH 6 0 2 0.000000e+00 3.972778e-04 0.000000e+00 4.843520e-05 2.838656e-03 1.080261e-04 0.000000e+00 0.000000e+00 9.043095e-01 9.217163e-02 4.401787e-06 0.000000e+00 6.621193e-05 5.590241e-05 4.537444e-14
2.200000e+02 GZS 0 0 2 0.000000e+00 0.000000e+00 0.000000e+00 0.000000e+00 0.000000e+00 2.786609e-04 0.000000e+00 0.000000e+00 9.072483e-01 9.247302e-02 0.000000e+00 0.000000e+00 0.000000e+00 0.000000e+00 0.000000e+00
2.200000e+02 GZS 1 0 2 0.000000e+00 0.000000e+00 0.000000e+00 0.000000e+00 0.000000e+00 0.000000e+00 1.347548e-03 1.347548e-03 9.973049e-01 0.000000e+00 0.000000e+00 0.000000e+00 0.000000e+00 0.000000e+00 0.000000e+00
2.200000e+02 GZS 2 0 2 0.000000e+00 0.000000e+00 0.000000e+00 0.000000e+00 0.000000e+00 0.000000e+00 1.347790e-03 1.347790e-03 9.973044e-01 0.000000e+00 0.000000e+00 0.000000e+00 0.000000e+00 0.000000e+00 0.000000e+00
2.200000e+02 GZS 3 0 2 0.000000e+00 0.000000e+00 0.000000e+00 0.000000e+00 0.000000e+00 0.000000e+00 1.348544e-03 1.348544e-03 9.973029e-01 0.000000e+00 0.000000e+00 0.000000e+00 0.000000e+00 0.000000e+00 0.000000e+00
2.200000e+02 GZS 4 0 2 0.000000e+00 0.000000e+00 0.000000e+00 0.000000e+00 0.000000e+00 0.000000e+00 1.348811e-03 1.348811e-03 9.973024e-01 0.000000e+00 0.000000e+00 0.000000e+00 0.000000e+00 0.000000e+00 0.000000e+00
2.200000e+02 RDG 0 0 2 0.000000e+00 0.000000e+00 0.000000e+00 0.000000e+00 1.634256e-02 4.666237e-04 0.000000e+00 0.000000e+00 8.866051e-01 9.036652e-02 2.270256e-04 0.000000e+00 3.243582e-03 2.748596e-03 2.214404e-12
2.200000e+02 RDG 1 0 2 0.000000e+00 0.000000e+00 0.000000e+00 0.000000e+00 1.664331e-02 4.752057e-04 0.000000e+00 0.000000e+00 8.863270e-01 9.033829e-02 2.269330e-04 0.000000e+00 3.242087e-03 2.747132e-03 2.213573e-12
2.200000e+02 RDG 2 0 2 0.000000e+00 0.000000e+00 0.000000e+00 0.000000e+00 4.081121e-01 7.769116e-04 0.000000e+00 0.000000e+00 0.000000e+00 0.000000e+00 2.144444e-02 0.000000e+00 3.075823e-01 2.620842e-01 2.088112e-10
2.200000e+02 RDG 3 0 2 0.000000e+00 0.000000e+00 0.000000e+00 0.000000e+00 1.093052e-01 2.080873e-04 0.000000e+00 0.000000e+00 0.000000e+00 0.000000e+00 3.230472e-02 0.000000e+00 4.633426e-01 3.948394e-01 3.145034e-10
2.200000e+02 RDG 4 0 2 0.000000e+00 0.000000e+00 0.000000e+00 0.000000e+00 1.408459e-01 2.681319e-04 0.000000e+00 0.000000e+00 0.000000e+00 0.000000e+00 3.115797e-02 0.000000e+00 4.469025e-01 3.808255e-01 3.033544e-10
2.200000e+02 DRE 0 0 1 0.000000e+00 0.000000e+00 0.000000e+00 0.000000e+00 0.000000e+00 0.000000e+00 1.473154e-05 1.473154e-05 9.064268e-01 9.238465e-02 0.000000e+00 0.000000e+00 1.652496e-04 9.938153e-04 1.473154e-13
2.200000e+02 CHI 0 0 1 0.000000e+00 0.000000e+00 0.000000e+00 0.000000e+00 0.000000e+00 0.000000e+00 0.000000e+00 0.000000e+00 0.000000e+00 0.000000e+00 0.000000e+00 0.000000e+00 3.713952e-01 6.286048e-01 3.867223e-12
2.200000e+02 CAL 0 0 1 0.000000e+00 0.000000e+00 0.000000e+00 0.000000e+00 0.000000e+00 0.000000e+00 7.371678e-02 7.371678e-02 0.000000e+00 0.000000e+00 0.000000e+00 0.000000e+00 4.765068e-01 3.760596e-01 3.490163e-10
2.200000e+02 ROT 0 0 1 0.000000e+00 0.000000e+00 0.000000e+00 0.000000e+00 0.000000e+00 0.000000e+00 7.371595e-02 7.371595e-02 0.000000e+00 0.000000e+00 0.000000e+00 0.000000e+00 4.765062e-01 3.760618e-01 3.490122e-10
2.250000e+02 WAE 0 0 2 0.000000e+00 1.721275e-02 9.854646e-02 2.117579e-03 0.000000e+00 2.457865e-04 0.000000e+00 0.000000e+00 8.000429e-01 8.183457e-02 0.000000e+00 0.000000e+00 0.000000e+00 0.000000e+00 0.000000e+00
2.250000e+02 WAE 1 0 2 0.000000e+00 3.742336e-02 9.650861e-02 2.074002e-03 0.000000e+00 2.416559e-04 0.000000e+00 0.000000e+00 7.836000e-01 8.015234e-02 0.000000e+00 0.000000e+00 0.000000e+00 0.000000e+00 0.000000e+00
2.250000e+02 WAE 2 0 2 0.000000e+00 2.616461e-01 6.746535e-01 2.805185e-02 3.552378e-02 1.247694e-04 0.000000e+00 0.000000e+00 0.000000e+00 0.000000e+00 0.000000e+00 0.000000e+00 0.000000e+00 0.000000e+00 0.000000e+00
2.250000e+02 WAE 3 0 2 7.833046e-01 5.169966e-02 1.333115e-01 5.542869e-03 2.604987e-02 9.149760e-05 0.000000e+00 0.000000e+00 0.000000e+00 0.000000e+00 0.000000e+00 0.000000e+00 0.000000e+00 0.000000e+00 0.000000e+00
2.250000e+02 WAE 4 0 2 7.832828e-01 5.169840e-02 1.333074e-01 5.542735e-03 2.607710e-02 9.159400e-05 0.000000e+00 0.000000e+00 0.000000e+00 0.000000e+00 0.000000e+00 0.000000e+00 0.000000e+00 0.000000e+00 0.000000e+00
2.250000e+02 WAE 5 0 2 7.832536e-01 5.169657e-02 1.333022e-01 5.542539e-03 2.611336e-02 9.172172e-05 0.000000e+00 0.000000e+00 0.000000e+00 0.000000e+00 0.000000e+00 0.000000e+00 0.000000e+00 0.000000e+00 0.000000e+00
2.250000e+02 WAE 6 0 2 7.835318e-01 5.171533e-02 1.333486e-01 5.544552e-03 2.576914e-02 9.051380e-05 0.000000e+00 0.000000e+00 0.000000e+00 0.000000e+00 0.000000e+00 0.000000e+00 0.000000e+00 0.000000e+00 0.000000e+00
2.250000e+02 WAE 7 0 2 7.834887e-01 5.171247e-02 1.333413e-01 5.544245e-03 2.582253e-02 9.070133e-05 0.000000e+00 0.000000e+00 0.000000e+00 0.000000e+00 0.000000e+00 0.000000e+00 0.000000e+00 0.000000e+00 0.000000e+00
2.250000e+02 YPH 0 0 2 0.000000e+00 0.000000e+00 0.000000e+00 0.000000e+00 1.048618e-02 3.682541e-04 0.000000e+00 0.000000e+00 8.967627e-01 9.172620e-02 2.206173e-05 0.000000e+00 3.418809e-04 2.926732e-04 2.272450e-13
2.250000e+02 YPH 1 0 2 0.000000e+00 0.000000e+00 0.000000e+00 0.000000e+00 1.076874e-02 3.780851e-04 0.000000e+00 0.000000e+00 8.964968e-01 9.170027e-02 2.204462e-05 0.000000e+00 3.416177e-04 2.924323e-04 2.270823e-13
2.250000e+02 YPH 2 0 2 0.000000e+00 0.000000e+00 0.000000e+00 4.792083e-05 2.854304e-03 1.001978e-04 0.000000e+00 0.000000e+00 9.043607e-01 9.250452e-02 4.457255e-06 0.000000e+00 6.896439e-05 5.890783e-05 4.594582e-14
2.250000e+02 YPH 3 0 2 0.000000e+00 3.893735e-04 0.000000e+00 4.790155e-05 2.851139e-03 1.000883e-04 0.000000e+00 0.000000e+00 9.040106e-01 9.246866e-02 4.455410e-06 0.000000e+00 6.893595e-05 5.888394e-05 4.592671e-14
2.250000e+02 YPH 4 0 2 0.000000e+00 3.893796e-04 0.000000e+00 4.790224e-05 2.852208e-03 1.001267e-04 0.000000e+00 0.000000e+00 9.040096e-01 9.246852e-02 4.455478e-06 0.000000e+00 6.893653e-05 5.888404e-05 4.592746e-14
2.250000e+02 YPH 5 0 2 0.000000e+00 3.893646e-04 0.000000e+00 4.790042e-05 2.847457e-03 9.996041e-05 0.000000e+00 0.000000e+00 9.040141e-01 9.246899e-02 4.455229e-06 0.000000e+00 6.893364e-05 5.888280e-05 4.592467e-14
2.250000e+02 YPH 6 0 2 0.000000e+00 3.894095e-04 0.000000e+00 4.790580e-05 2.860642e-03 1.004233e-04 0.000000e+00 0.000000e+00 9.040017e-01 9.246762e-02 4.455934e-06 0.000000e+00 6.894152e-05 5.888599e-05 4.593254e-14
2.250000e+02 GZS 0 0 2 0.000000e+00 0.000000e+00 0.000000e+00 0.000000e+00 0.000000e+00 2.591659e-04 0.000000e+00 0.000000e+00 9.069680e-01 9.277285e-02 0.000000e+00 0.000000e+00 0.000000e+00 0.000000e+00 0.000000e+00
2.250000e+02 GZS 1 0 2 0.000000e+00 0.000000e+00 0.000000e+00 0.000000e+00 0.000000e+00 0.000000e+00 1.364532e-03 1.364532e-03 9.972709e-01 0.000000e+00 0.000000e+00 0.000000e+00 0.000000e+00 0.000000e+00 0.000000e+00
2.250000e+02 GZS 2 0 2 0.000000e+00 0.000000e+00 0.000000e+00 0.000000e+00 0.000000e+00 0.000000e+00 1.364778e-03 1.364778e-03 9.972704e-01 0.000000e+00 0.000000e+00 0.000000e+00 0.000000e+00 0.000000e+00 0.000000e+00
2.250000e+02 GZS 3 0 2 0.000000e+00 0.000000e+00 0.000000e+00 0.000000e+00 0.000000e+00 0.000000e+00 1.365547e-03 1.365547e-03 9.972689e-01 0.000000e+00 0.000000e+00 0.000000e+00 0.000000e+00 0.000000e+00 0.000000e+00
2.250000e+02 GZS 4 0 2 0.000000e+00 0.000000e+00 0.000000e+00 0.000000e+00 0.000000e+00 0.000000e+00 1.365819e-03 1.365819e-03 9.972684e-01 0.000000e+00 0.000000e+00 0.000000e+00 0.000000e+00 0.000000e+00 0.000000e+00
2.250000e+02 RDG 0 0 2 0.000000e+00 0.000000e+00 0.000000e+00 0.000000e+00 1.643709e-02 4.329541e-04 0.000000e+00 0.000000e+00 8.860036e-01 9.062598e-02 2.297392e-04 0.000000e+00 3.376257e-03 2.894367e-03 2.240864e-12
2.250000e+02 RDG 1 0 2 0.000000e+00 0.000000e+00 0.000000e+00 0.000000e+00 1.674391e-02 4.410310e-04 0.000000e+00 0.000000e+00 8.857208e-01 9.059716e-02 2.296442e-04 0.000000e+00 3.374676e-03 2.892801e-03 2.240011e-12
2.250000e+02 RDG 2 0 2 0.000000e+00 0.000000e+00 0.000000e+00 0.000000e+00 4.005193e-01 7.033651e-04 0.000000e+00 0.000000e+00 0.000000e+00 0.000000e+00 2.103029e-02 0.000000e+00 3.102871e-01 2.674599e-01 2.047782e-10
2.250000e+02 RDG 3 0 2 0.000000e+00 0.000000e+00 0.000000e+00 0.000000e+00 1.065448e-01 1.871126e-04 0.000000e+00 0.000000e+00 0.000000e+00 0.000000e+00 3.137294e-02 0.000000e+00 4.628733e-01 3.990218e-01 3.054296e-10
2.250000e+02 RDG 4 0 2 0.000000e+00 0.000000e+00 0.000000e+00 0.000000e+00 1.373065e-01 2.411354e-04 0.000000e+00 0.000000e+00 0.000000e+00 0.000000e+00 3.029028e-02 0.000000e+00 4.469079e-01 3.852542e-01 2.949048e-10
2.250000e+02 DRE 0 0 1 0.000000e+00 0.000000e+00 0.000000e+00 0.000000e+00 0.000000e+00 0.000000e+00 1.491209e-05 1.491209e-05 9.060775e-01 9.267708e-02 0.000000e+00 0.000000e+00 1.715467e-04 1.044064e-03 1.491209e-13
2.250000e+02 CHI 0 0 1 0.000000e+00 0.000000e+00 0.000000e+00 0.000000e+00 0.000000e+00 0.000000e+00 0.000000e+00 0.000000e+00 0.000000e+00 0.000000e+00 0.000000e+00 0.000000e+00 3.674200e-01 6.325800e-01 3.795548e-12
2.250000e+02 CAL 0 0 1 0.000000e+00 0.000000e+00 0.000000e+00 0.000000e+00 0.000000e+00 0.000000e+00 7.168490e-02 7.168490e-02 0.000000e+00 0.000000e+00 0.000000e+00 0.000000e+00 4.762872e-01 3.803430e-01 3.393963e-10
2.250000e+02 ROT 0 0 1 0.000000e+00 0.000000e+00 0.000000e+00 0.000000e+00 0.000000e+00 0.000000e+00 7.168407e-02 7.168407e-02 0.000000e+00 0.000000e+00 0.000000e+00 0.000000e+00 4.762865e-01 3.803453e-01 3.393921e-10
2.300000e+02 WAE 0 0 2 0.000000e+00 1.672071e-02 1.054184e-01 2.075558e-03 0.000000e+00 2.265833e-04 0.000000e+00 0.000000e+00 7.940437e-01 8.151501e-02 0.000000e+00 0.000000e+00 0.000000e+00 0.000000e+00 0.000000e+00
2.300000e+02 WAE 1 0 2 0.000000e+00 3.725794e-02 1.032048e-01 2.032182e-03 0.000000e+00 2.227108e-04 0.000000e+00 0.000000e+00 7.774692e-01 7.981316e-02 0.000000e+00 0.000000e+00 0.000000e+00 0.000000e+00 0.000000e+00
2.300000e+02 WAE 2 0 2 0.000000e+00 2.488354e-01 6.891898e-01 2.662802e-02 3.523305e-02 1.137412e-04 0.000000e+00 0.000000e+00 0.000000e+00 0.000000e+00 0.000000e+00 0.000000e+00 0.000000e+00 0.000000e+00 0.000000e+00
2.300000e+02 WAE 3 0 2 7.816631e-01 4.963811e-02 1.374845e-01 5.311800e-03 2.581914e-02 8.335387e-05 0.000000e+00 0.000000e+00 0.000000e+00 0.000000e+00 0.000000e+00 0.000000e+00 0.000000e+00 0.000000e+00 0.000000e+00
2.300000e+02 WAE 4 0 2 7.816425e-01 4.963698e-02 1.374804e-01 5.311680e-03 2.584499e-02 8.343803e-05 0.000000e+00 0.000000e+00 0.000000e+00 0.000000e+00 0.000000e+00 0.000000e+00 0.000000e+00 0.000000e+00 0.000000e+00
2.300000e+02 WAE 5 0 2 7.816148e-01 4.963531e-02 1.374754e-01 5.311502e-03 2.587941e-02 8.354948e-05 0.000000e+00 0.000000e+00 0.000000e+00 0.000000e+00 0.000000e+00 0.000000e+00 0.000000e+00 0.000000e+00 0.000000e+00
2.300000e+02 WAE 6 0 2 7.818782e-01 4.965242e-02 1.375208e-01 5.313335e-03 2.555271e-02 8.249586e-05 0.000000e+00 0.000000e+00 0.000000e+00 0.000000e+00 0.000000e+00 0.000000e+00 0.000000e+00 0.000000e+00 0.000000e+00
2.300000e+02 WAE 7 0 2 7.818374e-01 4.964982e-02 1.375137e-01 5.313056e-03 2.560338e-02 8.265945e-05 0.000000e+00 0.000000e+00 0.000000e+00 0.000000e+00 0.000000e+00 0.000000e+00 0.000000e+00 0.000000e+00 0.000000e+00
2.300000e+02 YPH 0 0 2 0.000000e+00 0.000000e+00 0.000000e+00 0.000000e+00 1.055686e-02 3.407590e-04 0.000000e+00 0.000000e+00 8.963948e-01 9.202045e-02 2.234200e-05 0.000000e+00 3.562923e-04 3.084854e-04 2.301309e-13
2.300000e+02 YPH 1 0 2 0.000000e+00 0.000000e+00 0.000000e+00 0.000000e+00 1.084723e-02 3.500373e-04 0.000000e+00 0.000000e+00 8.961223e-01 9.199384e-02 2.232440e-05 0.000000e+00 3.560149e-04 3.082281e-04 2.299636e-13
2.300000e+02 YPH 2 0 2 0.000000e+00 0.000000e+00 0.000000e+00 4.730954e-05 2.877477e-03 9.284036e-05 0.000000e+00 0.000000e+00 9.040376e-01 9.280628e-02 4.514128e-06 0.000000e+00 7.187394e-05 6.209272e-05 4.653200e-14
2.300000e+02 YPH 3 0 2 0.000000e+00 3.809816e-04 0.000000e+00 4.729092e-05 2.874290e-03 9.273909e-05 0.000000e+00 0.000000e+00 9.036952e-01 9.277108e-02 4.512297e-06 0.000000e+00 7.184488e-05 6.206804e-05 4.651302e-14
2.300000e+02 YPH 4 0 2 0.000000e+00 3.809876e-04 0.000000e+00 4.729161e-05 2.875375e-03 9.277497e-05 0.000000e+00 0.000000e+00 9.036942e-01 9.277093e-02 4.512366e-06 0.000000e+00 7.184548e-05 6.206815e-05 4.651378e-14
2.300000e+02 YPH 5 0 2 0.000000e+00 3.809728e-04 0.000000e+00 4.728979e-05 2.870554e-03 9.261991e-05 0.000000e+00 0.000000e+00 9.036987e-01 9.277141e-02 4.512111e-06 0.000000e+00 7.184245e-05 6.206682e-05 4.651093e-14
2.300000e+02 YPH 6 0 2 0.000000e+00 3.810173e-04 0.000000e+00 4.729518e-05 2.883937e-03 9.305168e-05 0.000000e+00 0.000000e+00 9.036862e-01 9.277003e-02 4.512832e-06 0.000000e+00 7.185071e-05 6.207023e-05 4.651897e-14
2.300000e+02 GZS 0 0 2 0.000000e+00 0.000000e+00 0.000000e+00 0.000000e+00 0.000000e+00 2.402541e-04 0.000000e+00 0.000000e+00 9.066806e-01 9.307919e-02 0.000000e+00 0.000000e+00 0.000000e+00 0.000000e+00 0.000000e+00
2.300000e+02 GZS 1 0 2 0.000000e+00 0.000000e+00 0.000000e+00 0.000000e+00 0.000000e+00 0.000000e+00 1.382377e-03 1.382377e-03 9.972352e-01 0.000000e+00 0.000000e+00 0.000000e+00 0.000000e+00 0.000000e+00 0.000000e+00
2.300000e+02 GZS 2 0 2 0.000000e+00 0.000000e+00 0.000000e+00 0.000000e+00 0.000000e+00 0.000000e+00 1.382628e-03 1.382628e-03 9.972347e-01 0.000000e+00 0.000000e+00 0.000000e+00 0.000000e+00 0.000000e+00 0.000000e+00
2.300000e+02 GZS 3 0 2 0.000000e+00 0.000000e+00 0.000000e+00 0.000000e+00 0.000000e+00 0.000000e+00 1.383412e-03 1.383412e-03 9.972332e-01 0.000000e+00 0.000000e+00 0.000000e+00 0.000000e+00 0.000000e+00 0.000000e+00
2.300000e+02 GZS 4 0 2 0.000000e+00 0.000000e+00 0.000000e+00 0.000000e+00 0.000000e+00 0.000000e+00 1.383690e-03 1.383690e-03 9.972326e-01 0.000000e+00 0.000000e+00 0.000000e+00 0.000000e+00 0.000000e+00 0.000000e+00
2.300000e+02 RDG 0 0 2 0.000000e+00 0.000000e+00 0.000000e+00 0.000000e+00 1.653572e-02 4.003358e-04 0.000000e+00 0.000000e+00 8.853745e-01 9.088944e-02 2.325872e-04 0.000000e+00 3.517559e-03 3.049839e-03 2.268633e-12
2.300000e+02 RDG 1 0 2 0.000000e+00 0.000000e+00 0.000000e+00 0.000000e+00 1.684904e-02 4.079168e-04 0.000000e+00 0.000000e+00 8.850865e-01 9.085999e-02 2.324896e-04 0.000000e+00 3.515883e-03 3.048159e-03 2.267757e-12
2.300000e+02 RDG 2 0 2 0.000000e+00 0.000000e+00 0.000000e+00 0.000000e+00 3.928799e-01 6.341553e-04 0.000000e+00 0.000000e+00 0.000000e+00 0.000000e+00 2.061381e-02 0.000000e+00 3.130063e-01 2.728658e-01 2.007225e-10
2.300000e+02 RDG 3 0 2 0.000000e+00 0.000000e+00 0.000000e+00 0.000000e+00 1.038216e-01 1.675858e-04 0.000000e+00 0.000000e+00 0.000000e+00 0.000000e+00 3.045406e-02 0.000000e+00 4.624098e-01 4.031470e-01 2.964815e-10
2.300000e+02 RDG 4 0 2 0.000000e+00 0.000000e+00 0.000000e+00 0.000000e+00 1.338075e-01 2.159878e-04 0.000000e+00 0.000000e+00 0.000000e+00 0.000000e+00 2.943286e-02 0.000000e+00 4.469126e-01 3.896311e-01 2.865552e-10
2.300000e+02 DRE 0 0 1 0.000000e+00 0.000000e+00 0.000000e+00 0.000000e+00 0.000000e+00 0.000000e+00 1.510179e-05 1.510179e-05 9.057184e-01 9.297570e-02 0.000000e+00 0.000000e+00 1.782530e-04 1.097467e-03 1.510179e-13
2.300000e+02 CHI 0 0 1 0.000000e+00 0.000000e+00 0.000000e+00 0.000000e+00 0.000000e+00 0.000000e+00 0.000000e+00 0.000000e+00 0.000000e+00 0.000000e+00 0.000000e+00 0.000000e+00 3.634905e-01 6.365095e-01 3.724963e-12
2.300000e+02 CAL 0 0 1 0.000000e+00 0.000000e+00 0.000000e+00 0.000000e+00 0.000000e+00 0.000000e+00 6.967700e-02 6.967700e-02 0.000000e+00 0.000000e+00 0.000000e+00 0.000000e+00 4.760757e-01 3.845703e-01 3.298898e-10
2.300000e+02 ROT 0 0 1 0.000000e+00 0.000000e+00 0.000000e+00 0.000000e+00 0.000000e+00 0.000000e+00 6.967616e-02 6.967616e-02 0.000000e+00 0.000000e+00 0.000000e+00 0.000000e+00 4.760751e-01 3.845726e-01 3.298856e-10
2.350000e+02 WAE 0 0 2 0.000000e+00 1.620795e-02 1.124751e-01 2.029894e-03 0.000000e+00 2.081355e-04 0.000000e+00 0.000000e+00 7.878965e-01 8.118247e-02 0.000000e+00 0.000000e+00 0.000000e+00 0.000000e+00 0.000000e+00
2.350000e+02 WAE 1 0 2 0.000000e+00 3.708139e-02 1.100764e-01 1.986806e-03 0.000000e+00 2.045172e-04 0.000000e+00 0.000000e+00 7.711901e-01 7.946076e-02 0.000000e+00 0.000000e+00 0.000000e+00 0.000000e+00 0.000000e+00
2.350000e+02 WAE 2 0 2 0.000000e+00 2.368001e-01 7.028599e-01 2.528051e-02 3.495619e-02 1.033283e-04 0.000000e+00 0.000000e+00 0.000000e+00 0.000000e+00 0.000000e+00 0.000000e+00 0.000000e+00 0.000000e+00 0.000000e+00
2.350000e+02 WAE 3 0 2 4.209750e-01 1.335163e-01 4.004791e-01 1.424829e-02 3.069081e-02 9.052176e-05 0.000000e+00 0.000000e+00 0.000000e+00 0.000000e+00 0.000000e+00 0.000000e+00 0.000000e+00 0.000000e+00 0.000000e+00
2.350000e+02 WAE 4 0 2 7.801755e-01 4.764148e-02 1.414095e-01 5.086149e-03 2.561169e-02 7.571028e-05 0.000000e+00 0.000000e+00 0.000000e+00 0.000000e+00 0.000000e+00 0.000000e+00 0.000000e+00 0.000000e+00 0.000000e+00
2.350000e+02 WAE 5 0 2 7.801493e-01 4.763997e-02 1.414046e-01 5.085988e-03 2.564434e-02 7.580714e-05 0.000000e+00 0.000000e+00 0.000000e+00 0.000000e+00 0.000000e+00 0.000000e+00 0.000000e+00 0.000000e+00 0.000000e+00
2.350000e+02 WAE 6 0 2 7.803985e-01 4.765556e-02 1.414490e-01 5.087655e-03 2.533439e-02 7.489192e-05 0.000000e+00 0.000000e+00 0.000000e+00 0.000000e+00 0.000000e+00 0.000000e+00 0.000000e+00 0.000000e+00 0.000000e+00
2.350000e+02 WAE 7 0 2 7.803599e-01 4.765319e-02 1.414420e-01 5.087402e-03 2.538246e-02 7.503403e-05 0.000000e+00 0.000000e+00 0.000000e+00 0.000000e+00 0.000000e+00 0.000000e+00 0.000000e+00 0.000000e+00 0.000000e+00
2.350000e+02 YPH 0 0 2 0.000000e+00 0.000000e+00 0.000000e+00 0.000000e+00 1.063084e-02 3.142051e-04 0.000000e+00 0.000000e+00 8.960145e-01 9.232079e-02 2.263655e-05 0.000000e+00 3.716390e-04 3.253412e-04 2.331639e-13
2.350000e+02 YPH 1 0 2 0.000000e+00 0.000000e+00 0.000000e+00 0.000000e+00 1.092969e-02 3.229413e-04 0.000000e+00 0.000000e+00 8.957349e-01 9.229344e-02 2.261844e-05 0.000000e+00 3.713461e-04 3.250658e-04 2.329917e-13
2.350000e+02 YPH 2 0 2 0.000000e+00 0.000000e+00 0.000000e+00 4.661433e-05 2.902024e-03 8.573174e-05 0.000000e+00 0.000000e+00 9.037060e-01 9.311463e-02 4.573919e-06 0.000000e+00 7.497274e-05 6.548814e-05 4.714823e-14
2.350000e+02 YPH 3 0 2 0.000000e+00 3.720604e-04 0.000000e+00 4.659640e-05 2.898815e-03 8.563844e-05 0.000000e+00 0.000000e+00 9.033718e-01 9.308015e-02 4.572102e-06 0.000000e+00 7.494308e-05 6.546268e-05 4.712941e-14
2.350000e+02 YPH 4 0 2 0.000000e+00 3.720665e-04 0.000000e+00 4.659710e-05 2.899916e-03 8.567181e-05 0.000000e+00 0.000000e+00 9.033708e-01 9.308000e-02 4.572172e-06 0.000000e+00 7.494370e-05 6.546280e-05 4.713018e-14
2.350000e+02 YPH 5 0 2 0.000000e+00 3.720518e-04 0.000000e+00 4.659528e-05 2.895024e-03 8.552775e-05 0.000000e+00 0.000000e+00 9.033753e-01 9.308049e-02 4.571911e-06 0.000000e+00 7.494052e-05 6.546137e-05 4.712727e-14
2.350000e+02 YPH 6 0 2 0.000000e+00 3.720960e-04 0.000000e+00 4.660069e-05 2.908611e-03 8.592910e-05 0.000000e+00 0.000000e+00 9.033627e-01 9.307907e-02 4.572648e-06 0.000000e+00 7.494919e-05 6.546503e-05 4.713548e-14
2.350000e+02 GZS 0 0 2 0.000000e+00 0.000000e+00 0.000000e+00 0.000000e+00 0.000000e+00 2.219718e-04 0.000000e+00 0.000000e+00 9.063857e-01 9.339228e-02 0.000000e+00 0.000000e+00 0.000000e+00 0.000000e+00 0.000000e+00
2.350000e+02 GZS 1 0 2 0.000000e+00 0.000000e+00 0.000000e+00 0.000000e+00 0.000000e+00 0.000000e+00 1.401138e-03 1.401138e-03 9.971977e-01 0.000000e+00 0.000000e+00 0.000000e+00 0.000000e+00 0.000000e+00 0.000000e+00
2.350000e+02 GZS 2 0 2 0.000000e+00 0.000000e+00 0.000000e+00 0.000000e+00 0.000000e+00 0.000000e+00 1.401393e-03 1.401393e-03 9.971972e-01 0.000000e+00 0.000000e+00 0.000000e+00 0.000000e+00 0.000000e+00 0.000000e+00
2.350000e+02 GZS 3 0 2 0.000000e+00 0.000000e+00 0.000000e+00 0.000000e+00 0.000000e+00 0.000000e+00 1.402193e-03 1.402193e-03 9.971956e-01 0.000000e+00 0.000000e+00 0.000000e+00 0.000000e+00 0.000000e+00 0.000000e+00
2.350000e+02 GZS 4 0 2 0.000000e+00 0.000000e+00 0.000000e+00 0.000000e+00 0.000000e+00 0.000000e+00 1.402478e-03 1.402478e-03 9.971950e-01 0.000000e+00 0.000000e+00 0.000000e+00 0.000000e+00 0.000000e+00 0.000000e+00
2.350000e+02 RDG 0 0 2 0.000000e+00 0.000000e+00 0.000000e+00 0.000000e+00 1.663863e-02 3.688532e-04 0.000000e+00 0.000000e+00 8.847165e-01 9.115700e-02 2.355776e-04 0.000000e+00 3.667938e-03 3.215471e-03 2.297792e-12
2.350000e+02 RDG 1 0 2 0.000000e+00 0.000000e+00 0.000000e+00 0.000000e+00 1.695890e-02 3.759488e-04 0.000000e+00 0.000000e+00 8.844230e-01 9.112687e-02 2.354772e-04 0.000000e+00 3.666159e-03 3.213668e-03 2.296890e-12
2.350000e+02 RDG 2 0 2 0.000000e+00 0.000000e+00 0.000000e+00 0.000000e+00 3.852185e-01 5.693390e-04 0.000000e+00 0.000000e+00 0.000000e+00 0.000000e+00 2.019635e-02 0.000000e+00 3.157328e-01 2.782830e-01 1.966573e-10
2.350000e+02 RDG 3 0 2 0.000000e+00 0.000000e+00 0.000000e+00 0.000000e+00 1.011432e-01 1.494910e-04 0.000000e+00 0.000000e+00 0.000000e+00 0.000000e+00 2.955070e-02 0.000000e+00 4.619558e-01 4.072008e-01 2.876844e-10
2.350000e+02 RDG 4 0 2 0.000000e+00 0.000000e+00 0.000000e+00 0.000000e+00 1.303592e-01 1.926723e-04 0.000000e+00 0.000000e+00 0.000000e+00 0.000000e+00 2.858823e-02 0.000000e+00 4.469189e-01 3.939410e-01 2.783301e-10
2.350000e+02 DRE 0 0 1 0.000000e+00 0.000000e+00 0.000000e+00 0.000000e+00 0.000000e+00 0.000000e+00 1.530121e-05 1.530121e-05 9.053491e-01 9.328072e-02 0.000000e+00 0.000000e+00 1.853938e-04 1.154189e-03 1.530121e-13
2.350000e+02 CHI 0 0 1 0.000000e+00 0.000000e+00 0.000000e+00 0.000000e+00 0.000000e+00 0.000000e+00 0.000000e+00 0.000000e+00 0.000000e+00 0.000000e+00 0.000000e+00 0.000000e+00 3.596046e-01 6.403954e-01 3.655445e-12
2.350000e+02 CAL 0 0 1 0.000000e+00 0.000000e+00 0.000000e+00 0.000000e+00 0.000000e+00 0.000000e+00 6.769859e-02 6.769859e-02 0.000000e+00 0.000000e+00 0.000000e+00 0.000000e+00 4.758758e-01 3.887271e-01 3.205230e-10
2.350000e+02 ROT 0 0 1 0.000000e+00 0.000000e+00 0.000000e+00 0.000000e+00 0.000000e+00 0.000000e+00 6.769775e-02 6.769775e-02 0.000000e+00 0.000000e+00 0.000000e+00 0.000000e+00 4.758751e-01 3.887294e-01 3.205187e-10
2.400000e+02 WAE 0 0 2 0.000000e+00 1.567232e-02 1.196506e-01 1.980237e-03 0.000000e+00 1.904942e-04 0.000000e+00 0.000000e+00 7.816630e-01 8.084331e-02 0.000000e+00 0.000000e+00 0.000000e+00 0.000000e+00 0.000000e+00
2.400000e+02 WAE 1 0 2 0.000000e+00 3.688758e-02 1.170591e-01 1.937543e-03 0.000000e+00 1.871259e-04 0.000000e+00 0.000000e+00 7.648270e-01 7.910169e-02 0.000000e+00 0.000000e+00 0.000000e+00 0.000000e+00 0.000000e+00
2.400000e+02 WAE 2 0 2 0.000000e+00 2.255425e-01 7.156582e-01 2.401013e-02 3.469569e-02 9.353707e-05 0.000000e+00 0.000000e+00 0.000000e+00 0.000000e+00 0.000000e+00 0.000000e+00 0.000000e+00 0.000000e+00 0.000000e+00
2.400000e+02 WAE 3 0 2 0.000000e+00 2.251538e-01 7.144292e-01 2.396875e-02 3.635022e-02 9.799800e-05 0.000000e+00 0.000000e+00 0.000000e+00 0.000000e+00 0.000000e+00 0.000000e+00 0.000000e+00 0.000000e+00 0.000000e+00
2.400000e+02 WAE 4 0 2 7.789726e-01 4.570154e-02 1.450147e-01 4.865158e-03 2.537764e-02 6.841988e-05 0.000000e+00 0.000000e+00 0.000000e+00 0.000000e+00 0.000000e+00 0.000000e+00 0.000000e+00 0.000000e+00 0.000000e+00
2.400000e+02 WAE 5 0 2 7.789478e-01 4.570017e-02 1.450099e-01 4.865013e-03 2.540861e-02 6.850370e-05 0.000000e+00 0.000000e+00 0.000000e+00 0.000000e+00 0.000000e+00 0.000000e+00 0.000000e+00 0.000000e+00 0.000000e+00
2.400000e+02 WAE 6 0 2 7.791837e-01 4.571437e-02 1.450531e-01 4.866527e-03 2.511462e-02 6.771204e-05 0.000000e+00 0.000000e+00 0.000000e+00 0.000000e+00 0.000000e+00 0.000000e+00 0.000000e+00 0.000000e+00 0.000000e+00
2.400000e+02 WAE 7 0 2 7.791471e-01 4.571222e-02 1.450463e-01 4.866298e-03 2.516021e-02 6.783498e-05 0.000000e+00 0.000000e+00 0.000000e+00 0.000000e+00 0.000000e+00 0.000000e+00 0.000000e+00 0.000000e+00 0.000000e+00
2.400000e+02 YPH 0 0 2 0.000000e+00 0.000000e+00 0.000000e+00 0.000000e+00 1.070826e-02 2.886581e-04 0.000000e+00 0.000000e+00 8.956214e-01 9.262746e-02 2.294628e-05 0.000000e+00 3.879489e-04 3.432779e-04 2.363529e-13
2.400000e+02 YPH 1 0 2 0.000000e+00 0.000000e+00 0.000000e+00 0.000000e+00 1.101630e-02 2.968636e-04 0.000000e+00 0.000000e+00 8.953340e-01 9.259930e-02 2.292760e-05 0.000000e+00 3.876392e-04 3.429829e-04 2.361756e-13
2.400000e+02 YPH 2 0 2 0.000000e+00 0.000000e+00 0.000000e+00 4.582116e-05 2.928010e-03 7.888848e-05 0.000000e+00 0.000000e+00 9.033654e-01 9.342983e-02 4.636803e-06 0.000000e+00 7.826654e-05 6.910171e-05 4.779635e-14
2.400000e+02 YPH 3 0 2 0.000000e+00 3.625147e-04 0.000000e+00 4.580398e-05 2.924778e-03 7.880287e-05 0.000000e+00 0.000000e+00 9.030400e-01 9.339612e-02 4.635004e-06 0.000000e+00 7.823630e-05 6.907550e-05 4.777771e-14
2.400000e+02 YPH 4 0 2 0.000000e+00 3.625207e-04 0.000000e+00 4.580468e-05 2.925897e-03 7.883381e-05 0.000000e+00 0.000000e+00 9.030390e-01 9.339597e-02 4.635076e-06 0.000000e+00 7.823695e-05 6.907563e-05 4.777850e-14
2.400000e+02 YPH 5 0 2 0.000000e+00 3.625062e-04 0.000000e+00 4.580287e-05 2.920930e-03 7.870046e-05 0.000000e+00 0.000000e+00 9.030436e-01 9.339647e-02 4.634808e-06 0.000000e+00 7.823361e-05 6.907409e-05 4.777552e-14
2.400000e+02 YPH 6 0 2 0.000000e+00 3.625500e-04 0.000000e+00 4.580828e-05 2.934729e-03 7.907216e-05 0.000000e+00 0.000000e+00 9.030308e-01 9.339503e-02 4.635563e-06 0.000000e+00 7.824272e-05 6.907802e-05 4.778392e-14
2.400000e+02 GZS 0 0 2 0.000000e+00 0.000000e+00 0.000000e+00 0.000000e+00 0.000000e+00 2.043621e-04 0.000000e+00 0.000000e+00 9.060832e-01 9.371239e-02 0.000000e+00 0.000000e+00 0.000000e+00 0.000000e+00 0.000000e+00
2.400000e+02 GZS 1 0 2 0.000000e+00 0.000000e+00 0.000000e+00 0.000000e+00 0.000000e+00 0.000000e+00 1.420870e-03 1.420870e-03 9.971583e-01 0.000000e+00 0.000000e+00 0.000000e+00 0.000000e+00 0.000000e+00 0.000000e+00
2.400000e+02 GZS 2 0 2 0.000000e+00 0.000000e+00 0.000000e+00 0.000000e+00 0.000000e+00 0.000000e+00 1.421130e-03 1.421130e-03 9.971577e-01 0.000000e+00 0.000000e+00 0.000000e+00 0.000000e+00 0.000000e+00 0.000000e+00
2.400000e+02 GZS 3 0 2 0.000000e+00 0.000000e+00 0.000000e+00 0.000000e+00 0.000000e+00 0.000000e+00 1.421948e-03 1.421948e-03 9.971561e-01 0.000000e+00 0.000000e+00 0.000000e+00 0.000000e+00 0.000000e+00 0.000000e+00
2.400000e+02 GZS 4 0 2 0.000000e+00 0.000000e+00 0.000000e+00 0.000000e+00 0.000000e+00 0.000000e+00 1.422239e-03 1.422239e-03 9.971555e-01 0.000000e+00 0.000000e+00 0.000000e+00 0.000000e+00 0.000000e+00 0.000000e+00
2.400000e+02 RDG 0 0 2 0.000000e+00 0.000000e+00 0.000000e+00 0.000000e+00 1.674596e-02 3.385850e-04 0.000000e+00 0.000000e+00 8.840287e-01 9.142881e-02 2.387192e-04 0.000000e+00 3.827648e-03 3.391609e-03 2.328422e-12
2.400000e+02 RDG 1 0 2 0.000000e+00 0.000000e+00 0.000000e+00 0.000000e+00 1.707366e-02 3.452066e-04 0.000000e+00 0.000000e+00 8.837291e-01 9.139795e-02 2.386157e-04 0.000000e+00 3.825756e-03 3.389671e-03 2.327493e-12
2.400000e+02 RDG 2 0 2 0.000000e+00 0.000000e+00 0.000000e+00 0.000000e+00 3.775690e-01 5.089485e-04 0.000000e+00 0.000000e+00 0.000000e+00 0.000000e+00 1.977974e-02 0.000000e+00 3.184512e-01 2.836911e-01 1.926003e-10
2.400000e+02 RDG 3 0 2 0.000000e+00 0.000000e+00 0.000000e+00 0.000000e+00 9.852023e-02 1.328061e-04 0.000000e+00 0.000000e+00 0.000000e+00 0.000000e+00 2.866636e-02 0.000000e+00 4.615080e-01 4.111726e-01 2.790725e-10
2.400000e+02 RDG 4 0 2 0.000000e+00 0.000000e+00 0.000000e+00 0.000000e+00 1.269755e-01 1.711638e-04 0.000000e+00 0.000000e+00 0.000000e+00 0.000000e+00 2.775975e-02 0.000000e+00 4.469217e-01 3.981718e-01 2.702623e-10
2.400000e+02 DRE 0 0 1 0.000000e+00 0.000000e+00 0.000000e+00 0.000000e+00 0.000000e+00 0.000000e+00 1.551095e-05 1.551095e-05 9.049692e-01 9.359240e-02 0.000000e+00 0.000000e+00 1.929905e-04 1.214352e-03 1.551095e-13
2.400000e+02 CHI 0 0 1 0.000000e+00 0.000000e+00 0.000000e+00 0.000000e+00 0.000000e+00 0.000000e+00 0.000000e+00 0.000000e+00 0.000000e+00 0.000000e+00 0.000000e+00 0.000000e+00 3.557607e-01 6.442393e-01 3.586973e-12
2.400000e+02 CAL 0 0 1 0.000000e+00 0.000000e+00 0.000000e+00 0.000000e+00 0.000000e+00 0.000000e+00 6.575719e-02 6.575719e-02 0.000000e+00 0.000000e+00 0.000000e+00 0.000000e+00 4.756851e-01 3.928005e-01 3.113313e-10
2.400000e+02 ROT 0 0 1 0.000000e+00 0.000000e+00 0.000000e+00 0.000000e+00 0.000000e+00 0.000000e+00 6.575635e-02 6.575635e-02 0.000000e+00 0.000000e+00 0.000000e+00 0.000000e+00 4.756845e-01 3.928028e-01 3.113271e-10
2.450000e+02 WAE 0 0 2 0.000000e+00 1.512004e-02 1.269307e-01 1.927293e-03 0.000000e+00 1.736940e-04 0.000000e+00 0.000000e+00 7.753501e-01 8.049822e-02 0.000000e+00 0.000000e+00 0.000000e+00 0.000000e+00 0.000000e+00
2.450000e+02 WAE 1 0 2 0.000000e+00 3.668907e-02 1.241377e-01 1.885077e-03 0.000000e+00 1.705694e-04 0.000000e+00 0.000000e+00 7.583814e-01 7.873614e-02 0.000000e+00 0.000000e+00 0.000000e+00 0.000000e+00 0.000000e+00
2.450000e+02 WAE 2 0 2 0.000000e+00 2.150611e-01 7.275872e-01 2.281723e-02 3.445009e-02 8.436007e-05 0.000000e+00 0.000000e+00 0.000000e+00 0.000000e+00 0.000000e+00 0.000000e+00 0.000000e+00 0.000000e+00 0.000000e+00
2.450000e+02 WAE 3 0 2 0.000000e+00 2.147060e-01 7.263894e-01 2.277955e-02 3.603679e-02 8.824594e-05 0.000000e+00 0.000000e+00 0.000000e+00 0.000000e+00 0.000000e+00 0.000000e+00 0.000000e+00 0.000000e+00 0.000000e+00
2.450000e+02 WAE 4 0 2 7.780203e-01 4.383229e-02 1.482923e-01 4.650451e-03 2.514310e-02 6.157295e-05 0.000000e+00 0.000000e+00 0.000000e+00 0.000000e+00 0.000000e+00 0.000000e+00 0.000000e+00 0.000000e+00 0.000000e+00
2.450000e+02 WAE 5 0 2 7.779968e-01 4.383105e-02 1.482877e-01 4.650321e-03 2.517248e-02 6.164518e-05 0.000000e+00 0.000000e+00 0.000000e+00 0.000000e+00 0.000000e+00 0.000000e+00 0.000000e+00 0.000000e+00 0.000000e+00
2.450000e+02 WAE 6 0 2 7.782201e-01 4.384398e-02 1.483296e-01 4.651695e-03 2.489368e-02 6.096334e-05 0.000000e+00 0.000000e+00 0.000000e+00 0.000000e+00 0.000000e+00 0.000000e+00 0.000000e+00 0.000000e+00 0.000000e+00
2.450000e+02 WAE 7 0 2 7.781855e-01 4.384202e-02 1.483230e-01 4.651487e-03 2.493691e-02 6.106923e-05 0.000000e+00 0.000000e+00 0.000000e+00 0.000000e+00 0.000000e+00 0.000000e+00 0.000000e+00 0.000000e+00 0.000000e+00
2.450000e+02 YPH 0 0 2 0.000000e+00 0.000000e+00 0.000000e+00 0.000000e+00 1.078928e-02 2.641815e-04 0.000000e+00 0.000000e+00 8.952148e-01 9.294069e-02 2.327205e-05 0.000000e+00 4.053315e-04 3.624265e-04 2.397072e-13
2.450000e+02 YPH 1 0 2 0.000000e+00 0.000000e+00 0.000000e+00 0.000000e+00 1.110729e-02 2.718688e-04 0.000000e+00 0.000000e+00 8.949188e-01 9.291164e-02 2.325279e-05 0.000000e+00 4.050034e-04 3.621100e-04 2.395243e-13
2.450000e+02 YPH 2 0 2 0.000000e+00 0.000000e+00 0.000000e+00 4.494352e-05 2.955518e-03 7.232693e-05 0.000000e+00 0.000000e+00 9.030156e-01 9.375214e-02 4.702968e-06 0.000000e+00 8.177746e-05 7.295976e-05 4.847828e-14
2.450000e+02 YPH 3 0 2 0.000000e+00 3.524683e-04 0.000000e+00 4.492712e-05 2.952264e-03 7.224871e-05 0.000000e+00 0.000000e+00 9.026994e-01 9.371926e-02 4.701189e-06 0.000000e+00 8.174666e-05 7.293280e-05 4.845984e-14
2.450000e+02 YPH 4 0 2 0.000000e+00 3.524743e-04 0.000000e+00 4.492783e-05 2.953401e-03 7.227728e-05 0.000000e+00 0.000000e+00 9.026984e-01 9.371911e-02 4.701262e-06 0.000000e+00 8.174734e-05 7.293294e-05 4.846064e-14
2.450000e+02 YPH 5 0 2 0.000000e+00 3.524600e-04 0.000000e+00 4.492603e-05 2.948357e-03 7.215431e-05 0.000000e+00 0.000000e+00 9.027031e-01 9.371961e-02 4.700988e-06 0.000000e+00 8.174381e-05 7.293129e-05 4.845759e-14
2.450000e+02 YPH 6 0 2 0.000000e+00 3.525033e-04 0.000000e+00 4.493143e-05 2.962376e-03 7.249725e-05 0.000000e+00 0.000000e+00 9.026901e-01 9.371816e-02 4.701761e-06 0.000000e+00 8.175341e-05 7.293551e-05 4.846619e-14
2.450000e+02 GZS 0 0 2 0.000000e+00 0.000000e+00 0.000000e+00 0.000000e+00 0.000000e+00 1.874676e-04 0.000000e+00 0.000000e+00 9.057727e-01 9.403980e-02 0.000000e+00 0.000000e+00 0.000000e+00 0.000000e+00 0.000000e+00
2.450000e+02 GZS 1 0 2 0.000000e+00 0.000000e+00 0.000000e+00 0.000000e+00 0.000000e+00 0.000000e+00 1.441633e-03 1.441633e-03 9.971167e-01 0.000000e+00 0.000000e+00 0.000000e+00 0.000000e+00 0.000000e+00 0.000000e+00
2.450000e+02 GZS 2 0 2 0.000000e+00 0.000000e+00 0.000000e+00 0.000000e+00 0.000000e+00 0.000000e+00 1.441897e-03 1.441897e-03 9.971162e-01 0.000000e+00 0.000000e+00 0.000000e+00 0.000000e+00 0.000000e+00 0.000000e+00
2.450000e+02 GZS 3 0 2 0.000000e+00 0.000000e+00 0.000000e+00 0.000000e+00 0.000000e+00 0.000000e+00 1.442733e-03 1.442733e-03 9.971145e-01 0.000000e+00 0.000000e+00 0.000000e+00 0.000000e+00 0.000000e+00 0.000000e+00
2.450000e+02 GZS 4 0 2 0.000000e+00 0.000000e+00 0.000000e+00 0.000000e+00 0.000000e+00 0.000000e+00 1.443032e-03 1.443032e-03 9.971139e-01 0.000000e+00 0.000000e+00 0.000000e+00 0.000000e+00 0.000000e+00 0.000000e+00
2.450000e+02 RDG 0 0 2 0.000000e+00 0.000000e+00 0.000000e+00 0.000000e+00 1.685793e-02 3.096059e-04 0.000000e+00 0.000000e+00 8.833083e-01 9.170487e-02 2.420201e-04 0.000000e+00 3.997743e-03 3.579521e-03 2.360606e-12
2.450000e+02 RDG 1 0 2 0.000000e+00 0.000000e+00 0.000000e+00 0.000000e+00 1.719358e-02 3.157665e-04 0.000000e+00 0.000000e+00 8.830024e-01 9.167322e-02 2.419133e-04 0.000000e+00 3.995728e-03 3.577435e-03 2.359647e-12
2.450000e+02 RDG 2 0 2 0.000000e+00 0.000000e+00 0.000000e+00 0.000000e+00 3.699124e-01 4.529129e-04 0.000000e+00 0.000000e+00 0.000000e+00 0.000000e+00 1.936295e-02 0.000000e+00 3.211671e-01 2.891046e-01 1.885416e-10
2.450000e+02 RDG 3 0 2 0.000000e+00 0.000000e+00 0.000000e+00 0.000000e+00 9.594455e-02 1.174767e-04 0.000000e+00 0.000000e+00 0.000000e+00 0.000000e+00 2.779832e-02 0.000000e+00 4.610634e-01 4.150763e-01 2.706193e-10
2.450000e+02 RDG 4 0 2 0.000000e+00 0.000000e+00 0.000000e+00 0.000000e+00 1.236464e-01 1.513952e-04 0.000000e+00 0.000000e+00 0.000000e+00 0.000000e+00 2.694496e-02 0.000000e+00 4.469197e-01 4.023375e-01 2.623277e-10
2.450000e+02 DRE 0 0 1 0.000000e+00 0.000000e+00 0.000000e+00 0.000000e+00 0.000000e+00 0.000000e+00 1.573161e-05 1.573161e-05 9.045783e-01 9.391099e-02 0.000000e+00 0.000000e+00 2.010718e-04 1.278159e-03 1.573161e-13
2.450000e+02 CHI 0 0 1 0.000000e+00 0.000000e+00 0.000000e+00 0.000000e+00 0.000000e+00 0.000000e+00 0.000000e+00 0.000000e+00 0.000000e+00 0.000000e+00 0.000000e+00 0.000000e+00 3.519576e-01 6.480424e-01 3.519531e-12
2.450000e+02 CAL 0 0 1 0.000000e+00 0.000000e+00 0.000000e+00 0.000000e+00 0.000000e+00 0.000000e+00 6.384881e-02 6.384881e-02 0.000000e+00 0.000000e+00 0.000000e+00 0.000000e+00 4.755005e-01 3.968019e-01 3.022960e-10
2.450000e+02 ROT 0 0 1 0.000000e+00 0.000000e+00 0.000000e+00 0.000000e+00 0.000000e+00 0.000000e+00 6.384796e-02 6.384796e-02 0.000000e+00 0.000000e+00 0.000000e+00 0.000000e+00 4.754998e-01 3.968042e-01 3.022917e-10
2.500000e+02 WAE 0 0 2 0.000000e+00 1.900907e-02 1.336570e-01 1.863026e-03 0.000000e+00 1.571802e-04 0.000000e+00 0.000000e+00 7.655249e-01 7.978888e-02 0.000000e+00 0.000000e+00 0.000000e+00 0.000000e+00 0.000000e+00
2.500000e+02 WAE 1 0 2 0.000000e+00 3.647569e-02 1.312782e-01 1.829779e-03 0.000000e+00 1.548820e-04 0.000000e+00 0.000000e+00 7.518932e-01 7.836826e-02 0.000000e+00 0.000000e+00 0.000000e+00 0.000000e+00 0.000000e+00
2.500000e+02 WAE 2 0 2 0.000000e+00 2.052722e-01 7.387284e-01 2.170363e-02 3.422005e-02 7.579388e-05 0.000000e+00 0.000000e+00 0.000000e+00 0.000000e+00 0.000000e+00 0.000000e+00 0.000000e+00 0.000000e+00 0.000000e+00
2.500000e+02 WAE 3 0 2 0.000000e+00 2.049467e-01 7.375603e-01 2.166922e-02 3.574457e-02 7.917093e-05 0.000000e+00 0.000000e+00 0.000000e+00 0.000000e+00 0.000000e+00 0.000000e+00 0.000000e+00 0.000000e+00 0.000000e+00
2.500000e+02 WAE 4 0 2 7.773575e-01 4.201919e-02 1.512168e-01 4.442730e-03 2.490857e-02 5.517325e-05 0.000000e+00 0.000000e+00 0.000000e+00 0.000000e+00 0.000000e+00 0.000000e+00 0.000000e+00 0.000000e+00 0.000000e+00
2.500000e+02 WAE 5 0 2 7.773353e-01 4.201807e-02 1.512124e-01 4.442612e-03 2.493643e-02 5.523523e-05 0.000000e+00 0.000000e+00 0.000000e+00 0.000000e+00 0.000000e+00 0.000000e+00 0.000000e+00 0.000000e+00 0.000000e+00
2.500000e+02 WAE 6 0 2 7.775466e-01 4.202985e-02 1.512529e-01 4.443859e-03 2.467206e-02 5.465050e-05 0.000000e+00 0.000000e+00 0.000000e+00 0.000000e+00 0.000000e+00 0.000000e+00 0.000000e+00 0.000000e+00 0.000000e+00
2.500000e+02 WAE 7 0 2 7.775139e-01 4.202807e-02 1.512466e-01 4.443671e-03 2.471306e-02 5.474132e-05 0.000000e+00 0.000000e+00 0.000000e+00 0.000000e+00 0.000000e+00 0.000000e+00 0.000000e+00 0.000000e+00 0.000000e+00
2.500000e+02 YPH 0 0 2 0.000000e+00 0.000000e+00 0.000000e+00 0.000000e+00 1.087404e-02 2.408332e-04 0.000000e+00 0.000000e+00 8.947941e-01 9.326073e-02 2.361480e-05 0.000000e+00 4.238333e-04 3.828328e-04 2.432362e-13
2.500000e+02 YPH 1 0 2 0.000000e+00 0.000000e+00 0.000000e+00 0.000000e+00 1.120221e-02 2.480106e-04 0.000000e+00 0.000000e+00 8.944895e-01 9.323065e-02 2.359580e-05 0.000000e+00 4.234965e-04 3.824997e-04 2.430566e-13
2.500000e+02 YPH 2 0 2 0.000000e+00 0.000000e+00 0.000000e+00 4.398574e-05 2.984625e-03 6.606181e-05 0.000000e+00 0.000000e+00 9.026561e-01 9.408184e-02 4.772603e-06 0.000000e+00 8.551506e-05 7.707168e-05 4.919597e-14
2.500000e+02 YPH 3 0 2 0.000000e+00 3.419696e-04 0.000000e+00 4.397016e-05 2.981349e-03 6.599063e-05 0.000000e+00 0.000000e+00 9.023496e-01 9.404984e-02 4.770846e-06 0.000000e+00 8.548373e-05 7.704399e-05 4.917775e-14
2.500000e+02 YPH 4 0 2 0.000000e+00 3.419755e-04 0.000000e+00 4.397087e-05 2.982503e-03 6.601690e-05 0.000000e+00 0.000000e+00 9.023485e-01 9.404968e-02 4.770921e-06 0.000000e+00 8.548444e-05 7.704414e-05 4.917857e-14
2.500000e+02 YPH 5 0 2 0.000000e+00 3.419614e-04 0.000000e+00 4.396908e-05 2.977380e-03 6.590396e-05 0.000000e+00 0.000000e+00 9.023533e-01 9.405020e-02 4.770640e-06 0.000000e+00 8.548072e-05 7.704237e-05 4.917544e-14
2.500000e+02 YPH 6 0 2 0.000000e+00 3.420042e-04 0.000000e+00 4.397446e-05 2.991626e-03 6.621913e-05 0.000000e+00 0.000000e+00 9.023402e-01 9.404871e-02 4.771432e-06 0.000000e+00 8.549084e-05 7.704691e-05 4.918426e-14
2.500000e+02 GZS 0 0 2 0.000000e+00 0.000000e+00 0.000000e+00 0.000000e+00 0.000000e+00 1.713270e-04 0.000000e+00 0.000000e+00 9.054539e-01 9.437480e-02 0.000000e+00 0.000000e+00 0.000000e+00 0.000000e+00 0.000000e+00
2.500000e+02 GZS 1 0 2 0.000000e+00 0.000000e+00 0.000000e+00 0.000000e+00 0.000000e+00 0.000000e+00 1.463486e-03 1.463486e-03 9.970730e-01 0.000000e+00 0.000000e+00 0.000000e+00 0.000000e+00 0.000000e+00 0.000000e+00
2.500000e+02 GZS 2 0 2 0.000000e+00 0.000000e+00 0.000000e+00 0.000000e+00 0.000000e+00 0.000000e+00 1.463755e-03 1.463755e-03 9.970725e-01 0.000000e+00 0.000000e+00 0.000000e+00 0.000000e+00 0.000000e+00 0.000000e+00
2.500000e+02 GZS 3 0 2 0.000000e+00 0.000000e+00 0.000000e+00 0.000000e+00 0.000000e+00 0.000000e+00 1.464611e-03 1.464611e-03 9.970708e-01 0.000000e+00 0.000000e+00 0.000000e+00 0.000000e+00 0.000000e+00 0.000000e+00
2.500000e+02 GZS 4 0 2 0.000000e+00 0.000000e+00 0.000000e+00 0.000000e+00 0.000000e+00 0.000000e+00 1.464917e-03 1.464917e-03 9.970702e-01 0.000000e+00 0.000000e+00 0.000000e+00 0.000000e+00 0.000000e+00 0.000000e+00
2.500000e+02 RDG 0 0 2 0.000000e+00 0.000000e+00 0.000000e+00 0.000000e+00 1.697473e-02 2.819843e-04 0.000000e+00 0.000000e+00 8.825542e-01 9.198532e-02 2.454893e-04 0.000000e+00 4.178655e-03 3.779628e-03 2.394431e-12
2.500000e+02 RDG 1 0 2 0.000000e+00 0.000000e+00 0.000000e+00 0.000000e+00 1.731887e-02 2.876979e-04 0.000000e+00 0.000000e+00 8.822413e-01 9.195283e-02 2.453790e-04 0.000000e+00 4.176506e-03 3.777379e-03 2.393439e-12
2.500000e+02 RDG 2 0 2 0.000000e+00 0.000000e+00 0.000000e+00 0.000000e+00 3.622798e-01 4.012055e-04 0.000000e+00 0.000000e+00 0.000000e+00 0.000000e+00 1.894765e-02 0.000000e+00 3.238716e-01 2.944998e-01 1.844974e-10
2.500000e+02 RDG 3 0 2 0.000000e+00 0.000000e+00 0.000000e+00 0.000000e+00 9.342498e-02 1.034671e-04 0.000000e+00 0.000000e+00 0.000000e+00 0.000000e+00 2.694951e-02 0.000000e+00 4.606266e-01 4.188954e-01 2.623534e-10
2.500000e+02 RDG 4 0 2 0.000000e+00 0.000000e+00 0.000000e+00 0.000000e+00 1.203836e-01 1.333232e-04 0.000000e+00 0.000000e+00 0.000000e+00 0.000000e+00 2.614671e-02 0.000000e+00 4.469158e-01 4.064206e-01 2.545541e-10
2.500000e+02 DRE 0 0 1 0.000000e+00 0.000000e+00 0.000000e+00 0.000000e+00 0.000000e+00 0.000000e+00 1.596384e-05 1.596384e-05 9.041758e-01 9.423675e-02 0.000000e+00 0.000000e+00 2.096689e-04 1.345815e-03 1.596384e-13
2.500000e+02 CHI 0 0 1 0.000000e+00 0.000000e+00 0.000000e+00 0.000000e+00 0.000000e+00 0.000000e+00 0.000000e+00 0.000000e+00 0.000000e+00 0.000000e+00 0.000000e+00 0.000000e+00 3.481946e-01 6.518054e-01 3.453105e-12
2.500000e+02 CAL 0 0 1 0.000000e+00 0.000000e+00 0.000000e+00 0.000000e+00 0.000000e+00 0.000000e+00 6.197917e-02 6.197917e-02 0.000000e+00 0.000000e+00 0.000000e+00 0.000000e+00 4.753260e-01 4.007156e-01 2.934441e-10
2.500000e+02 ROT 0 0 1 0.000000e+00 0.000000e+00 0.000000e+00 0.000000e+00 0.000000e+00 0.000000e+00 6.197831e-02 6.197831e-02 0.000000e+00 0.000000e+00 0.000000e+00 0.000000e+00 4.753253e-01 4.007181e-01 2.934398e-10
2.550000e+02 WAE 0 0 2 0.000000e+00 3.521990e-02 1.386947e-01 1.775029e-03 0.000000e+00 1.401846e-04 0.000000e+00 0.000000e+00 7.460950e-01 7.807517e-02 0.000000e+00 0.000000e+00 0.000000e+00 0.000000e+00 0.000000e+00
2.550000e+02 WAE 1 0 2 0.000000e+00 3.522337e-02 1.386907e-01 1.775158e-03 0.000000e+00 1.402942e-04 0.000000e+00 0.000000e+00 7.460957e-01 7.807486e-02 0.000000e+00 0.000000e+00 0.000000e+00 0.000000e+00 0.000000e+00
2.550000e+02 WAE 2 0 2 0.000000e+00 1.914320e-01 7.536783e-01 2.078276e-02 3.403897e-02 6.794856e-05 0.000000e+00 0.000000e+00 0.000000e+00 0.000000e+00 0.000000e+00 0.000000e+00 0.000000e+00 0.000000e+00 0.000000e+00
2.550000e+02 WAE 3 0 2 0.000000e+00 1.911382e-01 7.525245e-01 2.075090e-02 3.551554e-02 7.089645e-05 0.000000e+00 0.000000e+00 0.000000e+00 0.000000e+00 0.000000e+00 0.000000e+00 0.000000e+00 0.000000e+00 0.000000e+00
2.550000e+02 WAE 4 0 2 7.778222e-01 3.913433e-02 1.540640e-01 4.248493e-03 2.468174e-02 4.927285e-05 0.000000e+00 0.000000e+00 0.000000e+00 0.000000e+00 0.000000e+00 0.000000e+00 0.000000e+00 0.000000e+00 0.000000e+00
2.550000e+02 WAE 5 0 2 7.778010e-01 3.913343e-02 1.540596e-01 4.248386e-03 2.470820e-02 4.932593e-05 0.000000e+00 0.000000e+00 0.000000e+00 0.000000e+00 0.000000e+00 0.000000e+00 0.000000e+00 0.000000e+00 0.000000e+00
2.550000e+02 WAE 6 0 2 7.780015e-01 3.914419e-02 1.540989e-01 4.249518e-03 2.445708e-02 4.882540e-05 0.000000e+00 0.000000e+00 0.000000e+00 0.000000e+00 0.000000e+00 0.000000e+00 0.000000e+00 0.000000e+00 0.000000e+00
2.550000e+02 WAE 7 0 2 7.779704e-01 3.914260e-02 1.540927e-01 4.249347e-03 2.449602e-02 4.890315e-05 0.000000e+00 0.000000e+00 0.000000e+00 0.000000e+00 0.000000e+00 0.000000e+00 0.000000e+00 0.000000e+00 0.000000e+00
2.550000e+02 YPH 0 0 2 0.000000e+00 0.000000e+00 0.000000e+00 0.000000e+00 1.096197e-02 2.188113e-04 0.000000e+00 0.000000e+00 8.943591e-01 9.358790e-02 2.397316e-05 0.000000e+00 4.435646e-04 4.046546e-04 2.469258e-13
2.550000e+02 YPH 1 0 2 0.000000e+00 0.000000e+00 0.000000e+00 0.000000e+00 1.129852e-02 2.255883e-04 0.000000e+00 0.000000e+00 8.940496e-01 9.355493e-02 2.395546e-05 0.000000e+00 4.431551e-04 4.042169e-04 2.467600e-13
2.550000e+02 YPH 2 0 2 0.000000e+00 0.000000e+00 0.000000e+00 3.532964e-05 3.015156e-03 6.014671e-05 0.000000e+00 0.000000e+00 9.022936e-01 9.441996e-02 4.845471e-06 0.000000e+00 8.950206e-05 8.146955e-05 4.994696e-14
2.550000e+02 YPH 3 0 2 0.000000e+00 3.313441e-04 0.000000e+00 4.297365e-05 3.011839e-03 6.008181e-05 0.000000e+00 0.000000e+00 9.019899e-01 9.438812e-02 4.843700e-06 0.000000e+00 8.946951e-05 8.144051e-05 4.992859e-14
2.550000e+02 YPH 4 0 2 0.000000e+00 3.313500e-04 0.000000e+00 4.297436e-05 3.013012e-03 6.010588e-05 0.000000e+00 0.000000e+00 9.019888e-01 9.438796e-02 4.843776e-06 0.000000e+00 8.947025e-05 8.144067e-05 4.992943e-14
2.550000e+02 YPH 5 0 2 0.000000e+00 3.313361e-04 0.000000e+00 4.297257e-05 3.007807e-03 6.000250e-05 0.000000e+00 0.000000e+00 9.019936e-01 9.438849e-02 4.843488e-06 0.000000e+00 8.946632e-05 8.143876e-05 4.992622e-14
2.550000e+02 YPH 6 0 2 0.000000e+00 3.313781e-04 0.000000e+00 4.297791e-05 3.022286e-03 6.029115e-05 0.000000e+00 0.000000e+00 9.019803e-01 9.438697e-02 4.844300e-06 0.000000e+00 8.947700e-05 8.144367e-05 4.993526e-14
2.550000e+02 GZS 0 0 2 0.000000e+00 0.000000e+00 0.000000e+00 0.000000e+00 0.000000e+00 1.560773e-04 0.000000e+00 0.000000e+00 9.051262e-01 9.471770e-02 0.000000e+00 0.000000e+00 0.000000e+00 0.000000e+00 0.000000e+00
2.550000e+02 GZS 1 0 2 0.000000e+00 0.000000e+00 0.000000e+00 0.000000e+00 0.000000e+00 0.000000e+00 1.486347e-03 1.486347e-03 9.970273e-01 0.000000e+00 0.000000e+00 0.000000e+00 0.000000e+00 0.000000e+00 0.000000e+00
2.550000e+02 GZS 2 0 2 0.000000e+00 0.000000e+00 0.000000e+00 0.000000e+00 0.000000e+00 0.000000e+00 1.486622e-03 1.486622e-03 9.970268e-01 0.000000e+00 0.000000e+00 0.000000e+00 0.000000e+00 0.000000e+00 0.000000e+00
2.550000e+02 GZS 3 0 2 0.000000e+00 0.000000e+00 0.000000e+00 0.000000e+00 0.000000e+00 0.000000e+00 1.487499e-03 1.487499e-03 9.970250e-01 0.000000e+00 0.000000e+00 0.000000e+00 0.000000e+00 0.000000e+00 0.000000e+00
2.550000e+02 GZS 4 0 2 0.000000e+00 0.000000e+00 0.000000e+00 0.000000e+00 0.000000e+00 0.000000e+00 1.487813e-03 1.487813e-03 9.970244e-01 0.000000e+00 0.000000e+00 0.000000e+00 0.000000e+00 0.000000e+00 0.000000e+00
2.550000e+02 RDG 0 0 2 0.000000e+00 0.000000e+00 0.000000e+00 0.000000e+00 1.709549e-02 2.559538e-04 0.000000e+00 0.000000e+00 8.817643e-01 9.227026e-02 2.491118e-04 0.000000e+00 4.371435e-03 3.993451e-03 2.429748e-12
2.550000e+02 RDG 1 0 2 0.000000e+00 0.000000e+00 0.000000e+00 0.000000e+00 1.744866e-02 2.612383e-04 0.000000e+00 0.000000e+00 8.814441e-01 9.223687e-02 2.489977e-04 0.000000e+00 4.369138e-03 3.991023e-03 2.428722e-12
2.550000e+02 RDG 2 0 2 0.000000e+00 0.000000e+00 0.000000e+00 0.000000e+00 3.546350e-01 3.539619e-04 0.000000e+00 0.000000e+00 0.000000e+00 0.000000e+00 1.853190e-02 0.000000e+00 3.265716e-01 2.999075e-01 1.804488e-10
2.550000e+02 RDG 3 0 2 0.000000e+00 0.000000e+00 0.000000e+00 0.000000e+00 9.094812e-02 9.077907e-05 0.000000e+00 0.000000e+00 0.000000e+00 0.000000e+00 2.611545e-02 0.000000e+00 4.601874e-01 4.226582e-01 2.542310e-10
2.550000e+02 RDG 4 0 2 0.000000e+00 0.000000e+00 0.000000e+00 0.000000e+00 1.171702e-01 1.169521e-04 0.000000e+00 0.000000e+00 0.000000e+00 0.000000e+00 2.536086e-02 0.000000e+00 4.469021e-01 4.104499e-01 2.469014e-10
2.550000e+02 DRE 0 0 1 0.000000e+00 0.000000e+00 0.000000e+00 0.000000e+00 0.000000e+00 0.000000e+00 1.620672e-05 1.620672e-05 9.037610e-01 9.456992e-02 0.000000e+00 0.000000e+00 2.188327e-04 1.417872e-03 1.620672e-13
2.550000e+02 CHI 0 0 1 0.000000e+00 0.000000e+00 0.000000e+00 0.000000e+00 0.000000e+00 0.000000e+00 0.000000e+00 0.000000e+00 0.000000e+00 0.000000e+00 0.000000e+00 0.000000e+00 3.444698e-01 6.555302e-01 3.387662e-12
2.550000e+02 CAL 0 0 1 0.000000e+00 0.000000e+00 0.000000e+00 0.000000e+00 0.000000e+00 0.000000e+00 6.013811e-02 6.013811e-02 0.000000e+00 0.000000e+00 0.000000e+00 0.000000e+00 4.751512e-01 4.045726e-01 2.847276e-10
2.550000e+02 ROT 0 0 1 0.000000e+00 0.000000e+00 0.000000e+00 0.000000e+00 0.000000e+00 0.000000e+00 6.013726e-02 6.013726e-02 0.000000e+00 0.000000e+00 0.000000e+00 0.000000e+00 4.751505e-01 4.045750e-01 2.847233e-10
2.600000e+02 WAE 0 0 2 0.000000e+00 3.338342e-02 1.462388e-01 1.719568e-03 0.000000e+00 1.265802e-04 0.000000e+00 0.000000e+00 7.407042e-01 7.782735e-02 0.000000e+00 0.000000e+00 0.000000e+00 0.000000e+00 0.000000e+00
2.600000e+02 WAE 1 0 2 0.000000e+00 3.338679e-02 1.462350e-01 1.719697e-03 0.000000e+00 1.266810e-04 0.000000e+00 0.000000e+00 7.407048e-01 7.782702e-02 0.000000e+00 0.000000e+00 0.000000e+00 0.000000e+00 0.000000e+00
2.600000e+02 WAE 2 0 2 0.000000e+00 1.758623e-01 7.702074e-01 1.998057e-02 3.388899e-02 6.072505e-05 0.000000e+00 0.000000e+00 0.000000e+00 0.000000e+00 0.000000e+00 0.000000e+00 0.000000e+00 0.000000e+00 0.000000e+00
2.600000e+02 WAE 3 0 2 0.000000e+00 1.755997e-01 7.690596e-01 1.995076e-02 3.532661e-02 6.330143e-05 0.000000e+00 0.000000e+00 0.000000e+00 0.000000e+00 0.000000e+00 0.000000e+00 0.000000e+00 0.000000e+00 0.000000e+00
2.600000e+02 WAE 4 0 2 7.790168e-01 3.576992e-02 1.566464e-01 4.063861e-03 2.445921e-02 4.383102e-05 0.000000e+00 0.000000e+00 0.000000e+00 0.000000e+00 0.000000e+00 0.000000e+00 0.000000e+00 0.000000e+00 0.000000e+00
2.600000e+02 WAE 5 0 2 7.789966e-01 3.576915e-02 1.566422e-01 4.063765e-03 2.448437e-02 4.387634e-05 0.000000e+00 0.000000e+00 0.000000e+00 0.000000e+00 0.000000e+00 0.000000e+00 0.000000e+00 0.000000e+00 0.000000e+00
2.600000e+02 WAE 6 0 2 7.791874e-01 3.577854e-02 1.566802e-01 4.064796e-03 2.424561e-02 4.344923e-05 0.000000e+00 0.000000e+00 0.000000e+00 0.000000e+00 0.000000e+00 0.000000e+00 0.000000e+00 0.000000e+00 0.000000e+00
2.600000e+02 WAE 7 0 2 7.791578e-01 3.577716e-02 1.566743e-01 4.064640e-03 2.428264e-02 4.351558e-05 0.000000e+00 0.000000e+00 0.000000e+00 0.000000e+00 0.000000e+00 0.000000e+00 0.000000e+00 0.000000e+00 0.000000e+00
2.600000e+02 YPH 0 0 2 0.000000e+00 0.000000e+00 0.000000e+00 0.000000e+00 1.105344e-02 1.980590e-04 0.000000e+00 0.000000e+00 8.939095e-01 9.392241e-02 2.434923e-05 0.000000e+00 4.644560e-04 4.277375e-04 2.507977e-13
2.600000e+02 YPH 1 0 2 0.000000e+00 0.000000e+00 0.000000e+00 0.000000e+00 1.140237e-02 2.043675e-04 0.000000e+00 0.000000e+00 8.935895e-01 9.388818e-02 2.433087e-05 0.000000e+00 4.640172e-04 4.272635e-04 2.506257e-13
2.600000e+02 YPH 2 0 2 0.000000e+00 0.000000e+00 0.000000e+00 3.444310e-05 3.047290e-03 5.456409e-05 0.000000e+00 0.000000e+00 9.019136e-01 9.476531e-02 4.921916e-06 0.000000e+00 9.372363e-05 8.612175e-05 5.073481e-14
2.600000e+02 YPH 3 0 2 0.000000e+00 3.412870e-05 0.000000e+00 4.193021e-05 3.044639e-03 5.451779e-05 0.000000e+00 0.000000e+00 9.018785e-01 9.476157e-02 4.921575e-06 0.000000e+00 9.371740e-05 8.611671e-05 5.073118e-14
2.600000e+02 YPH 4 0 2 0.000000e+00 3.204555e-04 0.000000e+00 4.191894e-05 3.045142e-03 5.452747e-05 0.000000e+00 0.000000e+00 9.016190e-01 9.473425e-02 4.920247e-06 0.000000e+00 9.369133e-05 8.609216e-05 5.071755e-14
2.600000e+02 YPH 5 0 2 0.000000e+00 3.204419e-04 0.000000e+00 4.191717e-05 3.039853e-03 5.443320e-05 0.000000e+00 0.000000e+00 9.016239e-01 9.473478e-02 4.919951e-06 0.000000e+00 9.368717e-05 8.609010e-05 5.071426e-14
2.600000e+02 YPH 6 0 2 0.000000e+00 3.204833e-04 0.000000e+00 4.192248e-05 3.054572e-03 5.469655e-05 0.000000e+00 0.000000e+00 9.016104e-01 9.473324e-02 4.920785e-06 0.000000e+00 9.369848e-05 8.609541e-05 5.072354e-14
2.600000e+02 GZS 0 0 2 0.000000e+00 0.000000e+00 0.000000e+00 0.000000e+00 0.000000e+00 1.416777e-04 0.000000e+00 0.000000e+00 9.047896e-01 9.506872e-02 0.000000e+00 0.000000e+00 0.000000e+00 0.000000e+00 0.000000e+00
2.600000e+02 GZS 1 0 2 0.000000e+00 0.000000e+00 0.000000e+00 0.000000e+00 0.000000e+00 0.000000e+00 1.510348e-03 1.510348e-03 9.969793e-01 0.000000e+00 0.000000e+00 0.000000e+00 0.000000e+00 0.000000e+00 0.000000e+00
2.600000e+02 GZS 2 0 2 0.000000e+00 0.000000e+00 0.000000e+00 0.000000e+00 0.000000e+00 0.000000e+00 1.510629e-03 1.510629e-03 9.969787e-01 0.000000e+00 0.000000e+00 0.000000e+00 0.000000e+00 0.000000e+00 0.000000e+00
2.600000e+02 GZS 3 0 2 0.000000e+00 0.000000e+00 0.000000e+00 0.000000e+00 0.000000e+00 0.000000e+00 1.511527e-03 1.511527e-03 9.969769e-01 0.000000e+00 0.000000e+00 0.000000e+00 0.000000e+00 0.000000e+00 0.000000e+00
2.600000e+02 GZS 4 0 2 0.000000e+00 0.000000e+00 0.000000e+00 0.000000e+00 0.000000e+00 0.000000e+00 1.511850e-03 1.511850e-03 9.969763e-01 0.000000e+00 0.000000e+00 0.000000e+00 0.000000e+00 0.000000e+00 0.000000e+00
2.600000e+02 RDG 0 0 2 0.000000e+00 0.000000e+00 0.000000e+00 0.000000e+00 1.722083e-02 2.314477e-04 0.000000e+00 0.000000e+00 8.809400e-01 9.256002e-02 2.529094e-04 0.000000e+00 4.575378e-03 4.219441e-03 2.466772e-12
2.600000e+02 RDG 1 0 2 0.000000e+00 0.000000e+00 0.000000e+00 0.000000e+00 1.758362e-02 2.363206e-04 0.000000e+00 0.000000e+00 8.806119e-01 9.252567e-02 2.527911e-04 0.000000e+00 4.572919e-03 4.216817e-03 2.465708e-12
2.600000e+02 RDG 2 0 2 0.000000e+00 0.000000e+00 0.000000e+00 0.000000e+00 3.470994e-01 3.109813e-04 0.000000e+00 0.000000e+00 0.000000e+00 0.000000e+00 1.812227e-02 0.000000e+00 3.292442e-01 3.052232e-01 1.764598e-10
2.600000e+02 RDG 3 0 2 0.000000e+00 0.000000e+00 0.000000e+00 0.000000e+00 8.855111e-02 7.934002e-05 0.000000e+00 0.000000e+00 0.000000e+00 0.000000e+00 2.530856e-02 0.000000e+00 4.597797e-01 4.262812e-01 2.463732e-10
2.600000e+02 RDG 4 0 2 0.000000e+00 0.000000e+00 0.000000e+00 0.000000e+00 1.140547e-01 1.021905e-04 0.000000e+00 0.000000e+00 0.000000e+00 0.000000e+00 2.459924e-02 0.000000e+00 4.469057e-01 4.143382e-01 2.394844e-10
2.600000e+02 DRE 0 0 1 0.000000e+00 0.000000e+00 0.000000e+00 0.000000e+00 0.000000e+00 0.000000e+00 1.646161e-05 1.646161e-05 9.033341e-01 9.491086e-02 0.000000e+00 0.000000e+00 2.285364e-04 1.493607e-03 1.646161e-13
2.600000e+02 CHI 0 0 1 0.000000e+00 0.000000e+00 0.000000e+00 0.000000e+00 0.000000e+00 0.000000e+00 0.000000e+00 0.000000e+00 0.000000e+00 0.000000e+00 0.000000e+00 0.000000e+00 3.407847e-01 6.592153e-01 3.323217e-12
2.600000e+02 CAL 0 0 1 0.000000e+00 0.000000e+00 0.000000e+00 0.000000e+00 0.000000e+00 0.000000e+00 5.835389e-02 5.835389e-02 0.000000e+00 0.000000e+00 0.000000e+00 0.000000e+00 4.750117e-01 4.082806e-01 2.762801e-10
2.600000e+02 ROT 0 0 1 0.000000e+00 0.000000e+00 0.000000e+00 0.000000e+00 0.000000e+00 0.000000e+00 5.835304e-02 5.835304e-02 0.000000e+00 0.000000e+00 0.000000e+00 0.000000e+00 4.750109e-01 4.082830e-01 2.762758e-10
2.650000e+02 WAE 0 0 2 0.000000e+00 3.156520e-02 1.537079e-01 1.661465e-03 0.000000e+00 1.138307e-04 0.000000e+00 0.000000e+00 7.353635e-01 7.758815e-02 0.000000e+00 0.000000e+00 0.000000e+00 0.000000e+00 0.000000e+00
2.650000e+02 WAE 1 0 2 0.000000e+00 3.156848e-02 1.537044e-01 1.661595e-03 0.000000e+00 1.139232e-04 0.000000e+00 0.000000e+00 7.353638e-01 7.758780e-02 0.000000e+00 0.000000e+00 0.000000e+00 0.000000e+00 0.000000e+00
2.650000e+02 WAE 2 0 2 0.000000e+00 1.613646e-01 7.856030e-01 1.922689e-02 3.375150e-02 5.403742e-05 0.000000e+00 0.000000e+00 0.000000e+00 0.000000e+00 0.000000e+00 0.000000e+00 0.000000e+00 0.000000e+00 0.000000e+00
2.650000e+02 WAE 3 0 2 0.000000e+00 1.611297e-01 7.844610e-01 1.919892e-02 3.515405e-02 5.628328e-05 0.000000e+00 0.000000e+00 0.000000e+00 0.000000e+00 0.000000e+00 0.000000e+00 0.000000e+00 0.000000e+00 0.000000e+00
2.650000e+02 WAE 4 0 2 4.937917e-01 7.863268e-02 3.897674e-01 9.447712e-03 2.831535e-02 4.518721e-05 0.000000e+00 0.000000e+00 0.000000e+00 0.000000e+00 0.000000e+00 0.000000e+00 0.000000e+00 0.000000e+00 0.000000e+00
2.650000e+02 WAE 5 0 2 7.804801e-01 3.260625e-02 1.587289e-01 3.884931e-03 2.426097e-02 3.884582e-05 0.000000e+00 0.000000e+00 0.000000e+00 0.000000e+00 0.000000e+00 0.000000e+00 0.000000e+00 0.000000e+00 0.000000e+00
2.650000e+02 WAE 6 0 2 7.806617e-01 3.261443e-02 1.587655e-01 3.885869e-03 2.403398e-02 3.848304e-05 0.000000e+00 0.000000e+00 0.000000e+00 0.000000e+00 0.000000e+00 0.000000e+00 0.000000e+00 0.000000e+00 0.000000e+00
2.650000e+02 WAE 7 0 2 7.806335e-01 3.261323e-02 1.587598e-01 3.885728e-03 2.406918e-02 3.853941e-05 0.000000e+00 0.000000e+00 0.000000e+00 0.000000e+00 0.000000e+00 0.000000e+00 0.000000e+00 0.000000e+00 0.000000e+00
2.650000e+02 YPH 0 0 2 0.000000e+00 0.000000e+00 0.000000e+00 0.000000e+00 1.114914e-02 1.785023e-04 0.000000e+00 0.000000e+00 8.934442e-01 9.426453e-02 2.474549e-05 0.000000e+00 4.866144e-04 4.522647e-04 2.548773e-13
2.650000e+02 YPH 1 0 2 0.000000e+00 0.000000e+00 0.000000e+00 0.000000e+00 1.151152e-02 1.843572e-04 0.000000e+00 0.000000e+00 8.931126e-01 9.422892e-02 2.472641e-05 0.000000e+00 4.861433e-04 4.517505e-04 2.546987e-13
2.650000e+02 YPH 2 0 2 0.000000e+00 0.000000e+00 0.000000e+00 3.348992e-05 3.081293e-03 4.929512e-05 0.000000e+00 0.000000e+00 9.015227e-01 9.511894e-02 5.002486e-06 0.000000e+00 9.820209e-05 9.106571e-05 5.156517e-14
2.650000e+02 YPH 3 0 2 0.000000e+00 0.000000e+00 0.000000e+00 4.079297e-05 3.078660e-03 4.925413e-05 0.000000e+00 0.000000e+00 9.015186e-01 9.511845e-02 5.002316e-06 0.000000e+00 9.819901e-05 9.106356e-05 5.156330e-14
2.650000e+02 YPH 4 0 2 0.000000e+00 3.091218e-04 0.000000e+00 4.078100e-05 3.079141e-03 4.926243e-05 0.000000e+00 0.000000e+00 9.012386e-01 9.508886e-02 5.000845e-06 0.000000e+00 9.816936e-05 9.103546e-05 5.154821e-14
2.650000e+02 YPH 5 0 2 0.000000e+00 3.091084e-04 0.000000e+00 4.077925e-05 3.073766e-03 4.917685e-05 0.000000e+00 0.000000e+00 9.012436e-01 9.508940e-02 5.000541e-06 0.000000e+00 9.816495e-05 9.103323e-05 5.154482e-14
2.650000e+02 YPH 6 0 2 0.000000e+00 3.091491e-04 0.000000e+00 4.078452e-05 3.088733e-03 4.941607e-05 0.000000e+00 0.000000e+00 9.012299e-01 9.508783e-02 5.001398e-06 0.000000e+00 9.817693e-05 9.103898e-05 5.155435e-14
2.650000e+02 GZS 0 0 2 0.000000e+00 0.000000e+00 0.000000e+00 0.000000e+00 0.000000e+00 1.280790e-04 0.000000e+00 0.000000e+00 9.044437e-01 9.542826e-02 0.000000e+00 0.000000e+00 0.000000e+00 0.000000e+00 0.000000e+00
2.650000e+02 GZS 1 0 2 0.000000e+00 0.000000e+00 0.000000e+00 0.000000e+00 0.000000e+00 0.000000e+00 1.535648e-03 1.535648e-03 9.969287e-01 0.000000e+00 0.000000e+00 0.000000e+00 0.000000e+00 0.000000e+00 0.000000e+00
2.650000e+02 GZS 2 0 2 0.000000e+00 0.000000e+00 0.000000e+00 0.000000e+00 0.000000e+00 0.000000e+00 1.535935e-03 1.535935e-03 9.969281e-01 0.000000e+00 0.000000e+00 0.000000e+00 0.000000e+00 0.000000e+00 0.000000e+00
2.650000e+02 GZS 3 0 2 0.000000e+00 0.000000e+00 0.000000e+00 0.000000e+00 0.000000e+00 0.000000e+00 1.536855e-03 1.536855e-03 9.969263e-01 0.000000e+00 0.000000e+00 0.000000e+00 0.000000e+00 0.000000e+00 0.000000e+00
2.650000e+02 GZS 4 0 2 0.000000e+00 0.000000e+00 0.000000e+00 0.000000e+00 0.000000e+00 0.000000e+00 1.537187e-03 1.537187e-03 9.969256e-01 0.000000e+00 0.000000e+00 0.000000e+00 0.000000e+00 0.000000e+00 0.000000e+00
2.650000e+02 RDG 0 0 2 0.000000e+00 0.000000e+00 0.000000e+00 0.000000e+00 1.735167e-02 2.083760e-04 0.000000e+00 0.000000e+00 8.800776e-01 9.285458e-02 2.569064e-04 0.000000e+00 4.791494e-03 4.459361e-03 2.505740e-12
2.650000e+02 RDG 1 0 2 0.000000e+00 0.000000e+00 0.000000e+00 0.000000e+00 1.772475e-02 2.128538e-04 0.000000e+00 0.000000e+00 8.797410e-01 9.281919e-02 2.567837e-04 0.000000e+00 4.788858e-03 4.456521e-03 2.504635e-12
2.650000e+02 RDG 2 0 2 0.000000e+00 0.000000e+00 0.000000e+00 0.000000e+00 3.396609e-01 2.719062e-04 0.000000e+00 0.000000e+00 0.000000e+00 0.000000e+00 1.771808e-02 0.000000e+00 3.318715e-01 3.104776e-01 1.725237e-10
2.650000e+02 RDG 3 0 2 0.000000e+00 0.000000e+00 0.000000e+00 0.000000e+00 8.622712e-02 6.902968e-05 0.000000e+00 0.000000e+00 0.000000e+00 0.000000e+00 2.452651e-02 0.000000e+00 4.593712e-01 4.298062e-01 2.387572e-10
2.650000e+02 RDG 4 0 2 0.000000e+00 0.000000e+00 0.000000e+00 0.000000e+00 1.110287e-01 8.888456e-05 0.000000e+00 0.000000e+00 0.000000e+00 0.000000e+00 2.385976e-02 0.000000e+00 4.468960e-01 4.181266e-01 2.322831e-10
2.650000e+02 DRE 0 0 1 0.000000e+00 0.000000e+00 0.000000e+00 0.000000e+00 0.000000e+00 0.000000e+00 1.673025e-05 1.673025e-05 9.028942e-01 9.525984e-02 0.000000e+00 0.000000e+00 2.388278e-04 1.573648e-03 1.673025e-13
2.650000e+02 CHI 0 0 1 0.000000e+00 0.000000e+00 0.000000e+00 0.000000e+00 0.000000e+00 0.000000e+00 0.000000e+00 0.000000e+00 0.000000e+00 0.000000e+00 0.000000e+00 0.000000e+00 3.371397e-01 6.628603e-01 3.259765e-12
2.650000e+02 CAL 0 0 1 0.000000e+00 0.000000e+00 0.000000e+00 0.000000e+00 0.000000e+00 0.000000e+00 5.662150e-02 5.662150e-02 0.000000e+00 0.000000e+00 0.000000e+00 0.000000e+00 4.748731e-01 4.118839e-01 2.680780e-10
2.650000e+02 ROT 0 0 1 0.000000e+00 0.000000e+00 0.000000e+00 0.000000e+00 0.000000e+00 0.000000e+00 5.662066e-02 5.662066e-02 0.000000e+00 0.000000e+00 0.000000e+00 0.000000e+00 4.748723e-01 4.118864e-01 2.680738e-10
2.700000e+02 WAE 0 0 2 0.000000e+00 3.528751e-02 0.000000e+00 1.897629e-03 0.000000e+00 1.178342e-04 0.000000e+00 0.000000e+00 8.704633e-01 9.223369e-02 0.000000e+00 0.000000e+00 0.000000e+00 0.000000e+00 0.000000e+00
2.700000e+02 WAE 1 0 2 0.000000e+00 2.939345e-02 1.666616e-01 1.580578e-03 0.000000e+00 1.009648e-04 0.000000e+00 0.000000e+00 7.254012e-01 7.686212e-02 0.000000e+00 0.000000e+00 0.000000e+00 0.000000e+00 0.000000e+00
2.700000e+02 WAE 2 0 2 0.000000e+00 1.423471e-01 8.062830e-01 1.789468e-02 3.342784e-02 4.733322e-05 0.000000e+00 0.000000e+00 0.000000e+00 0.000000e+00 0.000000e+00 0.000000e+00 0.000000e+00 0.000000e+00 0.000000e+00
2.700000e+02 WAE 3 0 2 0.000000e+00 1.421461e-01 8.051856e-01 1.786967e-02 3.474947e-02 4.920493e-05 0.000000e+00 0.000000e+00 0.000000e+00 0.000000e+00 0.000000e+00 0.000000e+00 0.000000e+00 0.000000e+00 0.000000e+00
2.700000e+02 WAE 4 0 2 0.000000e+00 1.421243e-01 8.050527e-01 1.786687e-02 3.490666e-02 4.942809e-05 0.000000e+00 0.000000e+00 0.000000e+00 0.000000e+00 0.000000e+00 0.000000e+00 0.000000e+00 0.000000e+00 0.000000e+00
2.700000e+02 WAE 5 0 2 7.772901e-01 2.924583e-02 1.657615e-01 3.677224e-03 2.399138e-02 3.397415e-05 0.000000e+00 0.000000e+00 0.000000e+00 0.000000e+00 0.000000e+00 0.000000e+00 0.000000e+00 0.000000e+00 0.000000e+00
2.700000e+02 WAE 6 0 2 7.774623e-01 2.925300e-02 1.657950e-01 3.678080e-03 2.377798e-02 3.367265e-05 0.000000e+00 0.000000e+00 0.000000e+00 0.000000e+00 0.000000e+00 0.000000e+00 0.000000e+00 0.000000e+00 0.000000e+00
2.700000e+02 WAE 7 0 2 7.774358e-01 2.925198e-02 1.657895e-01 3.677953e-03 2.381107e-02 3.371951e-05 0.000000e+00 0.000000e+00 0.000000e+00 0.000000e+00 0.000000e+00 0.000000e+00 0.000000e+00 0.000000e+00 0.000000e+00
2.700000e+02 YPH 0 0 2 0.000000e+00 0.000000e+00 0.000000e+00 0.000000e+00 1.125392e-02 1.593783e-04 0.000000e+00 0.000000e+00 8.929570e-01 9.461352e-02 2.518173e-05 0.000000e+00 5.111126e-04 4.798889e-04 2.593685e-13
2.700000e+02 YPH 1 0 2 0.000000e+00 0.000000e+00 0.000000e+00 0.000000e+00 1.163179e-02 1.647851e-04 0.000000e+00 0.000000e+00 8.926120e-01 9.457632e-02 2.516177e-05 0.000000e+00 5.105977e-04 4.793162e-04 2.591815e-13
2.700000e+02 YPH 2 0 2 0.000000e+00 0.000000e+00 0.000000e+00 3.226221e-05 3.119374e-03 4.412799e-05 0.000000e+00 0.000000e+00 9.011183e-01 9.548104e-02 5.091163e-06 0.000000e+00 1.031619e-04 9.664710e-05 5.247908e-14
2.700000e+02 YPH 3 0 2 0.000000e+00 0.000000e+00 0.000000e+00 3.931827e-05 3.116694e-03 4.409126e-05 0.000000e+00 0.000000e+00 9.011144e-01 9.548057e-02 5.090989e-06 0.000000e+00 1.031586e-04 9.664462e-05 5.247715e-14
2.700000e+02 YPH 4 0 2 0.000000e+00 2.954602e-04 0.000000e+00 3.930737e-05 3.117221e-03 4.409933e-05 0.000000e+00 0.000000e+00 9.008469e-01 9.545217e-02 5.089561e-06 0.000000e+00 1.031287e-04 9.661597e-05 5.246250e-14
2.700000e+02 YPH 5 0 2 0.000000e+00 2.954470e-04 0.000000e+00 3.930563e-05 3.111752e-03 4.402241e-05 0.000000e+00 0.000000e+00 9.008519e-01 9.545272e-02 5.089248e-06 0.000000e+00 1.031241e-04 9.661359e-05 5.245903e-14
2.700000e+02 YPH 6 0 2 0.000000e+00 2.954879e-04 0.000000e+00 3.931097e-05 3.126989e-03 4.423766e-05 0.000000e+00 0.000000e+00 9.008380e-01 9.545113e-02 5.090127e-06 0.000000e+00 1.031366e-04 9.661951e-05 5.246880e-14
2.700000e+02 GZS 0 0 2 0.000000e+00 0.000000e+00 0.000000e+00 0.000000e+00 0.000000e+00 1.146760e-04 0.000000e+00 0.000000e+00 9.040858e-01 9.579949e-02 0.000000e+00 0.000000e+00 0.000000e+00 0.000000e+00 0.000000e+00
2.700000e+02 GZS 1 0 2 0.000000e+00 0.000000e+00 0.000000e+00 0.000000e+00 0.000000e+00 0.000000e+00 1.563473e-03 1.563473e-03 9.968731e-01 0.000000e+00 0.000000e+00 0.000000e+00 0.000000e+00 0.000000e+00 0.000000e+00
2.700000e+02 GZS 2 0 2 0.000000e+00 0.000000e+00 0.000000e+00 0.000000e+00 0.000000e+00 0.000000e+00 1.563766e-03 1.563766e-03 9.968725e-01 0.000000e+00 0.000000e+00 0.000000e+00 0.000000e+00 0.000000e+00 0.000000e+00
2.700000e+02 GZS 3 0 2 0.000000e+00 0.000000e+00 0.000000e+00 0.000000e+00 0.000000e+00 0.000000e+00 1.564710e-03 1.564710e-03 9.968706e-01 0.000000e+00 0.000000e+00 0.000000e+00 0.000000e+00 0.000000e+00 0.000000e+00
2.700000e+02 GZS 4 0 2 0.000000e+00 0.000000e+00 0.000000e+00 0.000000e+00 0.000000e+00 0.000000e+00 1.565052e-03 1.565052e-03 9.968699e-01 0.000000e+00 0.000000e+00 0.000000e+00 0.000000e+00 0.000000e+00 0.000000e+00
2.700000e+02 RDG 0 0 2 0.000000e+00 0.000000e+00 0.000000e+00 0.000000e+00 1.749472e-02 1.858427e-04 0.000000e+00 0.000000e+00 8.791479e-01 9.315069e-02 2.613015e-04 0.000000e+00 5.030208e-03 4.729375e-03 2.548587e-12
2.700000e+02 RDG 1 0 2 0.000000e+00 0.000000e+00 0.000000e+00 0.000000e+00 1.787944e-02 1.899270e-04 0.000000e+00 0.000000e+00 8.788016e-01 9.311413e-02 2.611738e-04 0.000000e+00 5.027380e-03 4.726300e-03 2.547437e-12
2.700000e+02 RDG 2 0 2 0.000000e+00 0.000000e+00 0.000000e+00 0.000000e+00 3.319202e-01 2.349853e-04 0.000000e+00 0.000000e+00 0.000000e+00 0.000000e+00 1.729759e-02 0.000000e+00 3.344526e-01 3.160946e-01 1.684290e-10
2.700000e+02 RDG 3 0 2 0.000000e+00 0.000000e+00 0.000000e+00 0.000000e+00 8.385243e-02 5.936687e-05 0.000000e+00 0.000000e+00 0.000000e+00 0.000000e+00 2.372767e-02 0.000000e+00 4.587467e-01 4.336138e-01 2.309778e-10
2.700000e+02 RDG 4 0 2 0.000000e+00 0.000000e+00 0.000000e+00 0.000000e+00 1.079311e-01 7.641421e-05 0.000000e+00 0.000000e+00 0.000000e+00 0.000000e+00 2.310303e-02 0.000000e+00 4.466844e-01 4.222051e-01 2.249138e-10
2.700000e+02 DRE 0 0 1 0.000000e+00 0.000000e+00 0.000000e+00 0.000000e+00 0.000000e+00 0.000000e+00 1.702564e-05 1.702564e-05 9.024355e-01 9.561663e-02 0.000000e+00 0.000000e+00 2.501701e-04 1.663649e-03 1.702564e-13
2.700000e+02 CHI 0 0 1 0.000000e+00 0.000000e+00 0.000000e+00 0.000000e+00 0.000000e+00 0.000000e+00 0.000000e+00 0.000000e+00 0.000000e+00 0.000000e+00 0.000000e+00 0.000000e+00 3.335351e-01 6.664649e-01 3.197324e-12
2.700000e+02 CAL 0 0 1 0.000000e+00 0.000000e+00 0.000000e+00 0.000000e+00 0.000000e+00 0.000000e+00 5.485064e-02 5.485064e-02 0.000000e+00 0.000000e+00 0.000000e+00 0.000000e+00 4.745234e-01 4.157753e-01 2.596939e-10
2.700000e+02 ROT 0 0 1 0.000000e+00 0.000000e+00 0.000000e+00 0.000000e+00 0.000000e+00 0.000000e+00 5.484964e-02 5.484964e-02 0.000000e+00 0.000000e+00 0.000000e+00 0.000000e+00 4.745223e-01 4.157785e-01 2.596889e-10
2.750000e+02 WAE 0 0 2 0.000000e+00 3.299942e-02 0.000000e+00 1.812714e-03 0.000000e+00 1.044238e-04 0.000000e+00 0.000000e+00 8.722571e-01 9.282633e-02 0.000000e+00 0.000000e+00 0.000000e+00 0.000000e+00 0.000000e+00
2.750000e+02 WAE 1 0 2 0.000000e+00 2.679043e-02 1.877448e-01 1.471554e-03 0.000000e+00 8.752309e-05 0.000000e+00 0.000000e+00 7.085068e-01 7.539893e-02 0.000000e+00 0.000000e+00 0.000000e+00 0.000000e+00 0.000000e+00
2.750000e+02 WAE 2 0 2 0.000000e+00 1.188966e-01 8.322942e-01 1.590928e-02 3.285942e-02 4.051510e-05 0.000000e+00 0.000000e+00 0.000000e+00 0.000000e+00 0.000000e+00 0.000000e+00 0.000000e+00 0.000000e+00 0.000000e+00
2.750000e+02 WAE 3 0 2 0.000000e+00 1.187454e-01 8.312783e-01 1.588930e-02 3.404499e-02 4.197716e-05 0.000000e+00 0.000000e+00 0.000000e+00 0.000000e+00 0.000000e+00 0.000000e+00 0.000000e+00 0.000000e+00 0.000000e+00
2.750000e+02 WAE 4 0 2 0.000000e+00 1.187293e-01 8.311554e-01 1.588709e-02 3.418602e-02 4.215160e-05 0.000000e+00 0.000000e+00 0.000000e+00 0.000000e+00 0.000000e+00 0.000000e+00 0.000000e+00 0.000000e+00 0.000000e+00
2.750000e+02 WAE 5 0 2 7.674399e-01 2.566360e-02 1.797774e-01 3.434728e-03 2.365521e-02 2.916903e-05 0.000000e+00 0.000000e+00 0.000000e+00 0.000000e+00 0.000000e+00 0.000000e+00 0.000000e+00 0.000000e+00 0.000000e+00
2.750000e+02 WAE 6 0 2 7.675974e-01 2.566950e-02 1.798108e-01 3.435472e-03 2.345785e-02 2.892632e-05 0.000000e+00 0.000000e+00 0.000000e+00 0.000000e+00 0.000000e+00 0.000000e+00 0.000000e+00 0.000000e+00 0.000000e+00
2.750000e+02 WAE 7 0 2 7.675732e-01 2.566867e-02 1.798053e-01 3.435362e-03 2.348846e-02 2.896405e-05 0.000000e+00 0.000000e+00 0.000000e+00 0.000000e+00 0.000000e+00 0.000000e+00 0.000000e+00 0.000000e+00 0.000000e+00
2.750000e+02 YPH 0 0 2 0.000000e+00 0.000000e+00 0.000000e+00 0.000000e+00 1.137420e-02 1.402720e-04 0.000000e+00 0.000000e+00 8.924273e-01 9.496900e-02 2.567367e-05 0.000000e+00 5.445038e-04 5.190419e-04 2.644328e-13
2.750000e+02 YPH 1 0 2 0.000000e+00 0.000000e+00 0.000000e+00 0.000000e+00 1.177022e-02 1.452088e-04 0.000000e+00 0.000000e+00 8.920666e-01 9.492995e-02 2.565272e-05 0.000000e+00 5.439264e-04 5.183920e-04 2.642367e-13
2.750000e+02 YPH 2 0 2 0.000000e+00 0.000000e+00 0.000000e+00 3.072489e-05 3.163278e-03 3.896205e-05 0.000000e+00 0.000000e+00 9.006954e-01 9.585192e-02 5.191341e-06 0.000000e+00 1.099229e-04 1.045527e-04 5.351149e-14
2.750000e+02 YPH 3 0 2 0.000000e+00 0.000000e+00 0.000000e+00 3.746420e-05 3.160548e-03 3.892955e-05 0.000000e+00 0.000000e+00 9.006919e-01 9.585148e-02 5.191161e-06 0.000000e+00 1.099191e-04 1.045498e-04 5.350951e-14
2.750000e+02 YPH 4 0 2 0.000000e+00 2.792007e-04 0.000000e+00 3.745445e-05 3.161129e-03 3.893728e-05 0.000000e+00 0.000000e+00 9.004392e-01 9.582453e-02 5.189790e-06 0.000000e+00 1.098890e-04 1.045204e-04 5.349544e-14
2.750000e+02 YPH 5 0 2 0.000000e+00 2.791879e-04 0.000000e+00 3.745275e-05 3.155557e-03 3.886910e-05 0.000000e+00 0.000000e+00 9.004443e-01 9.582509e-02 5.189468e-06 0.000000e+00 1.098840e-04 1.045178e-04 5.349186e-14
2.750000e+02 YPH 6 0 2 0.000000e+00 2.792275e-04 0.000000e+00 3.745797e-05 3.171088e-03 3.906007e-05 0.000000e+00 0.000000e+00 9.004301e-01 9.582346e-02 5.190375e-06 0.000000e+00 1.098971e-04 1.045240e-04 5.350193e-14
2.750000e+02 GZS 0 0 2 0.000000e+00 0.000000e+00 0.000000e+00 0.000000e+00 0.000000e+00 1.013269e-04 0.000000e+00 0.000000e+00 9.037207e-01 9.617797e-02 0.000000e+00 0.000000e+00 0.000000e+00 0.000000e+00 0.000000e+00
2.750000e+02 GZS 1 0 2 0.000000e+00 0.000000e+00 0.000000e+00 0.000000e+00 0.000000e+00 0.000000e+00 1.594872e-03 1.594872e-03 9.968103e-01 0.000000e+00 0.000000e+00 0.000000e+00 0.000000e+00 0.000000e+00 0.000000e+00
2.750000e+02 GZS 2 0 2 0.000000e+00 0.000000e+00 0.000000e+00 0.000000e+00 0.000000e+00 0.000000e+00 1.595172e-03 1.595172e-03 9.968097e-01 0.000000e+00 0.000000e+00 0.000000e+00 0.000000e+00 0.000000e+00 0.000000e+00
2.750000e+02 GZS 3 0 2 0.000000e+00 0.000000e+00 0.000000e+00 0.000000e+00 0.000000e+00 0.000000e+00 1.596145e-03 1.596145e-03 9.968077e-01 0.000000e+00 0.000000e+00 0.000000e+00 0.000000e+00 0.000000e+00 0.000000e+00
2.750000e+02 GZS 4 0 2 0.000000e+00 0.000000e+00 0.000000e+00 0.000000e+00 0.000000e+00 0.000000e+00 1.596497e-03 1.596497e-03 9.968070e-01 0.000000e+00 0.000000e+00 0.000000e+00 0.000000e+00 0.000000e+00 0.000000e+00
2.750000e+02 RDG 0 0 2 0.000000e+00 0.000000e+00 0.000000e+00 0.000000e+00 1.765641e-02 1.633322e-04 0.000000e+00 0.000000e+00 8.780118e-01 9.343528e-02 2.662188e-04 0.000000e+00 5.355208e-03 5.111726e-03 2.596524e-12
2.750000e+02 RDG 1 0 2 0.000000e+00 0.000000e+00 0.000000e+00 0.000000e+00 1.805453e-02 1.670128e-04 0.000000e+00 0.000000e+00 8.776545e-01 9.339738e-02 2.660853e-04 0.000000e+00 5.352127e-03 5.108324e-03 2.595320e-12
2.750000e+02 RDG 2 0 2 0.000000e+00 0.000000e+00 0.000000e+00 0.000000e+00 3.212065e-01 1.980085e-04 0.000000e+00 0.000000e+00 0.000000e+00 0.000000e+00 1.671598e-02 0.000000e+00 3.377841e-01 3.240954e-01 1.627652e-10
2.750000e+02 RDG 3 0 2 0.000000e+00 0.000000e+00 0.000000e+00 0.000000e+00 8.063547e-02 4.971057e-05 0.000000e+00 0.000000e+00 0.000000e+00 0.000000e+00 2.264654e-02 0.000000e+00 4.575815e-01 4.390868e-01 2.204499e-10
2.750000e+02 RDG 4 0 2 0.000000e+00 0.000000e+00 0.000000e+00 0.000000e+00 1.037262e-01 6.394551e-05 0.000000e+00 0.000000e+00 0.000000e+00 0.000000e+00 2.207674e-02 0.000000e+00 4.460854e-01 4.280477e-01 2.149198e-10
2.750000e+02 DRE 0 0 1 0.000000e+00 0.000000e+00 0.000000e+00 0.000000e+00 0.000000e+00 0.000000e+00 1.735907e-05 1.735907e-05 9.019295e-01 9.597911e-02 0.000000e+00 0.000000e+00 2.653196e-04 1.791346e-03 1.735907e-13
2.750000e+02 CHI 0 0 1 0.000000e+00 0.000000e+00 0.000000e+00 0.000000e+00 0.000000e+00 0.000000e+00 0.000000e+00 0.000000e+00 0.000000e+00 0.000000e+00 0.000000e+00 0.000000e+00 3.299108e-01 6.700892e-01 3.135067e-12
2.750000e+02 CAL 0 0 1 0.000000e+00 0.000000e+00 0.000000e+00 0.000000e+00 0.000000e+00 0.000000e+00 5.244999e-02 5.244999e-02 0.000000e+00 0.000000e+00 0.000000e+00 0.000000e+00 4.736580e-01 4.214420e-01 2.483279e-10
2.750000e+02 ROT 0 0 1 0.000000e+00 0.000000e+00 0.000000e+00 0.000000e+00 0.000000e+00 0.000000e+00 5.244880e-02 5.244880e-02 0.000000e+00 0.000000e+00 0.000000e+00 0.000000e+00 4.736570e-01 4.214454e-01 2.483221e-10
2.800000e+02 WAE 0 0 2 0.000000e+00 3.073433e-02 0.000000e+00 1.724224e-03 0.000000e+00 9.163721e-05 0.000000e+00 0.000000e+00 8.740208e-01 9.342900e-02 0.000000e+00 0.000000e+00 0.000000e+00 0.000000e+00 0.000000e+00
2.800000e+02 WAE 1 0 2 0.000000e+00 2.423770e-02 2.109279e-01 1.359669e-03 0.000000e+00 7.491117e-05 0.000000e+00 0.000000e+00 6.896773e-01 7.372246e-02 0.000000e+00 0.000000e+00 0.000000e+00 0.000000e+00 0.000000e+00
2.800000e+02 WAE 2 0 2 0.000000e+00 9.838910e-02 8.552183e-01 1.407631e-02 3.228202e-02 3.427756e-05 0.000000e+00 0.000000e+00 0.000000e+00 0.000000e+00 0.000000e+00 0.000000e+00 0.000000e+00 0.000000e+00 0.000000e+00
2.800000e+02 WAE 3 0 2 0.000000e+00 9.827716e-02 8.542883e-01 1.406052e-02 3.333862e-02 3.539971e-05 0.000000e+00 0.000000e+00 0.000000e+00 0.000000e+00 0.000000e+00 0.000000e+00 0.000000e+00 0.000000e+00 0.000000e+00
2.800000e+02 WAE 4 0 2 0.000000e+00 9.826552e-02 8.541758e-01 1.405879e-02 3.346434e-02 3.553371e-05 0.000000e+00 0.000000e+00 0.000000e+00 0.000000e+00 0.000000e+00 0.000000e+00 0.000000e+00 0.000000e+00 0.000000e+00
2.800000e+02 WAE 5 0 2 7.565529e-01 2.236514e-02 1.945532e-01 3.200516e-03 2.330350e-02 2.474634e-05 0.000000e+00 0.000000e+00 0.000000e+00 0.000000e+00 0.000000e+00 0.000000e+00 0.000000e+00 0.000000e+00 0.000000e+00
2.800000e+02 WAE 6 0 2 7.566962e-01 2.236995e-02 1.945863e-01 3.201160e-03 2.312177e-02 2.455396e-05 0.000000e+00 0.000000e+00 0.000000e+00 0.000000e+00 0.000000e+00 0.000000e+00 0.000000e+00 0.000000e+00 0.000000e+00
2.800000e+02 WAE 7 0 2 7.566743e-01 2.236928e-02 1.945808e-01 3.201066e-03 2.314995e-02 2.458388e-05 0.000000e+00 0.000000e+00 0.000000e+00 0.000000e+00 0.000000e+00 0.000000e+00 0.000000e+00 0.000000e+00 0.000000e+00
2.800000e+02 YPH 0 0 2 0.000000e+00 0.000000e+00 0.000000e+00 0.000000e+00 1.150479e-02 1.221945e-04 0.000000e+00 0.000000e+00 8.918642e-01 9.533221e-02 2.621011e-05 0.000000e+00 5.849774e-04 5.654381e-04 2.699551e-13
2.800000e+02 YPH 1 0 2 0.000000e+00 0.000000e+00 0.000000e+00 0.000000e+00 1.192135e-02 1.266692e-04 0.000000e+00 0.000000e+00 8.914857e-01 9.529106e-02 2.618804e-05 0.000000e+00 5.843319e-04 5.647018e-04 2.697486e-13
2.800000e+02 YPH 2 0 2 0.000000e+00 0.000000e+00 0.000000e+00 2.913700e-05 3.211590e-03 3.406188e-05 0.000000e+00 0.000000e+00 9.002554e-01 9.623250e-02 5.300662e-06 0.000000e+00 1.181125e-04 1.139155e-04 5.463811e-14
2.800000e+02 YPH 3 0 2 0.000000e+00 0.000000e+00 0.000000e+00 3.241239e-05 3.208815e-03 3.403352e-05 0.000000e+00 0.000000e+00 9.002550e-01 9.623240e-02 5.300493e-06 0.000000e+00 1.181087e-04 1.139127e-04 5.463625e-14
2.800000e+02 YPH 4 0 2 0.000000e+00 2.627434e-04 0.000000e+00 3.553760e-05 3.209443e-03 3.404072e-05 0.000000e+00 0.000000e+00 9.000144e-01 9.620661e-02 5.299164e-06 0.000000e+00 1.180778e-04 1.138821e-04 5.462262e-14
2.800000e+02 YPH 5 0 2 0.000000e+00 2.627311e-04 0.000000e+00 3.553596e-05 3.203763e-03 3.398093e-05 0.000000e+00 0.000000e+00 9.000196e-01 9.620719e-02 5.298830e-06 0.000000e+00 1.180724e-04 1.138792e-04 5.461891e-14
2.800000e+02 YPH 6 0 2 0.000000e+00 2.627692e-04 0.000000e+00 3.554103e-05 3.219605e-03 3.414858e-05 0.000000e+00 0.000000e+00 9.000051e-01 9.620552e-02 5.299768e-06 0.000000e+00 1.180865e-04 1.138861e-04 5.462932e-14
2.800000e+02 GZS 0 0 2 0.000000e+00 0.000000e+00 0.000000e+00 0.000000e+00 0.000000e+00 8.865596e-05 0.000000e+00 0.000000e+00 9.033445e-01 9.656688e-02 0.000000e+00 0.000000e+00 0.000000e+00 0.000000e+00 0.000000e+00
2.800000e+02 GZS 1 0 2 0.000000e+00 0.000000e+00 0.000000e+00 0.000000e+00 0.000000e+00 0.000000e+00 1.629128e-03 1.629128e-03 9.967417e-01 0.000000e+00 0.000000e+00 0.000000e+00 0.000000e+00 0.000000e+00 0.000000e+00
2.800000e+02 GZS 2 0 2 0.000000e+00 0.000000e+00 0.000000e+00 0.000000e+00 0.000000e+00 0.000000e+00 1.629435e-03 1.629435e-03 9.967411e-01 0.000000e+00 0.000000e+00 0.000000e+00 0.000000e+00 0.000000e+00 0.000000e+00
2.800000e+02 GZS 3 0 2 0.000000e+00 0.000000e+00 0.000000e+00 0.000000e+00 0.000000e+00 0.000000e+00 1.630439e-03 1.630439e-03 9.967391e-01 0.000000e+00 0.000000e+00 0.000000e+00 0.000000e+00 0.000000e+00 0.000000e+00
2.800000e+02 GZS 4 0 2 0.000000e+00 0.000000e+00 0.000000e+00 0.000000e+00 0.000000e+00 0.000000e+00 1.630804e-03 1.630804e-03 9.967384e-01 0.000000e+00 0.000000e+00 0.000000e+00 0.000000e+00 0.000000e+00 0.000000e+00
2.800000e+02 RDG 0 0 2 0.000000e+00 0.000000e+00 0.000000e+00 0.000000e+00 1.783057e-02 1.420577e-04 0.000000e+00 0.000000e+00 8.767285e-01 9.371466e-02 2.715545e-04 0.000000e+00 5.748580e-03 5.564066e-03 2.648537e-12
2.800000e+02 RDG 1 0 2 0.000000e+00 0.000000e+00 0.000000e+00 0.000000e+00 1.824358e-02 1.453461e-04 0.000000e+00 0.000000e+00 8.763590e-01 9.367528e-02 2.714143e-04 0.000000e+00 5.745170e-03 5.560249e-03 2.647273e-12
2.800000e+02 RDG 2 0 2 0.000000e+00 0.000000e+00 0.000000e+00 0.000000e+00 3.093638e-01 1.642300e-04 0.000000e+00 0.000000e+00 0.000000e+00 0.000000e+00 1.607331e-02 0.000000e+00 3.418380e-01 3.325607e-01 1.565068e-10
2.800000e+02 RDG 3 0 2 0.000000e+00 0.000000e+00 0.000000e+00 0.000000e+00 7.717005e-02 4.096916e-05 0.000000e+00 0.000000e+00 0.000000e+00 0.000000e+00 2.148244e-02 0.000000e+00 4.568266e-01 4.444800e-01 2.091138e-10
2.800000e+02 RDG 4 0 2 0.000000e+00 0.000000e+00 0.000000e+00 0.000000e+00 9.918555e-02 5.265691e-05 0.000000e+00 0.000000e+00 0.000000e+00 0.000000e+00 2.096898e-02 0.000000e+00 4.459265e-01 4.338663e-01 2.041323e-10
2.800000e+02 DRE 0 0 1 0.000000e+00 0.000000e+00 0.000000e+00 0.000000e+00 0.000000e+00 0.000000e+00 1.772269e-05 1.772269e-05 9.013904e-01 9.634953e-02 0.000000e+00 0.000000e+00 2.837049e-04 1.940872e-03 1.772269e-13
2.800000e+02 CHI 0 0 1 0.000000e+00 0.000000e+00 0.000000e+00 0.000000e+00 0.000000e+00 0.000000e+00 0.000000e+00 0.000000e+00 0.000000e+00 0.000000e+00 0.000000e+00 0.000000e+00 3.262494e-01 6.737506e-01 3.072677e-12
2.800000e+02 CAL 0 0 1 0.000000e+00 0.000000e+00 0.000000e+00 0.000000e+00 0.000000e+00 0.000000e+00 4.985441e-02 4.985441e-02 0.000000e+00 0.000000e+00 0.000000e+00 0.000000e+00 4.732649e-01 4.270263e-01 2.360391e-10
2.800000e+02 ROT 0 0 1 0.000000e+00 0.000000e+00 0.000000e+00 0.000000e+00 0.000000e+00 0.000000e+00 4.985318e-02 4.985318e-02 0.000000e+00 0.000000e+00 0.000000e+00 0.000000e+00 4.732639e-01 4.270297e-01 2.360330e-10
2.850000e+02 WAE 0 0 2 0.000000e+00 2.849987e-02 0.000000e+00 1.632567e-03 0.000000e+00 7.953774e-05 0.000000e+00 0.000000e+00 8.757464e-01 9.404165e-02 0.000000e+00 0.000000e+00 0.000000e+00 0.000000e+00 0.000000e+00
2.850000e+02 WAE 1 0 2 0.000000e+00 2.175202e-02 2.362737e-01 1.245941e-03 0.000000e+00 6.320953e-05 0.000000e+00 0.000000e+00 6.688429e-01 7.182229e-02 0.000000e+00 0.000000e+00 0.000000e+00 0.000000e+00 0.000000e+00
2.850000e+02 WAE 2 0 2 0.000000e+00 8.067372e-02 8.751980e-01 1.240334e-02 3.169632e-02 2.862639e-05 0.000000e+00 0.000000e+00 0.000000e+00 0.000000e+00 0.000000e+00 0.000000e+00 0.000000e+00 0.000000e+00 0.000000e+00
2.850000e+02 WAE 3 0 2 0.000000e+00 8.059210e-02 8.743553e-01 1.239099e-02 3.263211e-02 2.947176e-05 0.000000e+00 0.000000e+00 0.000000e+00 0.000000e+00 0.000000e+00 0.000000e+00 0.000000e+00 0.000000e+00 0.000000e+00
2.850000e+02 WAE 4 0 2 0.000000e+00 8.058383e-02 8.742534e-01 1.238967e-02 3.274348e-02 2.957280e-05 0.000000e+00 0.000000e+00 0.000000e+00 0.000000e+00 0.000000e+00 0.000000e+00 0.000000e+00 0.000000e+00 0.000000e+00
2.850000e+02 WAE 5 0 2 7.446554e-01 1.934726e-02 2.100655e-01 2.975407e-03 2.293573e-02 2.071637e-05 0.000000e+00 0.000000e+00 0.000000e+00 0.000000e+00 0.000000e+00 0.000000e+00 0.000000e+00 0.000000e+00 0.000000e+00
2.850000e+02 WAE 6 0 2 7.447851e-01 1.935115e-02 2.100981e-01 2.975960e-03 2.276915e-02 2.056646e-05 0.000000e+00 0.000000e+00 0.000000e+00 0.000000e+00 0.000000e+00 0.000000e+00 0.000000e+00 0.000000e+00 0.000000e+00
2.850000e+02 WAE 7 0 2 7.447653e-01 1.935061e-02 2.100927e-01 2.975879e-03 2.279498e-02 2.058979e-05 0.000000e+00 0.000000e+00 0.000000e+00 0.000000e+00 0.000000e+00 0.000000e+00 0.000000e+00 0.000000e+00 0.000000e+00
2.850000e+02 YPH 0 0 2 0.000000e+00 0.000000e+00 0.000000e+00 0.000000e+00 1.164701e-02 1.052285e-04 0.000000e+00 0.000000e+00 8.912670e-01 9.570381e-02 2.679763e-05 0.000000e+00 6.314847e-04 6.187072e-04 2.760031e-13
2.850000e+02 YPH 1 0 2 0.000000e+00 0.000000e+00 0.000000e+00 0.000000e+00 1.208693e-02 1.092506e-04 0.000000e+00 0.000000e+00 8.908682e-01 9.566025e-02 2.677429e-05 0.000000e+00 6.307586e-04 6.178671e-04 2.757847e-13
2.850000e+02 YPH 2 0 2 0.000000e+00 0.000000e+00 0.000000e+00 2.750600e-05 3.264931e-03 2.944933e-05 0.000000e+00 0.000000e+00 8.997971e-01 9.662343e-02 5.420468e-06 0.000000e+00 1.275256e-04 1.246684e-04 5.587278e-14
2.850000e+02 YPH 3 0 2 0.000000e+00 0.000000e+00 0.000000e+00 2.750580e-05 3.262106e-03 2.942487e-05 0.000000e+00 0.000000e+00 8.997997e-01 9.662365e-02 5.420310e-06 0.000000e+00 1.275218e-04 1.246656e-04 5.587102e-14
2.850000e+02 YPH 4 0 2 0.000000e+00 2.461603e-04 0.000000e+00 3.356589e-05 3.262784e-03 2.943149e-05 0.000000e+00 0.000000e+00 8.995714e-01 9.659908e-02 5.419025e-06 0.000000e+00 1.274902e-04 1.246337e-04 5.585784e-14
2.850000e+02 YPH 5 0 2 0.000000e+00 2.461486e-04 0.000000e+00 3.356431e-05 3.256991e-03 2.937967e-05 0.000000e+00 0.000000e+00 8.995767e-01 9.659967e-02 5.418679e-06 0.000000e+00 1.274843e-04 1.246305e-04 5.585400e-14
2.850000e+02 YPH 6 0 2 0.000000e+00 2.461852e-04 0.000000e+00 3.356922e-05 3.273161e-03 2.952512e-05 0.000000e+00 0.000000e+00 8.995620e-01 9.659796e-02 5.419651e-06 0.000000e+00 1.274996e-04 1.246382e-04 5.586478e-14
2.850000e+02 GZS 0 0 2 0.000000e+00 0.000000e+00 0.000000e+00 0.000000e+00 0.000000e+00 7.671992e-05 0.000000e+00 0.000000e+00 9.029563e-01 9.696695e-02 0.000000e+00 0.000000e+00 0.000000e+00 0.000000e+00 0.000000e+00
2.850000e+02 GZS 1 0 2 0.000000e+00 0.000000e+00 0.000000e+00 0.000000e+00 0.000000e+00 0.000000e+00 1.666658e-03 1.666658e-03 9.966667e-01 0.000000e+00 0.000000e+00 0.000000e+00 0.000000e+00 0.000000e+00 0.000000e+00
2.850000e+02 GZS 2 0 2 0.000000e+00 0.000000e+00 0.000000e+00 0.000000e+00 0.000000e+00 0.000000e+00 1.666974e-03 1.666974e-03 9.966661e-01 0.000000e+00 0.000000e+00 0.000000e+00 0.000000e+00 0.000000e+00 0.000000e+00
2.850000e+02 GZS 3 0 2 0.000000e+00 0.000000e+00 0.000000e+00 0.000000e+00 0.000000e+00 0.000000e+00 1.668012e-03 1.668012e-03 9.966640e-01 0.000000e+00 0.000000e+00 0.000000e+00 0.000000e+00 0.000000e+00 0.000000e+00
2.850000e+02 GZS 4 0 2 0.000000e+00 0.000000e+00 0.000000e+00 0.000000e+00 0.000000e+00 0.000000e+00 1.668391e-03 1.668391e-03 9.966632e-01 0.000000e+00 0.000000e+00 0.000000e+00 0.000000e+00 0.000000e+00 0.000000e+00
2.850000e+02 RDG 0 0 2 0.000000e+00 0.000000e+00 0.000000e+00 0.000000e+00 1.801923e-02 1.221209e-04 0.000000e+00 0.000000e+00 8.753085e-01 9.399051e-02 2.773766e-04 0.000000e+00 6.199796e-03 6.082502e-03 2.705290e-12
2.850000e+02 RDG 1 0 2 0.000000e+00 0.000000e+00 0.000000e+00 0.000000e+00 1.844886e-02 1.250309e-04 0.000000e+00 0.000000e+00 8.749252e-01 9.394948e-02 2.772289e-04 0.000000e+00 6.195995e-03 6.078190e-03 2.703959e-12
2.850000e+02 RDG 2 0 2 0.000000e+00 0.000000e+00 0.000000e+00 0.000000e+00 2.971400e-01 1.341660e-04 0.000000e+00 0.000000e+00 0.000000e+00 0.000000e+00 1.541013e-02 0.000000e+00 3.460698e-01 3.412459e-01 1.500486e-10
2.850000e+02 RDG 3 0 2 0.000000e+00 0.000000e+00 0.000000e+00 0.000000e+00 7.368974e-02 3.327482e-05 0.000000e+00 0.000000e+00 0.000000e+00 0.000000e+00 2.031369e-02 0.000000e+00 4.561335e-01 4.498298e-01 1.977323e-10
2.850000e+02 RDG 4 0 2 0.000000e+00 0.000000e+00 0.000000e+00 0.000000e+00 9.461354e-02 4.272288e-05 0.000000e+00 0.000000e+00 0.000000e+00 0.000000e+00 1.985390e-02 0.000000e+00 4.458300e-01 4.396598e-01 1.932736e-10
2.850000e+02 DRE 0 0 1 0.000000e+00 0.000000e+00 0.000000e+00 0.000000e+00 0.000000e+00 0.000000e+00 1.812099e-05 1.812099e-05 9.008191e-01 9.672870e-02 0.000000e+00 0.000000e+00 3.048425e-04 2.111129e-03 1.812099e-13
2.850000e+02 CHI 0 0 1 0.000000e+00 0.000000e+00 0.000000e+00 0.000000e+00 0.000000e+00 0.000000e+00 0.000000e+00 0.000000e+00 0.000000e+00 0.000000e+00 0.000000e+00 0.000000e+00 3.225465e-01 6.774535e-01 3.010066e-12
2.850000e+02 CAL 0 0 1 0.000000e+00 0.000000e+00 0.000000e+00 0.000000e+00 0.000000e+00 0.000000e+00 4.723926e-02 4.723926e-02 0.000000e+00 0.000000e+00 0.000000e+00 0.000000e+00 4.729642e-01 4.325573e-01 2.236575e-10
2.850000e+02 ROT 0 0 1 0.000000e+00 0.000000e+00 0.000000e+00 0.000000e+00 0.000000e+00 0.000000e+00 4.723800e-02 4.723800e-02 0.000000e+00 0.000000e+00 0.000000e+00 0.000000e+00 4.729632e-01 4.325608e-01 2.236513e-10
2.900000e+02 WAE 0 0 2 0.000000e+00 2.630377e-02 0.000000e+00 1.538195e-03 0.000000e+00 6.818911e-05 0.000000e+00 0.000000e+00 8.774256e-01 9.466427e-02 0.000000e+00 0.000000e+00 0.000000e+00 0.000000e+00 0.000000e+00
2.900000e+02 WAE 1 0 2 0.000000e+00 1.935055e-02 2.638092e-01 1.131500e-03 0.000000e+00 5.249123e-05 0.000000e+00 0.000000e+00 6.459651e-01 6.969111e-02 0.000000e+00 0.000000e+00 0.000000e+00 0.000000e+00 0.000000e+00
2.900000e+02 WAE 2 0 2 0.000000e+00 6.554620e-02 8.924362e-01 1.089201e-02 3.110206e-02 2.356198e-05 0.000000e+00 0.000000e+00 0.000000e+00 0.000000e+00 0.000000e+00 0.000000e+00 0.000000e+00 0.000000e+00 0.000000e+00
2.900000e+02 WAE 3 0 2 0.000000e+00 6.548756e-02 8.916799e-01 1.088245e-02 3.192593e-02 2.418629e-05 0.000000e+00 0.000000e+00 0.000000e+00 0.000000e+00 0.000000e+00 0.000000e+00 0.000000e+00 0.000000e+00 0.000000e+00
2.900000e+02 WAE 4 0 2 0.000000e+00 6.548182e-02 8.915885e-01 1.088144e-02 3.202401e-02 2.426101e-05 0.000000e+00 0.000000e+00 0.000000e+00 0.000000e+00 0.000000e+00 0.000000e+00 0.000000e+00 0.000000e+00 0.000000e+00
2.900000e+02 WAE 5 0 2 7.317866e-01 1.660480e-02 2.262799e-01 2.760125e-03 2.255147e-02 1.708612e-05 0.000000e+00 0.000000e+00 0.000000e+00 0.000000e+00 0.000000e+00 0.000000e+00 0.000000e+00 0.000000e+00 0.000000e+00
2.900000e+02 WAE 6 0 2 7.319032e-01 1.660792e-02 2.263118e-01 2.760597e-03 2.239953e-02 1.697149e-05 0.000000e+00 0.000000e+00 0.000000e+00 0.000000e+00 0.000000e+00 0.000000e+00 0.000000e+00 0.000000e+00 0.000000e+00
2.900000e+02 WAE 7 0 2 7.318854e-01 1.660750e-02 2.263065e-01 2.760529e-03 2.242309e-02 1.698934e-05 0.000000e+00 0.000000e+00 0.000000e+00 0.000000e+00 0.000000e+00 0.000000e+00 0.000000e+00 0.000000e+00 0.000000e+00
2.900000e+02 YPH 0 0 2 0.000000e+00 0.000000e+00 0.000000e+00 0.000000e+00 1.180237e-02 8.945381e-05 0.000000e+00 0.000000e+00 8.906316e-01 9.608415e-02 2.744401e-05 0.000000e+00 6.849193e-04 6.801091e-04 2.826567e-13
2.900000e+02 YPH 1 0 2 0.000000e+00 0.000000e+00 0.000000e+00 0.000000e+00 1.226902e-02 9.303499e-05 0.000000e+00 0.000000e+00 8.902094e-01 9.603784e-02 2.741920e-05 0.000000e+00 6.840962e-04 6.791430e-04 2.824247e-13
2.900000e+02 YPH 2 0 2 0.000000e+00 0.000000e+00 0.000000e+00 2.583998e-05 3.324037e-03 2.514590e-05 0.000000e+00 0.000000e+00 8.993186e-01 9.702537e-02 5.552366e-06 0.000000e+00 1.383453e-04 1.370673e-04 5.723204e-14
2.900000e+02 YPH 3 0 2 0.000000e+00 0.000000e+00 0.000000e+00 2.583980e-05 3.321153e-03 2.512504e-05 0.000000e+00 0.000000e+00 8.993213e-01 9.702559e-02 5.552200e-06 0.000000e+00 1.383410e-04 1.370640e-04 5.723019e-14
2.900000e+02 YPH 4 0 2 0.000000e+00 2.487713e-05 0.000000e+00 3.155553e-05 3.322424e-03 2.513509e-05 0.000000e+00 0.000000e+00 8.992926e-01 9.702244e-02 5.552112e-06 0.000000e+00 1.383373e-04 1.370595e-04 5.722935e-14
2.900000e+02 YPH 5 0 2 0.000000e+00 2.295156e-04 0.000000e+00 3.154758e-05 3.315978e-03 2.508677e-05 0.000000e+00 0.000000e+00 8.991138e-01 9.700317e-02 5.550618e-06 0.000000e+00 1.383024e-04 1.370276e-04 5.721368e-14
2.900000e+02 YPH 6 0 2 0.000000e+00 2.295505e-04 0.000000e+00 3.155231e-05 3.332493e-03 2.521128e-05 0.000000e+00 0.000000e+00 8.990989e-01 9.700142e-02 5.551627e-06 0.000000e+00 1.383193e-04 1.370363e-04 5.722486e-14
2.900000e+02 GZS 0 0 2 0.000000e+00 0.000000e+00 0.000000e+00 0.000000e+00 0.000000e+00 6.557481e-05 0.000000e+00 0.000000e+00 9.025555e-01 9.737893e-02 0.000000e+00 0.000000e+00 0.000000e+00 0.000000e+00 0.000000e+00
2.900000e+02 GZS 1 0 2 0.000000e+00 0.000000e+00 0.000000e+00 0.000000e+00 0.000000e+00 0.000000e+00 1.707964e-03 1.707964e-03 9.965841e-01 0.000000e+00 0.000000e+00 0.000000e+00 0.000000e+00 0.000000e+00 0.000000e+00
2.900000e+02 GZS 2 0 2 0.000000e+00 0.000000e+00 0.000000e+00 0.000000e+00 0.000000e+00 0.000000e+00 1.708289e-03 1.708289e-03 9.965834e-01 0.000000e+00 0.000000e+00 0.000000e+00 0.000000e+00 0.000000e+00 0.000000e+00
2.900000e+02 GZS 3 0 2 0.000000e+00 0.000000e+00 0.000000e+00 0.000000e+00 0.000000e+00 0.000000e+00 1.709365e-03 1.709365e-03 9.965813e-01 0.000000e+00 0.000000e+00 0.000000e+00 0.000000e+00 0.000000e+00 0.000000e+00
2.900000e+02 GZS 4 0 2 0.000000e+00 0.000000e+00 0.000000e+00 0.000000e+00 0.000000e+00 0.000000e+00 1.709760e-03 1.709760e-03 9.965805e-01 0.000000e+00 0.000000e+00 0.000000e+00 0.000000e+00 0.000000e+00 0.000000e+00
2.900000e+02 RDG 0 0 2 0.000000e+00 0.000000e+00 0.000000e+00 0.000000e+00 1.822423e-02 1.036153e-04 0.000000e+00 0.000000e+00 8.737311e-01 9.426119e-02 2.837565e-04 0.000000e+00 6.717165e-03 6.678899e-03 2.767479e-12
2.900000e+02 RDG 1 0 2 0.000000e+00 0.000000e+00 0.000000e+00 0.000000e+00 1.867252e-02 1.061626e-04 0.000000e+00 0.000000e+00 8.733325e-01 9.421830e-02 2.836002e-04 0.000000e+00 6.712896e-03 6.673990e-03 2.766069e-12
2.900000e+02 RDG 2 0 2 0.000000e+00 0.000000e+00 0.000000e+00 0.000000e+00 2.846166e-01 1.077937e-04 0.000000e+00 0.000000e+00 0.000000e+00 0.000000e+00 1.473085e-02 0.000000e+00 3.503939e-01 3.501509e-01 1.434337e-10
2.900000e+02 RDG 3 0 2 0.000000e+00 0.000000e+00 0.000000e+00 0.000000e+00 7.022180e-02 2.659715e-05 0.000000e+00 0.000000e+00 0.000000e+00 0.000000e+00 1.914942e-02 0.000000e+00 4.554302e-01 4.551720e-01 1.863944e-10
2.900000e+02 RDG 4 0 2 0.000000e+00 0.000000e+00 0.000000e+00 0.000000e+00 9.004594e-02 3.410560e-05 0.000000e+00 0.000000e+00 0.000000e+00 0.000000e+00 1.874021e-02 0.000000e+00 4.457211e-01 4.454587e-01 1.824281e-10
2.900000e+02 DRE 0 0 1 0.000000e+00 0.000000e+00 0.000000e+00 0.000000e+00 0.000000e+00 0.000000e+00 1.855926e-05 1.855926e-05 9.002111e-01 9.711697e-02 0.000000e+00 0.000000e+00 3.290937e-04 2.305691e-03 1.855926e-13
2.900000e+02 CHI 0 0 1 0.000000e+00 0.000000e+00 0.000000e+00 0.000000e+00 0.000000e+00 0.000000e+00 0.000000e+00 0.000000e+00 0.000000e+00 0.000000e+00 0.000000e+00 0.000000e+00 3.187957e-01 6.812043e-01 2.947137e-12
2.900000e+02 CAL 0 0 1 0.000000e+00 0.000000e+00 0.000000e+00 0.000000e+00 0.000000e+00 0.000000e+00 4.462594e-02 4.462594e-02 0.000000e+00 0.000000e+00 0.000000e+00 0.000000e+00 4.726745e-01 4.380736e-01 2.112847e-10
2.900000e+02 ROT 0 0 1 0.000000e+00 0.000000e+00 0.000000e+00 0.000000e+00 0.000000e+00 0.000000e+00 4.462466e-02 4.462466e-02 0.000000e+00 0.000000e+00 0.000000e+00 0.000000e+00 4.726734e-01 4.380773e-01 2.112784e-10
2.950000e+02 WAE 0 0 2 0.000000e+00 2.415372e-02 0.000000e+00 1.441602e-03 0.000000e+00 5.765297e-05 0.000000e+00 0.000000e+00 8.790501e-01 9.529695e-02 0.000000e+00 0.000000e+00 0.000000e+00 0.000000e+00 0.000000e+00
2.950000e+02 WAE 1 0 2 0.000000e+00 1.705038e-02 2.935185e-01 1.017562e-03 0.000000e+00 4.281725e-05 0.000000e+00 0.000000e+00 6.210452e-01 6.732560e-02 0.000000e+00 0.000000e+00 0.000000e+00 0.000000e+00 0.000000e+00
2.950000e+02 WAE 2 0 2 0.000000e+00 5.276897e-02 9.071745e-01 9.539138e-03 3.049830e-02 1.907923e-05 0.000000e+00 0.000000e+00 0.000000e+00 0.000000e+00 0.000000e+00 0.000000e+00 0.000000e+00 0.000000e+00 0.000000e+00
2.950000e+02 WAE 3 0 2 0.000000e+00 5.272746e-02 9.065017e-01 9.531794e-03 3.121949e-02 1.953054e-05 0.000000e+00 0.000000e+00 0.000000e+00 0.000000e+00 0.000000e+00 0.000000e+00 0.000000e+00 0.000000e+00 0.000000e+00
2.950000e+02 WAE 4 0 2 0.000000e+00 5.272357e-02 9.064204e-01 9.531034e-03 3.130537e-02 1.958463e-05 0.000000e+00 0.000000e+00 0.000000e+00 0.000000e+00 0.000000e+00 0.000000e+00 0.000000e+00 0.000000e+00 0.000000e+00
2.950000e+02 WAE 5 0 2 5.841247e-01 2.071697e-02 3.674825e-01 3.788821e-03 2.387215e-02 1.486729e-05 0.000000e+00 0.000000e+00 0.000000e+00 0.000000e+00 0.000000e+00 0.000000e+00 0.000000e+00 0.000000e+00 0.000000e+00
2.950000e+02 WAE 6 0 2 7.181035e-01 1.413310e-02 2.431814e-01 2.555696e-03 2.201258e-02 1.377268e-05 0.000000e+00 0.000000e+00 0.000000e+00 0.000000e+00 0.000000e+00 0.000000e+00 0.000000e+00 0.000000e+00 0.000000e+00
2.950000e+02 WAE 7 0 2 7.180877e-01 1.413277e-02 2.431762e-01 2.555639e-03 2.203395e-02 1.378606e-05 0.000000e+00 0.000000e+00 0.000000e+00 0.000000e+00 0.000000e+00 0.000000e+00 0.000000e+00 0.000000e+00 0.000000e+00
2.950000e+02 YPH 0 0 2 0.000000e+00 0.000000e+00 0.000000e+00 0.000000e+00 1.197263e-02 7.494426e-05 0.000000e+00 0.000000e+00 8.899528e-01 9.647357e-02 2.815856e-05 0.000000e+00 7.466094e-04 7.512582e-04 2.900119e-13
2.950000e+02 YPH 1 0 2 0.000000e+00 0.000000e+00 0.000000e+00 0.000000e+00 1.247001e-02 7.809865e-05 0.000000e+00 0.000000e+00 8.895039e-01 9.642409e-02 2.813204e-05 0.000000e+00 7.456684e-04 7.501380e-04 2.897639e-13
2.950000e+02 YPH 2 0 2 0.000000e+00 0.000000e+00 0.000000e+00 2.414753e-05 3.389785e-03 2.117193e-05 0.000000e+00 0.000000e+00 8.988179e-01 9.743902e-02 5.698281e-06 0.000000e+00 1.508423e-04 1.514401e-04 5.873573e-14
2.950000e+02 YPH 3 0 2 0.000000e+00 0.000000e+00 0.000000e+00 2.414737e-05 3.386837e-03 2.115440e-05 0.000000e+00 0.000000e+00 8.988206e-01 9.743925e-02 5.698106e-06 0.000000e+00 1.508375e-04 1.514363e-04 5.873378e-14
2.950000e+02 YPH 4 0 2 0.000000e+00 0.000000e+00 0.000000e+00 2.950399e-05 3.388185e-03 2.116324e-05 0.000000e+00 0.000000e+00 8.988146e-01 9.743853e-02 5.698165e-06 0.000000e+00 1.508372e-04 1.514351e-04 5.873446e-14
2.950000e+02 YPH 5 0 2 0.000000e+00 2.129090e-04 0.000000e+00 2.949621e-05 3.381599e-03 2.112251e-05 0.000000e+00 0.000000e+00 8.986286e-01 9.741839e-02 5.696574e-06 0.000000e+00 1.507978e-04 1.513984e-04 5.871778e-14
2.950000e+02 YPH 6 0 2 0.000000e+00 2.129424e-04 0.000000e+00 2.950076e-05 3.398477e-03 2.122747e-05 0.000000e+00 0.000000e+00 8.986133e-01 9.741660e-02 5.697625e-06 0.000000e+00 1.508164e-04 1.514084e-04 5.872941e-14
2.950000e+02 GZS 0 0 2 0.000000e+00 0.000000e+00 0.000000e+00 0.000000e+00 0.000000e+00 5.527377e-05 0.000000e+00 0.000000e+00 9.021410e-01 9.780371e-02 0.000000e+00 0.000000e+00 0.000000e+00 0.000000e+00 0.000000e+00
2.950000e+02 GZS 1 0 2 0.000000e+00 0.000000e+00 0.000000e+00 0.000000e+00 0.000000e+00 0.000000e+00 1.753648e-03 1.753648e-03 9.964927e-01 0.000000e+00 0.000000e+00 0.000000e+00 0.000000e+00 0.000000e+00 0.000000e+00
2.950000e+02 GZS 2 0 2 0.000000e+00 0.000000e+00 0.000000e+00 0.000000e+00 0.000000e+00 0.000000e+00 1.753984e-03 1.753984e-03 9.964920e-01 0.000000e+00 0.000000e+00 0.000000e+00 0.000000e+00 0.000000e+00 0.000000e+00
2.950000e+02 GZS 3 0 2 0.000000e+00 0.000000e+00 0.000000e+00 0.000000e+00 0.000000e+00 0.000000e+00 1.755102e-03 1.755102e-03 9.964898e-01 0.000000e+00 0.000000e+00 0.000000e+00 0.000000e+00 0.000000e+00 0.000000e+00
2.950000e+02 GZS 4 0 2 0.000000e+00 0.000000e+00 0.000000e+00 0.000000e+00 0.000000e+00 0.000000e+00 1.755514e-03 1.755514e-03 9.964890e-01 0.000000e+00 0.000000e+00 0.000000e+00 0.000000e+00 0.000000e+00 0.000000e+00
2.950000e+02 RDG 0 0 2 0.000000e+00 0.000000e+00 0.000000e+00 0.000000e+00 1.844770e-02 8.662594e-05 0.000000e+00 0.000000e+00 8.719691e-01 9.452438e-02 2.907779e-04 0.000000e+00 7.313065e-03 7.368384e-03 2.835918e-12
2.950000e+02 RDG 1 0 2 0.000000e+00 0.000000e+00 0.000000e+00 0.000000e+00 1.891703e-02 8.882863e-05 0.000000e+00 0.000000e+00 8.715531e-01 9.447941e-02 2.906118e-04 0.000000e+00 7.308231e-03 7.362753e-03 2.834419e-12
2.950000e+02 RDG 2 0 2 0.000000e+00 0.000000e+00 0.000000e+00 0.000000e+00 2.718377e-01 8.501393e-05 0.000000e+00 0.000000e+00 0.000000e+00 0.000000e+00 1.403785e-02 0.000000e+00 3.547860e-01 3.592535e-01 1.366852e-10
2.950000e+02 RDG 3 0 2 0.000000e+00 0.000000e+00 0.000000e+00 0.000000e+00 6.678077e-02 2.088644e-05 0.000000e+00 0.000000e+00 0.000000e+00 0.000000e+00 1.799447e-02 0.000000e+00 4.547084e-01 4.604955e-01 1.751473e-10
2.950000e+02 RDG 4 0 2 0.000000e+00 0.000000e+00 0.000000e+00 0.000000e+00 8.550206e-02 2.674163e-05 0.000000e+00 0.000000e+00 0.000000e+00 0.000000e+00 1.763257e-02 0.000000e+00 4.455891e-01 4.512495e-01 1.716417e-10
2.950000e+02 DRE 0 0 1 0.000000e+00 0.000000e+00 0.000000e+00 0.000000e+00 0.000000e+00 0.000000e+00 1.904381e-05 1.904381e-05 8.995612e-01 9.751468e-02 0.000000e+00 0.000000e+00 3.570420e-04 2.529020e-03 1.904381e-13
2.950000e+02 CHI 0 0 1 0.000000e+00 0.000000e+00 0.000000e+00 0.000000e+00 0.000000e+00 0.000000e+00 0.000000e+00 0.000000e+00 0.000000e+00 0.000000e+00 0.000000e+00 0.000000e+00 3.149911e-01 6.850089e-01 2.883792e-12
2.950000e+02 CAL 0 0 1 0.000000e+00 0.000000e+00 0.000000e+00 0.000000e+00 0.000000e+00 0.000000e+00 4.202559e-02 4.202559e-02 0.000000e+00 0.000000e+00 0.000000e+00 0.000000e+00 4.723876e-01 4.435612e-01 1.989732e-10
2.950000e+02 ROT 0 0 1 0.000000e+00 0.000000e+00 0.000000e+00 0.000000e+00 0.000000e+00 0.000000e+00 4.202428e-02 4.202428e-02 0.000000e+00 0.000000e+00 0.000000e+00 0.000000e+00 4.723865e-01 4.435650e-01 1.989668e-10
3.000000e+02 WAE 0 0 2 0.000000e+00 2.205573e-02 0.000000e+00 1.343225e-03 0.000000e+00 4.798557e-05 0.000000e+00 0.000000e+00 8.806130e-01 9.594004e-02 0.000000e+00 0.000000e+00 0.000000e+00 0.000000e+00 0.000000e+00
3.000000e+02 WAE 1 0 2 0.000000e+00 1.773959e-02 1.918469e-01 1.081321e-03 0.000000e+00 3.959908e-05 0.000000e+00 0.000000e+00 7.117342e-01 7.755838e-02 0.000000e+00 0.000000e+00 0.000000e+00 0.000000e+00 0.000000e+00
3.000000e+02 WAE 2 0 2 0.000000e+00 4.208624e-02 9.196774e-01 8.337544e-03 2.988368e-02 1.516705e-05 0.000000e+00 0.000000e+00 0.000000e+00 0.000000e+00 0.000000e+00 0.000000e+00 0.000000e+00 0.000000e+00 0.000000e+00
3.000000e+02 WAE 3 0 2 0.000000e+00 4.205729e-02 9.190838e-01 8.331947e-03 3.051153e-02 1.548584e-05 0.000000e+00 0.000000e+00 0.000000e+00 0.000000e+00 0.000000e+00 0.000000e+00 0.000000e+00 0.000000e+00 0.000000e+00
3.000000e+02 WAE 4 0 2 0.000000e+00 4.205472e-02 9.190121e-01 8.331383e-03 3.058631e-02 1.552411e-05 0.000000e+00 0.000000e+00 0.000000e+00 0.000000e+00 0.000000e+00 0.000000e+00 0.000000e+00 0.000000e+00 0.000000e+00
3.000000e+02 WAE 5 0 2 0.000000e+00 4.205055e-02 9.189175e-01 8.330544e-03 3.068582e-02 1.557478e-05 0.000000e+00 0.000000e+00 0.000000e+00 0.000000e+00 0.000000e+00 0.000000e+00 0.000000e+00 0.000000e+00 0.000000e+00
3.000000e+02 WAE 6 0 2 7.034582e-01 1.191670e-02 2.606445e-01 2.361619e-03 2.160807e-02 1.096857e-05 0.000000e+00 0.000000e+00 0.000000e+00 0.000000e+00 0.000000e+00 0.000000e+00 0.000000e+00 0.000000e+00 0.000000e+00
3.000000e+02 WAE 7 0 2 7.034442e-01 1.191645e-02 2.606394e-01 2.361571e-03 2.162737e-02 1.097836e-05 0.000000e+00 0.000000e+00 0.000000e+00 0.000000e+00 0.000000e+00 0.000000e+00 0.000000e+00 0.000000e+00 0.000000e+00
3.000000e+02 YPH 0 0 2 0.000000e+00 0.000000e+00 0.000000e+00 0.000000e+00 1.215982e-02 6.176319e-05 0.000000e+00 0.000000e+00 8.892247e-01 9.687242e-02 2.895256e-05 0.000000e+00 8.182055e-04 8.341444e-04 2.981846e-13
3.000000e+02 YPH 1 0 2 0.000000e+00 0.000000e+00 0.000000e+00 0.000000e+00 1.269277e-02 6.450761e-05 0.000000e+00 0.000000e+00 8.887446e-01 9.681926e-02 2.892404e-05 0.000000e+00 8.171199e-04 8.328338e-04 2.979179e-13
3.000000e+02 YPH 2 0 2 0.000000e+00 0.000000e+00 0.000000e+00 2.243613e-05 3.463223e-03 1.754533e-05 0.000000e+00 0.000000e+00 8.982922e-01 9.786517e-02 5.860551e-06 0.000000e+00 1.653540e-04 1.681917e-04 6.040794e-14
3.000000e+02 YPH 3 0 2 0.000000e+00 0.000000e+00 0.000000e+00 2.243598e-05 3.460209e-03 1.753088e-05 0.000000e+00 0.000000e+00 8.982950e-01 9.786540e-02 5.860366e-06 0.000000e+00 1.653484e-04 1.681872e-04 6.040588e-14
3.000000e+02 YPH 4 0 2 0.000000e+00 0.000000e+00 0.000000e+00 2.645671e-05 3.461589e-03 1.753824e-05 0.000000e+00 0.000000e+00 8.982902e-01 9.786481e-02 5.860435e-06 0.000000e+00 1.653484e-04 1.681861e-04 6.040666e-14
3.000000e+02 YPH 5 0 2 0.000000e+00 1.963929e-04 0.000000e+00 2.741932e-05 3.454903e-03 1.750477e-05 0.000000e+00 0.000000e+00 8.981184e-01 9.784611e-02 5.858882e-06 0.000000e+00 1.653075e-04 1.681478e-04 6.039037e-14
3.000000e+02 YPH 6 0 2 0.000000e+00 1.964245e-04 0.000000e+00 2.742367e-05 3.472160e-03 1.759171e-05 0.000000e+00 0.000000e+00 8.981028e-01 9.784428e-02 5.859981e-06 0.000000e+00 1.653283e-04 1.681593e-04 6.040251e-14
3.000000e+02 GZS 0 0 2 0.000000e+00 0.000000e+00 0.000000e+00 0.000000e+00 0.000000e+00 4.586385e-05 0.000000e+00 0.000000e+00 9.017119e-01 9.824225e-02 0.000000e+00 0.000000e+00 0.000000e+00 0.000000e+00 0.000000e+00
3.000000e+02 GZS 1 0 2 0.000000e+00 0.000000e+00 0.000000e+00 0.000000e+00 0.000000e+00 0.000000e+00 1.804440e-03 1.804440e-03 9.963911e-01 0.000000e+00 0.000000e+00 0.000000e+00 0.000000e+00 0.000000e+00 0.000000e+00
3.000000e+02 GZS 2 0 2 0.000000e+00 0.000000e+00 0.000000e+00 0.000000e+00 0.000000e+00 0.000000e+00 1.804788e-03 1.804788e-03 9.963904e-01 0.000000e+00 0.000000e+00 0.000000e+00 0.000000e+00 0.000000e+00 0.000000e+00
3.000000e+02 GZS 3 0 2 0.000000e+00 0.000000e+00 0.000000e+00 0.000000e+00 0.000000e+00 0.000000e+00 1.805953e-03 1.805953e-03 9.963881e-01 0.000000e+00 0.000000e+00 0.000000e+00 0.000000e+00 0.000000e+00 0.000000e+00
3.000000e+02 GZS 4 0 2 0.000000e+00 0.000000e+00 0.000000e+00 0.000000e+00 0.000000e+00 0.000000e+00 1.806385e-03 1.806385e-03 9.963872e-01 0.000000e+00 0.000000e+00 0.000000e+00 0.000000e+00 0.000000e+00 0.000000e+00
3.000000e+02 RDG 0 0 2 0.000000e+00 0.000000e+00 0.000000e+00 0.000000e+00 1.869206e-02 7.122474e-05 0.000000e+00 0.000000e+00 8.699888e-01 9.477714e-02 2.985411e-04 0.000000e+00 8.002775e-03 8.169475e-03 2.911587e-12
3.000000e+02 RDG 1 0 2 0.000000e+00 0.000000e+00 0.000000e+00 0.000000e+00 1.918524e-02 7.310305e-05 0.000000e+00 0.000000e+00 8.695533e-01 9.472981e-02 2.983636e-04 0.000000e+00 7.997256e-03 8.162961e-03 2.909983e-12
3.000000e+02 RDG 2 0 2 0.000000e+00 0.000000e+00 0.000000e+00 0.000000e+00 2.588563e-01 6.567541e-05 0.000000e+00 0.000000e+00 0.000000e+00 0.000000e+00 1.333401e-02 0.000000e+00 3.592230e-01 3.685210e-01 1.298310e-10
3.000000e+02 RDG 3 0 2 0.000000e+00 0.000000e+00 0.000000e+00 0.000000e+00 6.338198e-02 1.608221e-05 0.000000e+00 0.000000e+00 0.000000e+00 0.000000e+00 1.685398e-02 0.000000e+00 4.539658e-01 4.657821e-01 1.640409e-10
3.000000e+02 RDG 4 0 2 0.000000e+00 0.000000e+00 0.000000e+00 0.000000e+00 8.100248e-02 2.055306e-05 0.000000e+00 0.000000e+00 0.000000e+00 0.000000e+00 1.653598e-02 0.000000e+00 4.454293e-01 4.570117e-01 1.609628e-10
3.000000e+02 DRE 0 0 1 0.000000e+00 0.000000e+00 0.000000e+00 0.000000e+00 0.000000e+00 0.000000e+00 1.958232e-05 1.958232e-05 8.988627e-01 9.792215e-02 0.000000e+00 0.000000e+00 3.894247e-04 2.786542e-03 1.958232e-13
3.000000e+02 CHI 0 0 1 0.000000e+00 0.000000e+00 0.000000e+00 0.000000e+00 0.000000e+00 0.000000e+00 0.000000e+00 0.000000e+00 0.000000e+00 0.000000e+00 0.000000e+00 0.000000e+00 3.111271e-01 6.888729e-01 2.819938e-12
3.000000e+02 CAL 0 0 1 0.000000e+00 0.000000e+00 0.000000e+00 0.000000e+00 0.000000e+00 0.000000e+00 3.944977e-02 3.944977e-02 0.000000e+00 0.000000e+00 0.000000e+00 0.000000e+00 4.721038e-01 4.489967e-01 1.867779e-10
3.000000e+02 ROT 0 0 1 0.000000e+00 0.000000e+00 0.000000e+00 0.000000e+00 0.000000e+00 0.000000e+00 3.944844e-02 3.944844e-02 0.000000e+00 0.000000e+00 0.000000e+00 0.000000e+00 4.721026e-01 4.490005e-01 1.867714e-10
3.050000e+02 WAE 0 0 2 0.000000e+00 2.000362e-02 0.000000e+00 1.242777e-03 0.000000e+00 3.922968e-05 0.000000e+00 0.000000e+00 8.821191e-01 9.659531e-02 0.000000e+00 0.000000e+00 0.000000e+00 0.000000e+00 0.000000e+00
3.050000e+02 WAE 1 0 2 0.000000e+00 2.000697e-02 0.000000e+00 1.242957e-03 0.000000e+00 3.927401e-05 0.000000e+00 0.000000e+00 8.821164e-01 9.659442e-02 0.000000e+00 0.000000e+00 0.000000e+00 0.000000e+00 0.000000e+00
3.050000e+02 WAE 2 0 2 0.000000e+00 3.131230e-01 5.679434e-01 6.986054e-02 4.905334e-02 1.971347e-05 0.000000e+00 0.000000e+00 0.000000e+00 0.000000e+00 0.000000e+00 0.000000e+00 0.000000e+00 0.000000e+00 0.000000e+00
3.050000e+02 WAE 3 0 2 0.000000e+00 3.318396e-02 9.297411e-01 7.266026e-03 2.979693e-02 1.202406e-05 0.000000e+00 0.000000e+00 0.000000e+00 0.000000e+00 0.000000e+00 0.000000e+00 0.000000e+00 0.000000e+00 0.000000e+00
3.050000e+02 WAE 4 0 2 0.000000e+00 3.318233e-02 9.296783e-01 7.265614e-03 2.986167e-02 1.205045e-05 0.000000e+00 0.000000e+00 0.000000e+00 0.000000e+00 0.000000e+00 0.000000e+00 0.000000e+00 0.000000e+00 0.000000e+00
3.050000e+02 WAE 5 0 2 0.000000e+00 3.317952e-02 9.295956e-01 7.264987e-03 2.994781e-02 1.208535e-05 0.000000e+00 0.000000e+00 0.000000e+00 0.000000e+00 0.000000e+00 0.000000e+00 0.000000e+00 0.000000e+00 0.000000e+00
3.050000e+02 WAE 6 0 2 6.879440e-01 9.939691e-03 2.787455e-01 2.177243e-03 2.118494e-02 8.550147e-06 0.000000e+00 0.000000e+00 0.000000e+00 0.000000e+00 0.000000e+00 0.000000e+00 0.000000e+00 0.000000e+00 0.000000e+00
3.050000e+02 WAE 7 0 2 6.879318e-01 9.939502e-03 2.787407e-01 2.177203e-03 2.120225e-02 8.557129e-06 0.000000e+00 0.000000e+00 0.000000e+00 0.000000e+00 0.000000e+00 0.000000e+00 0.000000e+00 0.000000e+00 0.000000e+00
3.050000e+02 YPH 0 0 2 0.000000e+00 0.000000e+00 0.000000e+00 0.000000e+00 1.236638e-02 4.995305e-05 0.000000e+00 0.000000e+00 8.884398e-01 9.728094e-02 2.984040e-05 0.000000e+00 9.017885e-04 9.312864e-04 3.073228e-13
3.050000e+02 YPH 1 0 2 0.000000e+00 0.000000e+00 0.000000e+00 0.000000e+00 1.294084e-02 5.230719e-05 0.000000e+00 0.000000e+00 8.879233e-01 9.722349e-02 2.980951e-05 0.000000e+00 9.005235e-04 9.297378e-04 3.070339e-13
3.050000e+02 YPH 2 0 2 0.000000e+00 0.000000e+00 0.000000e+00 2.070082e-05 3.545688e-03 1.427853e-05 0.000000e+00 0.000000e+00 8.977385e-01 9.830469e-02 6.042159e-06 0.000000e+00 1.823078e-04 1.878373e-04 6.227939e-14
3.050000e+02 YPH 3 0 2 0.000000e+00 0.000000e+00 0.000000e+00 2.070070e-05 3.542606e-03 1.426686e-05 0.000000e+00 0.000000e+00 8.977413e-01 9.830493e-02 6.041961e-06 0.000000e+00 1.823014e-04 1.878320e-04 6.227720e-14
3.050000e+02 YPH 4 0 2 0.000000e+00 0.000000e+00 0.000000e+00 2.070125e-05 3.544027e-03 1.427291e-05 0.000000e+00 0.000000e+00 8.977401e-01 9.830473e-02 6.042057e-06 0.000000e+00 1.823020e-04 1.878315e-04 6.227825e-14
3.050000e+02 YPH 5 0 2 0.000000e+00 1.799215e-04 0.000000e+00 2.531087e-05 3.537231e-03 1.424592e-05 0.000000e+00 0.000000e+00 8.975800e-01 9.828721e-02 6.040526e-06 0.000000e+00 1.822591e-04 1.877908e-04 6.226218e-14
3.050000e+02 YPH 6 0 2 0.000000e+00 1.799514e-04 0.000000e+00 2.531503e-05 3.554878e-03 1.431649e-05 0.000000e+00 0.000000e+00 8.975641e-01 9.828534e-02 6.041679e-06 0.000000e+00 1.822825e-04 1.878043e-04 6.227491e-14
3.050000e+02 GZS 0 0 2 0.000000e+00 0.000000e+00 0.000000e+00 0.000000e+00 0.000000e+00 3.737777e-05 0.000000e+00 0.000000e+00 9.012669e-01 9.869570e-02 0.000000e+00 0.000000e+00 0.000000e+00 0.000000e+00 0.000000e+00
3.050000e+02 GZS 1 0 2 0.000000e+00 0.000000e+00 0.000000e+00 0.000000e+00 0.000000e+00 0.000000e+00 1.861272e-03 1.861272e-03 9.962775e-01 0.000000e+00 0.000000e+00 0.000000e+00 0.000000e+00 0.000000e+00 0.000000e+00
3.050000e+02 GZS 2 0 2 0.000000e+00 0.000000e+00 0.000000e+00 0.000000e+00 0.000000e+00 0.000000e+00 1.861632e-03 1.861632e-03 9.962767e-01 0.000000e+00 0.000000e+00 0.000000e+00 0.000000e+00 0.000000e+00 0.000000e+00
3.050000e+02 GZS 3 0 2 0.000000e+00 0.000000e+00 0.000000e+00 0.000000e+00 0.000000e+00 0.000000e+00 1.862852e-03 1.862852e-03 9.962743e-01 0.000000e+00 0.000000e+00 0.000000e+00 0.000000e+00 0.000000e+00 0.000000e+00
3.050000e+02 GZS 4 0 2 0.000000e+00 0.000000e+00 0.000000e+00 0.000000e+00 0.000000e+00 0.000000e+00 1.863306e-03 1.863306e-03 9.962734e-01 0.000000e+00 0.000000e+00 0.000000e+00 0.000000e+00 0.000000e+00 0.000000e+00
3.050000e+02 RDG 0 0 2 0.000000e+00 0.000000e+00 0.000000e+00 0.000000e+00 1.896028e-02 5.745822e-05 0.000000e+00 0.000000e+00 8.677486e-01 9.501562e-02 3.071736e-04 0.000000e+00 8.805411e-03 9.105438e-03 2.995725e-12
3.050000e+02 RDG 1 0 2 0.000000e+00 0.000000e+00 0.000000e+00 0.000000e+00 1.948067e-02 5.903453e-05 0.000000e+00 0.000000e+00 8.672908e-01 9.496560e-02 3.069828e-04 0.000000e+00 8.799051e-03 9.097832e-03 2.993999e-12
3.050000e+02 RDG 2 0 2 0.000000e+00 0.000000e+00 0.000000e+00 0.000000e+00 2.457317e-01 4.956873e-05 0.000000e+00 0.000000e+00 0.000000e+00 0.000000e+00 1.262251e-02 0.000000e+00 3.636787e-01 3.779176e-01 1.229022e-10
3.050000e+02 RDG 3 0 2 0.000000e+00 0.000000e+00 0.000000e+00 0.000000e+00 6.004071e-02 1.211245e-05 0.000000e+00 0.000000e+00 0.000000e+00 0.000000e+00 1.573304e-02 0.000000e+00 4.531995e-01 4.710147e-01 1.531248e-10
3.050000e+02 RDG 4 0 2 0.000000e+00 0.000000e+00 0.000000e+00 0.000000e+00 7.656789e-02 1.544652e-05 0.000000e+00 0.000000e+00 0.000000e+00 0.000000e+00 1.545546e-02 0.000000e+00 4.452360e-01 4.627252e-01 1.504403e-10
3.050000e+02 DRE 0 0 1 0.000000e+00 0.000000e+00 0.000000e+00 0.000000e+00 0.000000e+00 0.000000e+00 2.018454e-05 2.018454e-05 8.981074e-01 9.833964e-02 0.000000e+00 0.000000e+00 4.271964e-04 3.085381e-03 2.018454e-13
3.050000e+02 CHI 0 0 1 0.000000e+00 0.000000e+00 0.000000e+00 0.000000e+00 0.000000e+00 0.000000e+00 0.000000e+00 0.000000e+00 0.000000e+00 0.000000e+00 0.000000e+00 0.000000e+00 3.071986e-01 6.928014e-01 2.755483e-12
3.050000e+02 CAL 0 0 1 0.000000e+00 0.000000e+00 0.000000e+00 0.000000e+00 0.000000e+00 0.000000e+00 3.690925e-02 3.690925e-02 0.000000e+00 0.000000e+00 0.000000e+00 0.000000e+00 4.718211e-01 4.543604e-01 1.747497e-10
3.050000e+02 ROT 0 0 1 0.000000e+00 0.000000e+00 0.000000e+00 0.000000e+00 0.000000e+00 0.000000e+00 3.690790e-02 3.690790e-02 0.000000e+00 0.000000e+00 0.000000e+00 0.000000e+00 4.718199e-01 4.543643e-01 1.747431e-10
3.100000e+02 WAE 0 0 2 0.000000e+00 1.797029e-02 0.000000e+00 1.138635e-03 0.000000e+00 3.142771e-05 0.000000e+00 0.000000e+00 8.835928e-01 9.726689e-02 0.000000e+00 0.000000e+00 0.000000e+00 0.000000e+00 0.000000e+00
3.100000e+02 WAE 1 0 2 0.000000e+00 1.797349e-02 0.000000e+00 1.138812e-03 0.000000e+00 3.146495e-05 0.000000e+00 0.000000e+00 8.835902e-01 9.726600e-02 0.000000e+00 0.000000e+00 0.000000e+00 0.000000e+00 0.000000e+00
3.100000e+02 WAE 2 0 2 0.000000e+00 7.352349e-01 0.000000e+00 1.799000e-01 8.483846e-02 2.659505e-05 0.000000e+00 0.000000e+00 0.000000e+00 0.000000e+00 0.000000e+00 0.000000e+00 0.000000e+00 0.000000e+00 0.000000e+00
3.100000e+02 WAE 3 0 2 0.000000e+00 4.943844e-02 9.064003e-01 1.237651e-02 3.177484e-02 9.944170e-06 0.000000e+00 0.000000e+00 0.000000e+00 0.000000e+00 0.000000e+00 0.000000e+00 0.000000e+00 0.000000e+00 0.000000e+00
3.100000e+02 WAE 4 0 2 0.000000e+00 2.583323e-02 9.387150e-01 6.312426e-03 2.913022e-02 9.134936e-06 0.000000e+00 0.000000e+00 0.000000e+00 0.000000e+00 0.000000e+00 0.000000e+00 0.000000e+00 0.000000e+00 0.000000e+00
3.100000e+02 WAE 5 0 2 0.000000e+00 2.583139e-02 9.386431e-01 6.311962e-03 2.920436e-02 9.158301e-06 0.000000e+00 0.000000e+00 0.000000e+00 0.000000e+00 0.000000e+00 0.000000e+00 0.000000e+00 0.000000e+00 0.000000e+00
3.100000e+02 WAE 6 0 2 6.716693e-01 8.176514e-03 2.974053e-01 1.998805e-03 2.074357e-02 6.505864e-06 0.000000e+00 0.000000e+00 0.000000e+00 0.000000e+00 0.000000e+00 0.000000e+00 0.000000e+00 0.000000e+00 0.000000e+00
3.100000e+02 WAE 7 0 2 6.716586e-01 8.176373e-03 2.974007e-01 1.998772e-03 2.075899e-02 6.510699e-06 0.000000e+00 0.000000e+00 0.000000e+00 0.000000e+00 0.000000e+00 0.000000e+00 0.000000e+00 0.000000e+00 0.000000e+00
3.100000e+02 YPH 0 0 2 0.000000e+00 0.000000e+00 0.000000e+00 0.000000e+00 1.259528e-02 3.954840e-05 0.000000e+00 0.000000e+00 8.875888e-01 9.769954e-02 3.083872e-05 0.000000e+00 9.999991e-04 1.045985e-03 3.175978e-13
3.100000e+02 YPH 1 0 2 0.000000e+00 0.000000e+00 0.000000e+00 0.000000e+00 1.321846e-02 4.153496e-05 0.000000e+00 0.000000e+00 8.870295e-01 9.763702e-02 3.080499e-05 0.000000e+00 9.985084e-04 1.044134e-03 3.172823e-13
3.100000e+02 YPH 2 0 2 0.000000e+00 0.000000e+00 0.000000e+00 1.891390e-05 3.638693e-03 1.138348e-05 0.000000e+00 0.000000e+00 8.971529e-01 9.875858e-02 6.246574e-06 0.000000e+00 2.022442e-04 2.110498e-04 6.438583e-14
3.100000e+02 YPH 3 0 2 0.000000e+00 0.000000e+00 0.000000e+00 1.891380e-05 3.635543e-03 1.137428e-05 0.000000e+00 0.000000e+00 8.971558e-01 9.875882e-02 6.246362e-06 0.000000e+00 2.022367e-04 2.110435e-04 6.438349e-14
3.100000e+02 YPH 4 0 2 0.000000e+00 0.000000e+00 0.000000e+00 1.891433e-05 3.636993e-03 1.137910e-05 0.000000e+00 0.000000e+00 8.971546e-01 9.875862e-02 6.246461e-06 0.000000e+00 2.022373e-04 2.110428e-04 6.438458e-14
3.100000e+02 YPH 5 0 2 0.000000e+00 1.632528e-04 0.000000e+00 2.313696e-05 3.630098e-03 1.135788e-05 0.000000e+00 0.000000e+00 8.970100e-01 9.874272e-02 6.244976e-06 0.000000e+00 2.021929e-04 2.110004e-04 6.436897e-14
3.100000e+02 YPH 6 0 2 0.000000e+00 1.632808e-04 0.000000e+00 2.314089e-05 3.648142e-03 1.141383e-05 0.000000e+00 0.000000e+00 8.969937e-01 9.874080e-02 6.246192e-06 0.000000e+00 2.022195e-04 2.110163e-04 6.438236e-14
3.100000e+02 GZS 0 0 2 0.000000e+00 0.000000e+00 0.000000e+00 0.000000e+00 0.000000e+00 2.984830e-05 0.000000e+00 0.000000e+00 9.008048e-01 9.916531e-02 0.000000e+00 0.000000e+00 0.000000e+00 0.000000e+00 0.000000e+00
3.100000e+02 GZS 1 0 2 0.000000e+00 0.000000e+00 0.000000e+00 0.000000e+00 0.000000e+00 0.000000e+00 1.925229e-03 1.925229e-03 9.961495e-01 0.000000e+00 0.000000e+00 0.000000e+00 0.000000e+00 0.000000e+00 0.000000e+00
3.100000e+02 GZS 2 0 2 0.000000e+00 0.000000e+00 0.000000e+00 0.000000e+00 0.000000e+00 0.000000e+00 1.925604e-03 1.925604e-03 9.961488e-01 0.000000e+00 0.000000e+00 0.000000e+00 0.000000e+00 0.000000e+00 0.000000e+00
3.100000e+02 GZS 3 0 2 0.000000e+00 0.000000e+00 0.000000e+00 0.000000e+00 0.000000e+00 0.000000e+00 1.926884e-03 1.926884e-03 9.961462e-01 0.000000e+00 0.000000e+00 0.000000e+00 0.000000e+00 0.000000e+00 0.000000e+00
3.100000e+02 GZS 4 0 2 0.000000e+00 0.000000e+00 0.000000e+00 0.000000e+00 0.000000e+00 0.000000e+00 1.927364e-03 1.927364e-03 9.961453e-01 0.000000e+00 0.000000e+00 0.000000e+00 0.000000e+00 0.000000e+00 0.000000e+00
3.100000e+02 RDG 0 0 2 0.000000e+00 0.000000e+00 0.000000e+00 0.000000e+00 1.925578e-02 4.536187e-05 0.000000e+00 0.000000e+00 8.651956e-01 9.523491e-02 3.168183e-04 0.000000e+00 9.745016e-03 1.020656e-02 3.089725e-12
3.100000e+02 RDG 1 0 2 0.000000e+00 0.000000e+00 0.000000e+00 0.000000e+00 1.980736e-02 4.666079e-05 0.000000e+00 0.000000e+00 8.647123e-01 9.518182e-02 3.166118e-04 0.000000e+00 9.737614e-03 1.019759e-02 3.087855e-12
3.100000e+02 RDG 2 0 2 0.000000e+00 0.000000e+00 0.000000e+00 0.000000e+00 2.325119e-01 3.644627e-05 0.000000e+00 0.000000e+00 0.000000e+00 0.000000e+00 1.190594e-02 0.000000e+00 3.681144e-01 3.874314e-01 1.159241e-10
3.100000e+02 RDG 3 0 2 0.000000e+00 0.000000e+00 0.000000e+00 0.000000e+00 5.676783e-02 8.899263e-06 0.000000e+00 0.000000e+00 0.000000e+00 0.000000e+00 1.463526e-02 0.000000e+00 4.523858e-01 4.762022e-01 1.424343e-10
3.100000e+02 RDG 4 0 2 0.000000e+00 0.000000e+00 0.000000e+00 0.000000e+00 7.221328e-02 1.132052e-05 0.000000e+00 0.000000e+00 0.000000e+00 0.000000e+00 1.439464e-02 0.000000e+00 4.449842e-01 4.683966e-01 1.401096e-10
3.100000e+02 DRE 0 0 1 0.000000e+00 0.000000e+00 0.000000e+00 0.000000e+00 0.000000e+00 0.000000e+00 2.086178e-05 2.086178e-05 8.972849e-01 9.876733e-02 0.000000e+00 0.000000e+00 4.715891e-04 3.434487e-03 2.086178e-13
3.100000e+02 CHI 0 0 1 0.000000e+00 0.000000e+00 0.000000e+00 0.000000e+00 0.000000e+00 0.000000e+00 0.000000e+00 0.000000e+00 0.000000e+00 0.000000e+00 0.000000e+00 0.000000e+00 3.032003e-01 6.967997e-01 2.690326e-12
3.100000e+02 CAL 0 0 1 0.000000e+00 0.000000e+00 0.000000e+00 0.000000e+00 0.000000e+00 0.000000e+00 3.441255e-02 3.441255e-02 0.000000e+00 0.000000e+00 0.000000e+00 0.000000e+00 4.715250e-01 4.596499e-01 1.629290e-10
3.100000e+02 ROT 0 0 1 0.000000e+00 0.000000e+00 0.000000e+00 0.000000e+00 0.000000e+00 0.000000e+00 3.441119e-02 3.441119e-02 0.000000e+00 0.000000e+00 0.000000e+00 0.000000e+00 4.715236e-01 4.596540e-01 1.629223e-10
3.150000e+02 WAE 0 0 2 0.000000e+00 1.599614e-02 0.000000e+00 1.033401e-03 0.000000e+00 2.460253e-05 0.000000e+00 0.000000e+00 8.849938e-01 9.795204e-02 0.000000e+00 0.000000e+00 0.000000e+00 0.000000e+00 0.000000e+00
3.150000e+02 WAE 1 0 2 0.000000e+00 1.599918e-02 0.000000e+00 1.033574e-03 0.000000e+00 2.463320e-05 0.000000e+00 0.000000e+00 8.849915e-01 9.795114e-02 0.000000e+00 0.000000e+00 0.000000e+00 0.000000e+00 0.000000e+00
3.150000e+02 WAE 2 0 2 0.000000e+00 7.116509e-01 0.000000e+00 1.964848e-01 9.184251e-02 2.179685e-05 0.000000e+00 0.000000e+00 0.000000e+00 0.000000e+00 0.000000e+00 0.000000e+00 0.000000e+00 0.000000e+00 0.000000e+00
3.150000e+02 WAE 3 0 2 0.000000e+00 6.953960e-01 0.000000e+00 1.919777e-01 1.125995e-01 2.672343e-05 0.000000e+00 0.000000e+00 0.000000e+00 0.000000e+00 0.000000e+00 0.000000e+00 0.000000e+00 0.000000e+00 0.000000e+00
3.150000e+02 WAE 4 0 2 0.000000e+00 1.985794e-02 9.462694e-01 5.474552e-03 2.839132e-02 6.740954e-06 0.000000e+00 0.000000e+00 0.000000e+00 0.000000e+00 0.000000e+00 0.000000e+00 0.000000e+00 0.000000e+00 0.000000e+00
3.150000e+02 WAE 5 0 2 0.000000e+00 1.985677e-02 9.462075e-01 5.474213e-03 2.845479e-02 6.756119e-06 0.000000e+00 0.000000e+00 0.000000e+00 0.000000e+00 0.000000e+00 0.000000e+00 0.000000e+00 0.000000e+00 0.000000e+00
3.150000e+02 WAE 6 0 2 6.547774e-01 6.634510e-03 3.164686e-01 1.829889e-03 2.028485e-02 4.816925e-06 0.000000e+00 0.000000e+00 0.000000e+00 0.000000e+00 0.000000e+00 0.000000e+00 0.000000e+00 0.000000e+00 0.000000e+00
3.150000e+02 WAE 7 0 2 6.547681e-01 6.634407e-03 3.164643e-01 1.829862e-03 2.029851e-02 4.820166e-06 0.000000e+00 0.000000e+00 0.000000e+00 0.000000e+00 0.000000e+00 0.000000e+00 0.000000e+00 0.000000e+00 0.000000e+00
3.150000e+02 YPH 0 0 2 0.000000e+00 0.000000e+00 0.000000e+00 0.000000e+00 1.284974e-02 3.056050e-05 0.000000e+00 0.000000e+00 8.866606e-01 9.812839e-02 3.196825e-05 0.000000e+00 1.116346e-03 1.182445e-03 3.292228e-13
3.150000e+02 YPH 1 0 2 0.000000e+00 0.000000e+00 0.000000e+00 0.000000e+00 1.353058e-02 3.220563e-05 0.000000e+00 0.000000e+00 8.860506e-01 9.805986e-02 3.193109e-05 0.000000e+00 1.114569e-03 1.180207e-03 3.288752e-13
3.150000e+02 YPH 2 0 2 0.000000e+00 0.000000e+00 0.000000e+00 1.711962e-05 3.744116e-03 8.865496e-06 0.000000e+00 0.000000e+00 8.965309e-01 9.922791e-02 6.478123e-06 0.000000e+00 2.258824e-04 2.386862e-04 6.677183e-14
3.150000e+02 YPH 3 0 2 0.000000e+00 0.000000e+00 0.000000e+00 1.711955e-05 3.740896e-03 8.858450e-06 0.000000e+00 0.000000e+00 8.965339e-01 9.922816e-02 6.477895e-06 0.000000e+00 2.258736e-04 2.386785e-04 6.676932e-14
3.150000e+02 YPH 4 0 2 0.000000e+00 0.000000e+00 0.000000e+00 1.712006e-05 3.742376e-03 8.862190e-06 0.000000e+00 0.000000e+00 8.965327e-01 9.922795e-02 6.477997e-06 0.000000e+00 2.258741e-04 2.386776e-04 6.677044e-14
3.150000e+02 YPH 5 0 2 0.000000e+00 1.467682e-04 0.000000e+00 2.095171e-05 3.735385e-03 8.845961e-06 0.000000e+00 0.000000e+00 8.964034e-01 9.921366e-02 6.476557e-06 0.000000e+00 2.258279e-04 2.386332e-04 6.675529e-14
3.150000e+02 YPH 6 0 2 0.000000e+00 1.467942e-04 0.000000e+00 2.095539e-05 3.753822e-03 8.889121e-06 0.000000e+00 0.000000e+00 8.963868e-01 9.921170e-02 6.477844e-06 0.000000e+00 2.258586e-04 2.386525e-04 6.676944e-14
3.150000e+02 GZS 0 0 2 0.000000e+00 0.000000e+00 0.000000e+00 0.000000e+00 0.000000e+00 2.329015e-05 0.000000e+00 0.000000e+00 9.003241e-01 9.965256e-02 0.000000e+00 0.000000e+00 0.000000e+00 0.000000e+00 0.000000e+00
3.150000e+02 GZS 1 0 2 0.000000e+00 0.000000e+00 0.000000e+00 0.000000e+00 0.000000e+00 0.000000e+00 1.998093e-03 1.998438e-03 9.960035e-01 0.000000e+00 0.000000e+00 0.000000e+00 0.000000e+00 0.000000e+00 0.000000e+00
3.150000e+02 GZS 2 0 2 0.000000e+00 0.000000e+00 0.000000e+00 0.000000e+00 0.000000e+00 0.000000e+00 1.998485e-03 1.998830e-03 9.960027e-01 0.000000e+00 0.000000e+00 0.000000e+00 0.000000e+00 0.000000e+00 0.000000e+00
3.150000e+02 GZS 3 0 2 0.000000e+00 0.000000e+00 0.000000e+00 0.000000e+00 0.000000e+00 0.000000e+00 1.999845e-03 2.000190e-03 9.960000e-01 0.000000e+00 0.000000e+00 0.000000e+00 0.000000e+00 0.000000e+00 0.000000e+00
3.150000e+02 GZS 4 0 2 0.000000e+00 0.000000e+00 0.000000e+00 0.000000e+00 0.000000e+00 0.000000e+00 2.000359e-03 2.000704e-03 9.959989e-01 0.000000e+00 0.000000e+00 0.000000e+00 0.000000e+00 0.000000e+00 0.000000e+00
3.150000e+02 RDG 0 0 2 0.000000e+00 0.000000e+00 0.000000e+00 0.000000e+00 1.958231e-02 3.494330e-05 0.000000e+00 0.000000e+00 8.622624e-01 9.542844e-02 3.276503e-04 0.000000e+00 1.085328e-02 1.151099e-02 3.195293e-12
3.150000e+02 RDG 1 0 2 0.000000e+00 0.000000e+00 0.000000e+00 0.000000e+00 2.016989e-02 3.599150e-05 0.000000e+00 0.000000e+00 8.617500e-01 9.537183e-02 3.274251e-04 0.000000e+00 1.084457e-02 1.150031e-02 3.193252e-12
3.150000e+02 RDG 2 0 2 0.000000e+00 0.000000e+00 0.000000e+00 0.000000e+00 2.192483e-01 2.602031e-05 0.000000e+00 0.000000e+00 0.000000e+00 0.000000e+00 1.118708e-02 0.000000e+00 3.725230e-01 3.970156e-01 1.089236e-10
3.150000e+02 RDG 3 0 2 0.000000e+00 0.000000e+00 0.000000e+00 0.000000e+00 5.357354e-02 6.358800e-06 0.000000e+00 0.000000e+00 0.000000e+00 0.000000e+00 1.356405e-02 0.000000e+00 4.515418e-01 4.813142e-01 1.320024e-10
3.150000e+02 RDG 4 0 2 0.000000e+00 0.000000e+00 0.000000e+00 0.000000e+00 6.795296e-02 8.065485e-06 0.000000e+00 0.000000e+00 0.000000e+00 0.000000e+00 1.335696e-02 0.000000e+00 4.446888e-01 4.739932e-01 1.300042e-10
3.150000e+02 DRE 0 0 1 0.000000e+00 0.000000e+00 0.000000e+00 0.000000e+00 0.000000e+00 0.000000e+00 2.169209e-05 2.170349e-05 8.963830e-01 9.920540e-02 0.000000e+00 0.000000e+00 5.241008e-04 3.844095e-03 2.162816e-13
3.150000e+02 CHI 0 0 1 0.000000e+00 0.000000e+00 0.000000e+00 0.000000e+00 0.000000e+00 0.000000e+00 0.000000e+00 0.000000e+00 0.000000e+00 0.000000e+00 0.000000e+00 0.000000e+00 2.991287e-01 7.008713e-01 2.624384e-12
3.150000e+02 CAL 0 0 1 0.000000e+00 0.000000e+00 0.000000e+00 0.000000e+00 0.000000e+00 0.000000e+00 3.199291e-02 3.200090e-02 0.000000e+00 0.000000e+00 0.000000e+00 0.000000e+00 4.712061e-01 4.648001e-01 1.513509e-10
3.150000e+02 ROT 0 0 1 0.000000e+00 0.000000e+00 0.000000e+00 0.000000e+00 0.000000e+00 0.000000e+00 3.199157e-02 3.199958e-02 0.000000e+00 0.000000e+00 0.000000e+00 0.000000e+00 4.712046e-01 4.648043e-01 1.513441e-10
3.200000e+02 WAE 0 0 2 0.000000e+00 1.409678e-02 0.000000e+00 9.282593e-04 0.000000e+00 1.875767e-05 0.000000e+00 0.000000e+00 8.863054e-01 9.865076e-02 0.000000e+00 0.000000e+00 0.000000e+00 0.000000e+00 0.000000e+00
3.200000e+02 WAE 1 0 2 0.000000e+00 1.409963e-02 0.000000e+00 9.284263e-04 0.000000e+00 1.878236e-05 0.000000e+00 0.000000e+00 8.863033e-01 9.864986e-02 0.000000e+00 0.000000e+00 0.000000e+00 0.000000e+00 0.000000e+00
3.200000e+02 WAE 2 0 2 0.000000e+00 6.840026e-01 0.000000e+00 2.157803e-01 1.001997e-01 1.747597e-05 0.000000e+00 0.000000e+00 0.000000e+00 0.000000e+00 0.000000e+00 0.000000e+00 0.000000e+00 0.000000e+00 0.000000e+00
3.200000e+02 WAE 3 0 2 0.000000e+00 6.662610e-01 0.000000e+00 2.101604e-01 1.235571e-01 2.155007e-05 0.000000e+00 0.000000e+00 0.000000e+00 0.000000e+00 0.000000e+00 0.000000e+00 0.000000e+00 0.000000e+00 0.000000e+00
3.200000e+02 WAE 4 0 2 0.000000e+00 4.721096e-01 2.803137e-01 1.498691e-01 9.769056e-02 1.699572e-05 0.000000e+00 0.000000e+00 0.000000e+00 0.000000e+00 0.000000e+00 0.000000e+00 0.000000e+00 0.000000e+00 0.000000e+00
3.200000e+02 WAE 5 0 2 0.000000e+00 1.505883e-02 9.524959e-01 4.742798e-03 2.769763e-02 4.833353e-06 0.000000e+00 0.000000e+00 0.000000e+00 0.000000e+00 0.000000e+00 0.000000e+00 0.000000e+00 0.000000e+00 0.000000e+00
3.200000e+02 WAE 6 0 2 0.000000e+00 1.506840e-02 9.529971e-01 4.745561e-03 2.718415e-02 4.743989e-06 0.000000e+00 0.000000e+00 0.000000e+00 0.000000e+00 0.000000e+00 0.000000e+00 0.000000e+00 0.000000e+00 0.000000e+00
3.200000e+02 WAE 7 0 2 6.373847e-01 5.303622e-03 3.358153e-01 1.671230e-03 1.982168e-02 3.459426e-06 0.000000e+00 0.000000e+00 0.000000e+00 0.000000e+00 0.000000e+00 0.000000e+00 0.000000e+00 0.000000e+00 0.000000e+00
3.200000e+02 YPH 0 0 2 0.000000e+00 0.000000e+00 0.000000e+00 0.000000e+00 1.313384e-02 2.296829e-05 0.000000e+00 0.000000e+00 8.856410e-01 9.856769e-02 3.325501e-05 0.000000e+00 1.255186e-03 1.346110e-03 3.424654e-13
3.200000e+02 YPH 1 0 2 0.000000e+00 0.000000e+00 0.000000e+00 0.000000e+00 1.388350e-02 2.430127e-05 0.000000e+00 0.000000e+00 8.849706e-01 9.849198e-02 3.321363e-05 0.000000e+00 1.253038e-03 1.343369e-03 3.420781e-13
3.200000e+02 YPH 2 0 2 0.000000e+00 0.000000e+00 0.000000e+00 1.533753e-05 3.864273e-03 6.722126e-06 0.000000e+00 0.000000e+00 8.958670e-01 9.971391e-02 6.742244e-06 0.000000e+00 2.541179e-04 2.718596e-04 6.949341e-14
3.200000e+02 YPH 3 0 2 0.000000e+00 0.000000e+00 0.000000e+00 1.533749e-05 3.860989e-03 6.716908e-06 0.000000e+00 0.000000e+00 8.958701e-01 9.971417e-02 6.741996e-06 0.000000e+00 2.541073e-04 2.718502e-04 6.949069e-14
3.200000e+02 YPH 4 0 2 0.000000e+00 0.000000e+00 0.000000e+00 1.533796e-05 3.862496e-03 6.719721e-06 0.000000e+00 0.000000e+00 8.958688e-01 9.971395e-02 6.742102e-06 0.000000e+00 2.541079e-04 2.718491e-04 6.949186e-14
3.200000e+02 YPH 5 0 2 0.000000e+00 9.372532e-05 0.000000e+00 1.877973e-05 3.855535e-03 6.707889e-06 0.000000e+00 0.000000e+00 8.957877e-01 9.970494e-02 6.740951e-06 0.000000e+00 2.540691e-04 2.718127e-04 6.947968e-14
3.200000e+02 YPH 6 0 2 0.000000e+00 1.306509e-04 0.000000e+00 1.878249e-05 3.874225e-03 6.739940e-06 0.000000e+00 0.000000e+00 8.957377e-01 9.969925e-02 6.742075e-06 0.000000e+00 2.540955e-04 2.718261e-04 6.949217e-14
3.200000e+02 GZS 0 0 2 0.000000e+00 0.000000e+00 0.000000e+00 0.000000e+00 0.000000e+00 1.769855e-05 0.000000e+00 0.000000e+00 8.998232e-01 1.001591e-01 0.000000e+00 0.000000e+00 0.000000e+00 0.000000e+00 0.000000e+00
3.200000e+02 GZS 1 0 2 0.000000e+00 0.000000e+00 0.000000e+00 0.000000e+00 0.000000e+00 0.000000e+00 2.092289e-03 2.093886e-03 9.958138e-01 0.000000e+00 0.000000e+00 0.000000e+00 0.000000e+00 0.000000e+00 0.000000e+00
3.200000e+02 GZS 2 0 2 0.000000e+00 0.000000e+00 0.000000e+00 0.000000e+00 0.000000e+00 0.000000e+00 2.092677e-03 2.094270e-03 9.958131e-01 0.000000e+00 0.000000e+00 0.000000e+00 0.000000e+00 0.000000e+00 0.000000e+00
3.200000e+02 GZS 3 0 2 0.000000e+00 0.000000e+00 0.000000e+00 0.000000e+00 0.000000e+00 0.000000e+00 2.094059e-03 2.095643e-03 9.958103e-01 0.000000e+00 0.000000e+00 0.000000e+00 0.000000e+00 0.000000e+00 0.000000e+00
3.200000e+02 GZS 4 0 2 0.000000e+00 0.000000e+00 0.000000e+00 0.000000e+00 0.000000e+00 0.000000e+00 2.094586e-03 2.096166e-03 9.958092e-01 0.000000e+00 0.000000e+00 0.000000e+00 0.000000e+00 0.000000e+00 0.000000e+00
3.200000e+02 RDG 0 0 2 0.000000e+00 0.000000e+00 0.000000e+00 0.000000e+00 1.994455e-02 2.617134e-05 0.000000e+00 0.000000e+00 8.588650e-01 9.558786e-02 3.398848e-04 0.000000e+00 1.216894e-02 1.306754e-02 3.314526e-12
3.200000e+02 RDG 1 0 2 0.000000e+00 0.000000e+00 0.000000e+00 0.000000e+00 2.057394e-02 2.699707e-05 0.000000e+00 0.000000e+00 8.583190e-01 9.552718e-02 3.396371e-04 0.000000e+00 1.215857e-02 1.305466e-02 3.312278e-12
3.200000e+02 RDG 2 0 2 0.000000e+00 0.000000e+00 0.000000e+00 0.000000e+00 2.060099e-01 1.796846e-05 0.000000e+00 0.000000e+00 0.000000e+00 0.000000e+00 1.046964e-02 0.000000e+00 3.768594e-01 4.066431e-01 1.019368e-10
3.200000e+02 RDG 3 0 2 0.000000e+00 0.000000e+00 0.000000e+00 0.000000e+00 5.047107e-02 4.402706e-06 0.000000e+00 0.000000e+00 0.000000e+00 0.000000e+00 1.252381e-02 0.000000e+00 4.506461e-01 4.863547e-01 1.218720e-10
3.200000e+02 RDG 4 0 2 0.000000e+00 0.000000e+00 0.000000e+00 0.000000e+00 6.380532e-02 5.565844e-06 0.000000e+00 0.000000e+00 0.000000e+00 0.000000e+00 1.234689e-02 0.000000e+00 4.443263e-01 4.795159e-01 1.201675e-10
3.200000e+02 DRE 0 0 1 0.000000e+00 0.000000e+00 0.000000e+00 0.000000e+00 0.000000e+00 0.000000e+00 2.270991e-05 2.272410e-05 8.953865e-01 9.965387e-02 0.000000e+00 0.000000e+00 5.866850e-04 4.327534e-03 2.250135e-13
3.200000e+02 CHI 0 0 1 0.000000e+00 0.000000e+00 0.000000e+00 0.000000e+00 0.000000e+00 0.000000e+00 0.000000e+00 0.000000e+00 0.000000e+00 0.000000e+00 0.000000e+00 0.000000e+00 2.949819e-01 7.050181e-01 2.557586e-12
3.200000e+02 CAL 0 0 1 0.000000e+00 0.000000e+00 0.000000e+00 0.000000e+00 0.000000e+00 0.000000e+00 2.977367e-02 2.979601e-02 0.000000e+00 0.000000e+00 0.000000e+00 0.000000e+00 4.707411e-01 4.696893e-01 1.400356e-10
3.200000e+02 ROT 0 0 1 0.000000e+00 0.000000e+00 0.000000e+00 0.000000e+00 0.000000e+00 0.000000e+00 2.977241e-02 2.979476e-02 0.000000e+00 0.000000e+00 0.000000e+00 0.000000e+00 4.707393e-01 4.696935e-01 1.400288e-10
3.250000e+02 WAE 0 0 2 0.000000e+00 1.229322e-02 0.000000e+00 8.248460e-04 0.000000e+00 1.533319e-05 0.000000e+00 0.000000e+00 8.875040e-01 9.936255e-02 0.000000e+00 0.000000e+00 0.000000e+00 0.000000e+00 0.000000e+00
3.250000e+02 WAE 1 0 2 0.000000e+00 1.229585e-02 0.000000e+00 8.250046e-04 0.000000e+00 1.534925e-05 0.000000e+00 0.000000e+00 8.875021e-01 9.936165e-02 0.000000e+00 0.000000e+00 0.000000e+00 0.000000e+00 0.000000e+00
3.250000e+02 WAE 2 0 2 0.000000e+00 6.515903e-01 0.000000e+00 2.382579e-01 1.101368e-01 1.502726e-05 0.000000e+00 0.000000e+00 0.000000e+00 0.000000e+00 0.000000e+00 0.000000e+00 0.000000e+00 0.000000e+00 0.000000e+00
3.250000e+02 WAE 3 0 2 0.000000e+00 6.323045e-01 0.000000e+00 2.311787e-01 1.364982e-01 1.862410e-05 0.000000e+00 0.000000e+00 0.000000e+00 0.000000e+00 0.000000e+00 0.000000e+00 0.000000e+00 0.000000e+00 0.000000e+00
3.250000e+02 WAE 4 0 2 0.000000e+00 6.300867e-01 0.000000e+00 2.303640e-01 1.395303e-01 1.903785e-05 0.000000e+00 0.000000e+00 0.000000e+00 0.000000e+00 0.000000e+00 0.000000e+00 0.000000e+00 0.000000e+00 0.000000e+00
3.250000e+02 WAE 5 0 2 0.000000e+00 9.099051e-02 8.314774e-01 3.459180e-02 4.293444e-02 5.853455e-06 0.000000e+00 0.000000e+00 0.000000e+00 0.000000e+00 0.000000e+00 0.000000e+00 0.000000e+00 0.000000e+00 0.000000e+00
3.250000e+02 WAE 6 0 2 0.000000e+00 1.126761e-02 9.581192e-01 4.112503e-03 2.649704e-02 3.615659e-06 0.000000e+00 0.000000e+00 0.000000e+00 0.000000e+00 0.000000e+00 0.000000e+00 0.000000e+00 0.000000e+00 0.000000e+00
3.250000e+02 WAE 7 0 2 6.196540e-01 4.173656e-03 3.553157e-01 1.524238e-03 1.932980e-02 2.637682e-06 0.000000e+00 0.000000e+00 0.000000e+00 0.000000e+00 0.000000e+00 0.000000e+00 0.000000e+00 0.000000e+00 0.000000e+00
3.250000e+02 YPH 0 0 2 0.000000e+00 0.000000e+00 0.000000e+00 0.000000e+00 1.345155e-02 1.836093e-05 0.000000e+00 0.000000e+00 8.845118e-01 9.901734e-02 3.473168e-05 0.000000e+00 1.422225e-03 1.543992e-03 3.576618e-13
3.250000e+02 YPH 1 0 2 0.000000e+00 0.000000e+00 0.000000e+00 0.000000e+00 1.428423e-02 1.950065e-05 0.000000e+00 0.000000e+00 8.837685e-01 9.893293e-02 3.468506e-05 0.000000e+00 1.419591e-03 1.540583e-03 3.572251e-13
3.250000e+02 YPH 2 0 2 0.000000e+00 0.000000e+00 0.000000e+00 1.359440e-05 4.001978e-03 5.457607e-06 0.000000e+00 0.000000e+00 8.951539e-01 1.002179e-01 7.045783e-06 0.000000e+00 2.881246e-04 3.120063e-04 7.262109e-14
3.250000e+02 YPH 3 0 2 0.000000e+00 0.000000e+00 0.000000e+00 1.359437e-05 3.998638e-03 5.453118e-06 0.000000e+00 0.000000e+00 8.951570e-01 1.002181e-01 7.045512e-06 0.000000e+00 2.881119e-04 3.119946e-04 7.261813e-14
3.250000e+02 YPH 4 0 2 0.000000e+00 0.000000e+00 0.000000e+00 1.359482e-05 4.000167e-03 5.455223e-06 0.000000e+00 0.000000e+00 8.951557e-01 1.002179e-01 7.045623e-06 0.000000e+00 2.881125e-04 3.119934e-04 7.261934e-14
3.250000e+02 YPH 5 0 2 0.000000e+00 0.000000e+00 0.000000e+00 1.637923e-05 3.993370e-03 5.446004e-06 0.000000e+00 0.000000e+00 8.951594e-01 1.002183e-01 7.045072e-06 0.000000e+00 2.880947e-04 3.119798e-04 7.261334e-14
3.250000e+02 YPH 6 0 2 0.000000e+00 1.150672e-04 0.000000e+00 1.665506e-05 4.012146e-03 5.471512e-06 0.000000e+00 0.000000e+00 8.950388e-01 1.002047e-01 7.045731e-06 0.000000e+00 2.881043e-04 3.119736e-04 7.262106e-14
3.250000e+02 GZS 0 0 2 0.000000e+00 0.000000e+00 0.000000e+00 0.000000e+00 0.000000e+00 1.443481e-05 0.000000e+00 0.000000e+00 8.992987e-01 1.006869e-01 0.000000e+00 0.000000e+00 0.000000e+00 0.000000e+00 0.000000e+00
3.250000e+02 GZS 1 0 2 0.000000e+00 0.000000e+00 0.000000e+00 0.000000e+00 0.000000e+00 0.000000e+00 2.205801e-03 2.207441e-03 9.955868e-01 0.000000e+00 0.000000e+00 0.000000e+00 0.000000e+00 0.000000e+00 0.000000e+00
3.250000e+02 GZS 2 0 2 0.000000e+00 0.000000e+00 0.000000e+00 0.000000e+00 0.000000e+00 0.000000e+00 2.206156e-03 2.207792e-03 9.955861e-01 0.000000e+00 0.000000e+00 0.000000e+00 0.000000e+00 0.000000e+00 0.000000e+00
3.250000e+02 GZS 3 0 2 0.000000e+00 0.000000e+00 0.000000e+00 0.000000e+00 0.000000e+00 0.000000e+00 2.207460e-03 2.209085e-03 9.955835e-01 0.000000e+00 0.000000e+00 0.000000e+00 0.000000e+00 0.000000e+00 0.000000e+00
3.250000e+02 GZS 4 0 2 0.000000e+00 0.000000e+00 0.000000e+00 0.000000e+00 0.000000e+00 0.000000e+00 2.207962e-03 2.209584e-03 9.955825e-01 0.000000e+00 0.000000e+00 0.000000e+00 0.000000e+00 0.000000e+00 0.000000e+00
3.250000e+02 RDG 0 0 2 0.000000e+00 0.000000e+00 0.000000e+00 0.000000e+00 2.034686e-02 2.083183e-05 0.000000e+00 0.000000e+00 8.548963e-01 9.570218e-02 3.537861e-04 0.000000e+00 1.374201e-02 1.493807e-02 3.449996e-12
3.250000e+02 RDG 1 0 2 0.000000e+00 0.000000e+00 0.000000e+00 0.000000e+00 2.102513e-02 2.152631e-05 0.000000e+00 0.000000e+00 8.543113e-01 9.563676e-02 3.535112e-04 0.000000e+00 1.372949e-02 1.492233e-02 3.447497e-12
3.250000e+02 RDG 2 0 2 0.000000e+00 0.000000e+00 0.000000e+00 0.000000e+00 1.928743e-01 1.315845e-05 0.000000e+00 0.000000e+00 0.000000e+00 0.000000e+00 9.757878e-03 0.000000e+00 3.810955e-01 4.162592e-01 9.500535e-11
3.250000e+02 RDG 3 0 2 0.000000e+00 0.000000e+00 0.000000e+00 0.000000e+00 4.747395e-02 3.238875e-06 0.000000e+00 0.000000e+00 0.000000e+00 0.000000e+00 1.151913e-02 0.000000e+00 4.497029e-01 4.913008e-01 1.120879e-10
3.250000e+02 RDG 4 0 2 0.000000e+00 0.000000e+00 0.000000e+00 0.000000e+00 5.978938e-02 4.079082e-06 0.000000e+00 0.000000e+00 0.000000e+00 0.000000e+00 1.136912e-02 0.000000e+00 4.438985e-01 4.849389e-01 1.106453e-10
3.250000e+02 DRE 0 0 1 0.000000e+00 0.000000e+00 0.000000e+00 0.000000e+00 0.000000e+00 0.000000e+00 2.358719e-05 2.360091e-05 8.942769e-01 1.001126e-01 0.000000e+00 0.000000e+00 6.617646e-04 4.901461e-03 2.350358e-13
3.250000e+02 CHI 0 0 1 0.000000e+00 0.000000e+00 0.000000e+00 0.000000e+00 0.000000e+00 0.000000e+00 0.000000e+00 0.000000e+00 0.000000e+00 0.000000e+00 0.000000e+00 0.000000e+00 2.906512e-01 7.093488e-01 2.488135e-12
3.250000e+02 CAL 0 0 1 0.000000e+00 0.000000e+00 0.000000e+00 0.000000e+00 0.000000e+00 0.000000e+00 2.759682e-02 2.761683e-02 0.000000e+00 0.000000e+00 0.000000e+00 0.000000e+00 4.703135e-01 4.744729e-01 1.290983e-10
3.250000e+02 ROT 0 0 1 0.000000e+00 0.000000e+00 0.000000e+00 0.000000e+00 0.000000e+00 0.000000e+00 2.759558e-02 2.761559e-02 0.000000e+00 0.000000e+00 0.000000e+00 0.000000e+00 4.703115e-01 4.744773e-01 1.290915e-10
3.300000e+02 WAE 0 0 2 0.000000e+00 1.059757e-02 0.000000e+00 7.243055e-04 0.000000e+00 1.595135e-05 0.000000e+00 0.000000e+00 8.885740e-01 1.000881e-01 0.000000e+00 0.000000e+00 0.000000e+00 0.000000e+00 0.000000e+00
3.300000e+02 WAE 1 0 2 0.000000e+00 1.059999e-02 0.000000e+00 7.244552e-04 0.000000e+00 1.596785e-05 0.000000e+00 0.000000e+00 8.885724e-01 1.000872e-01 0.000000e+00 0.000000e+00 0.000000e+00 0.000000e+00 0.000000e+00
3.300000e+02 WAE 2 0 2 0.000000e+00 6.136617e-01 0.000000e+00 2.644045e-01 1.219172e-01 1.652477e-05 0.000000e+00 0.000000e+00 0.000000e+00 0.000000e+00 0.000000e+00 0.000000e+00 0.000000e+00 0.000000e+00 0.000000e+00
3.300000e+02 WAE 3 0 2 0.000000e+00 5.928557e-01 0.000000e+00 2.554077e-01 1.517161e-01 2.056372e-05 0.000000e+00 0.000000e+00 0.000000e+00 0.000000e+00 0.000000e+00 0.000000e+00 0.000000e+00 0.000000e+00 0.000000e+00
3.300000e+02 WAE 4 0 2 0.000000e+00 5.904749e-01 0.000000e+00 2.543776e-01 1.551265e-01 2.102597e-05 0.000000e+00 0.000000e+00 0.000000e+00 0.000000e+00 0.000000e+00 0.000000e+00 0.000000e+00 0.000000e+00 0.000000e+00
3.300000e+02 WAE 5 0 2 0.000000e+00 5.873335e-01 0.000000e+00 2.530199e-01 1.596249e-01 2.163569e-05 0.000000e+00 0.000000e+00 0.000000e+00 0.000000e+00 0.000000e+00 0.000000e+00 0.000000e+00 0.000000e+00 0.000000e+00
3.300000e+02 WAE 6 0 2 0.000000e+00 1.396082e-01 7.517834e-01 6.261019e-02 4.599195e-02 6.234587e-06 0.000000e+00 0.000000e+00 0.000000e+00 0.000000e+00 0.000000e+00 0.000000e+00 0.000000e+00 0.000000e+00 0.000000e+00
3.300000e+02 WAE 7 0 2 6.017213e-01 3.228586e-03 3.748339e-01 1.389203e-03 1.882449e-02 2.551462e-06 0.000000e+00 0.000000e+00 0.000000e+00 0.000000e+00 0.000000e+00 0.000000e+00 0.000000e+00 0.000000e+00 0.000000e+00
3.300000e+02 YPH 0 0 2 0.000000e+00 0.000000e+00 0.000000e+00 0.000000e+00 1.380741e-02 1.871383e-05 0.000000e+00 0.000000e+00 8.832508e-01 9.947699e-02 3.643960e-05 0.000000e+00 1.624605e-03 1.785084e-03 3.752370e-13
3.300000e+02 YPH 1 0 2 0.000000e+00 0.000000e+00 0.000000e+00 0.000000e+00 1.474132e-02 1.997932e-05 0.000000e+00 0.000000e+00 8.824183e-01 9.938191e-02 3.638634e-05 0.000000e+00 1.621323e-03 1.780778e-03 3.747375e-13
3.300000e+02 YPH 2 0 2 0.000000e+00 0.000000e+00 0.000000e+00 1.190847e-05 4.160745e-03 5.639737e-06 0.000000e+00 0.000000e+00 8.943827e-01 1.007412e-01 7.397468e-06 0.000000e+00 3.293841e-04 3.609802e-04 7.624476e-14
3.300000e+02 YPH 3 0 2 0.000000e+00 0.000000e+00 0.000000e+00 1.190846e-05 4.157366e-03 5.635151e-06 0.000000e+00 0.000000e+00 8.943859e-01 1.007415e-01 7.397168e-06 0.000000e+00 3.293686e-04 3.609654e-04 7.624150e-14
3.300000e+02 YPH 4 0 2 0.000000e+00 0.000000e+00 0.000000e+00 1.190887e-05 4.158907e-03 5.637237e-06 0.000000e+00 0.000000e+00 8.943846e-01 1.007413e-01 7.397284e-06 0.000000e+00 3.293692e-04 3.609641e-04 7.624278e-14
3.300000e+02 YPH 5 0 2 0.000000e+00 0.000000e+00 0.000000e+00 1.190815e-05 4.152058e-03 5.627950e-06 0.000000e+00 0.000000e+00 8.943907e-01 1.007420e-01 7.396708e-06 0.000000e+00 3.293486e-04 3.609478e-04 7.623651e-14
3.300000e+02 YPH 6 0 2 0.000000e+00 1.001809e-04 0.000000e+00 1.459562e-05 4.171068e-03 5.653725e-06 0.000000e+00 0.000000e+00 8.942813e-01 1.007295e-01 7.397540e-06 0.000000e+00 3.293667e-04 3.609490e-04 7.624603e-14
3.300000e+02 GZS 0 0 2 0.000000e+00 0.000000e+00 0.000000e+00 0.000000e+00 0.000000e+00 1.496869e-05 0.000000e+00 0.000000e+00 8.987472e-01 1.012378e-01 0.000000e+00 0.000000e+00 0.000000e+00 0.000000e+00 0.000000e+00
3.300000e+02 GZS 1 0 2 0.000000e+00 0.000000e+00 0.000000e+00 0.000000e+00 0.000000e+00 0.000000e+00 2.337543e-03 2.339196e-03 9.953233e-01 0.000000e+00 0.000000e+00 0.000000e+00 0.000000e+00 0.000000e+00 0.000000e+00
3.300000e+02 GZS 2 0 2 0.000000e+00 0.000000e+00 0.000000e+00 0.000000e+00 0.000000e+00 0.000000e+00 2.337863e-03 2.339511e-03 9.953226e-01 0.000000e+00 0.000000e+00 0.000000e+00 0.000000e+00 0.000000e+00 0.000000e+00
3.300000e+02 GZS 3 0 2 0.000000e+00 0.000000e+00 0.000000e+00 0.000000e+00 0.000000e+00 0.000000e+00 2.339082e-03 2.340718e-03 9.953202e-01 0.000000e+00 0.000000e+00 0.000000e+00 0.000000e+00 0.000000e+00 0.000000e+00
3.300000e+02 GZS 4 0 2 0.000000e+00 0.000000e+00 0.000000e+00 0.000000e+00 0.000000e+00 0.000000e+00 2.339559e-03 2.341189e-03 9.953193e-01 0.000000e+00 0.000000e+00 0.000000e+00 0.000000e+00 0.000000e+00 0.000000e+00
3.300000e+02 RDG 0 0 2 0.000000e+00 0.000000e+00 0.000000e+00 0.000000e+00 2.079417e-02 2.113730e-05 0.000000e+00 0.000000e+00 8.502236e-01 9.575738e-02 3.696794e-04 0.000000e+00 1.563365e-02 1.720035e-02 3.604871e-12
3.300000e+02 RDG 1 0 2 0.000000e+00 0.000000e+00 0.000000e+00 0.000000e+00 2.153004e-02 2.188531e-05 0.000000e+00 0.000000e+00 8.495931e-01 9.568642e-02 3.693709e-04 0.000000e+00 1.561833e-02 1.718087e-02 3.602063e-12
3.300000e+02 RDG 2 0 2 0.000000e+00 0.000000e+00 0.000000e+00 0.000000e+00 1.799469e-01 1.219504e-05 0.000000e+00 0.000000e+00 0.000000e+00 0.000000e+00 9.057539e-03 0.000000e+00 3.851739e-01 4.258095e-01 8.818502e-11
3.300000e+02 RDG 3 0 2 0.000000e+00 0.000000e+00 0.000000e+00 0.000000e+00 4.460014e-02 3.022557e-06 0.000000e+00 0.000000e+00 0.000000e+00 0.000000e+00 1.055611e-02 0.000000e+00 4.486938e-01 4.961469e-01 1.027094e-10
3.300000e+02 RDG 4 0 2 0.000000e+00 0.000000e+00 0.000000e+00 0.000000e+00 5.593027e-02 3.790401e-06 0.000000e+00 0.000000e+00 0.000000e+00 0.000000e+00 1.042980e-02 0.000000e+00 4.433840e-01 4.902521e-01 1.014974e-10
3.300000e+02 DRE 0 0 1 0.000000e+00 0.000000e+00 0.000000e+00 0.000000e+00 0.000000e+00 0.000000e+00 2.466346e-05 2.466620e-05 8.930295e-01 1.005812e-01 0.000000e+00 0.000000e+00 7.526056e-04 5.587387e-03 2.466306e-13
3.300000e+02 CHI 0 0 1 0.000000e+00 0.000000e+00 0.000000e+00 0.000000e+00 0.000000e+00 0.000000e+00 0.000000e+00 0.000000e+00 0.000000e+00 0.000000e+00 0.000000e+00 0.000000e+00 2.863198e-01 7.136802e-01 2.418904e-12
3.300000e+02 CAL 0 0 1 0.000000e+00 0.000000e+00 0.000000e+00 0.000000e+00 0.000000e+00 0.000000e+00 2.550909e-02 2.552428e-02 0.000000e+00 0.000000e+00 0.000000e+00 0.000000e+00 4.698746e-01 4.790920e-01 1.185891e-10
3.300000e+02 ROT 0 0 1 0.000000e+00 0.000000e+00 0.000000e+00 0.000000e+00 0.000000e+00 0.000000e+00 2.550791e-02 2.552310e-02 0.000000e+00 0.000000e+00 0.000000e+00 0.000000e+00 4.698724e-01 4.790966e-01 1.185822e-10
3.350000e+02 WAE 0 0 2 0.000000e+00 9.018760e-03 0.000000e+00 6.276370e-04 0.000000e+00 1.685460e-05 0.000000e+00 0.000000e+00 8.895073e-01 1.008294e-01 0.000000e+00 0.000000e+00 0.000000e+00 0.000000e+00 0.000000e+00
3.350000e+02 WAE 1 0 2 0.000000e+00 9.020947e-03 0.000000e+00 6.277763e-04 0.000000e+00 1.687292e-05 0.000000e+00 0.000000e+00 8.895059e-01 1.008285e-01 0.000000e+00 0.000000e+00 0.000000e+00 0.000000e+00 0.000000e+00
3.350000e+02 WAE 2 0 2 0.000000e+00 5.694944e-01 0.000000e+00 2.946772e-01 1.358099e-01 1.849023e-05 0.000000e+00 0.000000e+00 0.000000e+00 0.000000e+00 0.000000e+00 0.000000e+00 0.000000e+00 0.000000e+00 0.000000e+00
3.350000e+02 WAE 3 0 2 0.000000e+00 5.473200e-01 0.000000e+00 2.831659e-01 1.694911e-01 2.307585e-05 0.000000e+00 0.000000e+00 0.000000e+00 0.000000e+00 0.000000e+00 0.000000e+00 0.000000e+00 0.000000e+00 0.000000e+00
3.350000e+02 WAE 4 0 2 0.000000e+00 5.447975e-01 0.000000e+00 2.818556e-01 1.733233e-01 2.359760e-05 0.000000e+00 0.000000e+00 0.000000e+00 0.000000e+00 0.000000e+00 0.000000e+00 0.000000e+00 0.000000e+00 0.000000e+00
3.350000e+02 WAE 5 0 2 0.000000e+00 5.414736e-01 0.000000e+00 2.801310e-01 1.783711e-01 2.428485e-05 0.000000e+00 0.000000e+00 0.000000e+00 0.000000e+00 0.000000e+00 0.000000e+00 0.000000e+00 0.000000e+00 0.000000e+00
3.350000e+02 WAE 6 0 2 0.000000e+00 5.748606e-01 0.000000e+00 2.974580e-01 1.276640e-01 1.738118e-05 0.000000e+00 0.000000e+00 0.000000e+00 0.000000e+00 0.000000e+00 0.000000e+00 0.000000e+00 0.000000e+00 0.000000e+00
3.350000e+02 WAE 7 0 2 7.404363e-01 3.058409e-03 2.349519e-01 1.599697e-03 1.995099e-02 2.716549e-06 0.000000e+00 0.000000e+00 0.000000e+00 0.000000e+00 0.000000e+00 0.000000e+00 0.000000e+00 0.000000e+00 0.000000e+00
3.350000e+02 YPH 0 0 2 0.000000e+00 0.000000e+00 0.000000e+00 0.000000e+00 1.420985e-02 1.934539e-05 0.000000e+00 0.000000e+00 8.818322e-01 9.994633e-02 3.843227e-05 0.000000e+00 1.872023e-03 2.081798e-03 3.957415e-13
3.350000e+02 YPH 1 0 2 0.000000e+00 0.000000e+00 0.000000e+00 0.000000e+00 1.526827e-02 2.078605e-05 0.000000e+00 0.000000e+00 8.808903e-01 9.983810e-02 3.837048e-05 0.000000e+00 1.867863e-03 2.076264e-03 3.951609e-13
3.350000e+02 YPH 2 0 2 0.000000e+00 0.000000e+00 0.000000e+00 1.029520e-05 4.345247e-03 5.916212e-06 0.000000e+00 0.000000e+00 8.935437e-01 1.012857e-01 7.808576e-06 0.000000e+00 3.799062e-04 4.213371e-04 8.048060e-14
3.350000e+02 YPH 3 0 2 0.000000e+00 0.000000e+00 0.000000e+00 1.029521e-05 4.341860e-03 5.911594e-06 0.000000e+00 0.000000e+00 8.935469e-01 1.012860e-01 7.808241e-06 0.000000e+00 3.798869e-04 4.213182e-04 8.047699e-14
3.350000e+02 YPH 4 0 2 0.000000e+00 0.000000e+00 0.000000e+00 1.029558e-05 4.343397e-03 5.913685e-06 0.000000e+00 0.000000e+00 8.935456e-01 1.012858e-01 7.808364e-06 0.000000e+00 3.798876e-04 4.213167e-04 8.047833e-14
3.350000e+02 YPH 5 0 2 0.000000e+00 0.000000e+00 0.000000e+00 1.029495e-05 4.336553e-03 5.904362e-06 0.000000e+00 0.000000e+00 8.935518e-01 1.012865e-01 7.807733e-06 0.000000e+00 3.798621e-04 4.212955e-04 8.047150e-14
3.350000e+02 YPH 6 0 2 0.000000e+00 0.000000e+00 0.000000e+00 1.197481e-05 4.355905e-03 5.930720e-06 0.000000e+00 0.000000e+00 8.935329e-01 1.012842e-01 7.809465e-06 0.000000e+00 3.799261e-04 4.213456e-04 8.049028e-14
3.350000e+02 GZS 0 0 2 0.000000e+00 0.000000e+00 0.000000e+00 0.000000e+00 0.000000e+00 1.576217e-05 0.000000e+00 0.000000e+00 8.981692e-01 1.018151e-01 0.000000e+00 0.000000e+00 0.000000e+00 0.000000e+00 0.000000e+00
3.350000e+02 GZS 1 0 2 0.000000e+00 0.000000e+00 0.000000e+00 0.000000e+00 0.000000e+00 0.000000e+00 2.491888e-03 2.493594e-03 9.950145e-01 0.000000e+00 0.000000e+00 0.000000e+00 0.000000e+00 0.000000e+00 0.000000e+00
3.350000e+02 GZS 2 0 2 0.000000e+00 0.000000e+00 0.000000e+00 0.000000e+00 0.000000e+00 0.000000e+00 2.492171e-03 2.493873e-03 9.950140e-01 0.000000e+00 0.000000e+00 0.000000e+00 0.000000e+00 0.000000e+00 0.000000e+00
3.350000e+02 GZS 3 0 2 0.000000e+00 0.000000e+00 0.000000e+00 0.000000e+00 0.000000e+00 0.000000e+00 2.493306e-03 2.494994e-03 9.950117e-01 0.000000e+00 0.000000e+00 0.000000e+00 0.000000e+00 0.000000e+00 0.000000e+00
3.350000e+02 GZS 4 0 2 0.000000e+00 0.000000e+00 0.000000e+00 0.000000e+00 0.000000e+00 0.000000e+00 2.493757e-03 2.495439e-03 9.950108e-01 0.000000e+00 0.000000e+00 0.000000e+00 0.000000e+00 0.000000e+00 0.000000e+00
3.350000e+02 RDG 0 0 2 0.000000e+00 0.000000e+00 0.000000e+00 0.000000e+00 2.129648e-02 2.174470e-05 0.000000e+00 0.000000e+00 8.446739e-01 9.573486e-02 3.879703e-04 0.000000e+00 1.792520e-02 1.995980e-02 3.783100e-12
3.350000e+02 RDG 1 0 2 0.000000e+00 0.000000e+00 0.000000e+00 0.000000e+00 2.210070e-02 2.256585e-05 0.000000e+00 0.000000e+00 8.439902e-01 9.565739e-02 3.876201e-04 0.000000e+00 1.790618e-02 1.993532e-02 3.779907e-12
3.350000e+02 RDG 2 0 2 0.000000e+00 0.000000e+00 0.000000e+00 0.000000e+00 1.673072e-01 1.138923e-05 0.000000e+00 0.000000e+00 0.000000e+00 0.000000e+00 8.372738e-03 0.000000e+00 3.890350e-01 4.352737e-01 8.151593e-11
3.350000e+02 RDG 3 0 2 0.000000e+00 0.000000e+00 0.000000e+00 0.000000e+00 4.186034e-02 2.849585e-06 0.000000e+00 0.000000e+00 0.000000e+00 0.000000e+00 9.638021e-03 0.000000e+00 4.475850e-01 5.009138e-01 9.376831e-11
3.350000e+02 RDG 4 0 2 0.000000e+00 0.000000e+00 0.000000e+00 0.000000e+00 5.224335e-02 3.556394e-06 0.000000e+00 0.000000e+00 0.000000e+00 0.000000e+00 9.532414e-03 0.000000e+00 4.427476e-01 4.954731e-01 9.275774e-11
3.350000e+02 DRE 0 0 1 0.000000e+00 0.000000e+00 0.000000e+00 0.000000e+00 0.000000e+00 0.000000e+00 2.601606e-05 2.601606e-05 8.916128e-01 1.010586e-01 0.000000e+00 0.000000e+00 8.636091e-04 6.412968e-03 2.601606e-13
3.350000e+02 CHI 0 0 1 0.000000e+00 0.000000e+00 0.000000e+00 0.000000e+00 0.000000e+00 0.000000e+00 0.000000e+00 0.000000e+00 0.000000e+00 0.000000e+00 0.000000e+00 0.000000e+00 2.819381e-01 7.180619e-01 2.348989e-12
3.350000e+02 CAL 0 0 1 0.000000e+00 0.000000e+00 0.000000e+00 0.000000e+00 0.000000e+00 0.000000e+00 2.352261e-02 2.353562e-02 0.000000e+00 0.000000e+00 0.000000e+00 0.000000e+00 4.694028e-01 4.835390e-01 1.085452e-10
3.350000e+02 ROT 0 0 1 0.000000e+00 0.000000e+00 0.000000e+00 0.000000e+00 0.000000e+00 0.000000e+00 2.352147e-02 2.353448e-02 0.000000e+00 0.000000e+00 0.000000e+00 0.000000e+00 4.694003e-01 4.835437e-01 1.085384e-10
3.400000e+02 WAE 0 0 2 0.000000e+00 7.566186e-03 0.000000e+00 5.359294e-04 0.000000e+00 1.791660e-05 0.000000e+00 0.000000e+00 8.902916e-01 1.015884e-01 0.000000e+00 0.000000e+00 0.000000e+00 0.000000e+00 0.000000e+00
3.400000e+02 WAE 1 0 2 0.000000e+00 7.568148e-03 0.000000e+00 5.360577e-04 0.000000e+00 1.793716e-05 0.000000e+00 0.000000e+00 8.902904e-01 1.015874e-01 0.000000e+00 0.000000e+00 0.000000e+00 0.000000e+00 0.000000e+00
3.400000e+02 WAE 2 0 2 0.000000e+00 5.185717e-01 0.000000e+00 3.294109e-01 1.519966e-01 2.078751e-05 0.000000e+00 0.000000e+00 0.000000e+00 0.000000e+00 0.000000e+00 0.000000e+00 0.000000e+00 0.000000e+00 0.000000e+00
3.400000e+02 WAE 3 0 2 0.000000e+00 4.953726e-01 0.000000e+00 3.146313e-01 1.899701e-01 2.598088e-05 0.000000e+00 0.000000e+00 0.000000e+00 0.000000e+00 0.000000e+00 0.000000e+00 0.000000e+00 0.000000e+00 0.000000e+00
3.400000e+02 WAE 4 0 2 0.000000e+00 4.927514e-01 0.000000e+00 3.129604e-01 1.942616e-01 2.656779e-05 0.000000e+00 0.000000e+00 0.000000e+00 0.000000e+00 0.000000e+00 0.000000e+00 0.000000e+00 0.000000e+00 0.000000e+00
3.400000e+02 WAE 5 0 2 0.000000e+00 4.893030e-01 0.000000e+00 3.107645e-01 1.999052e-01 2.733962e-05 0.000000e+00 0.000000e+00 0.000000e+00 0.000000e+00 0.000000e+00 0.000000e+00 0.000000e+00 0.000000e+00 0.000000e+00
3.400000e+02 WAE 6 0 2 0.000000e+00 5.242286e-01 0.000000e+00 3.330089e-01 1.427430e-01 1.952195e-05 0.000000e+00 0.000000e+00 0.000000e+00 0.000000e+00 0.000000e+00 0.000000e+00 0.000000e+00 0.000000e+00 0.000000e+00
3.400000e+02 WAE 7 0 2 6.532958e-01 1.696868e-01 0.000000e+00 1.112930e-01 6.571541e-02 8.988914e-06 0.000000e+00 0.000000e+00 0.000000e+00 0.000000e+00 0.000000e+00 0.000000e+00 0.000000e+00 0.000000e+00 0.000000e+00
3.400000e+02 YPH 0 0 2 0.000000e+00 0.000000e+00 0.000000e+00 0.000000e+00 1.466656e-02 2.005721e-05 0.000000e+00 0.000000e+00 8.802204e-01 1.004242e-01 4.077899e-05 0.000000e+00 2.177373e-03 2.450631e-03 4.198879e-13
3.400000e+02 YPH 1 0 2 0.000000e+00 0.000000e+00 0.000000e+00 0.000000e+00 1.588003e-02 2.171638e-05 0.000000e+00 0.000000e+00 8.791426e-01 1.002996e-01 4.070602e-05 0.000000e+00 2.171997e-03 2.443383e-03 4.192008e-13
3.400000e+02 YPH 2 0 2 0.000000e+00 0.000000e+00 0.000000e+00 8.771483e-06 4.561251e-03 6.238379e-06 0.000000e+00 0.000000e+00 8.926234e-01 1.018531e-01 8.293841e-06 0.000000e+00 4.423797e-04 4.964940e-04 8.548035e-14
3.400000e+02 YPH 3 0 2 0.000000e+00 0.000000e+00 0.000000e+00 8.771502e-06 4.557907e-03 6.233798e-06 0.000000e+00 0.000000e+00 8.926266e-01 1.018534e-01 8.293462e-06 0.000000e+00 4.423553e-04 4.964693e-04 8.547629e-14
3.400000e+02 YPH 4 0 2 0.000000e+00 0.000000e+00 0.000000e+00 8.771838e-06 4.559415e-03 6.235858e-06 0.000000e+00 0.000000e+00 8.926253e-01 1.018532e-01 8.293593e-06 0.000000e+00 4.423563e-04 4.964679e-04 8.547771e-14
3.400000e+02 YPH 5 0 2 0.000000e+00 0.000000e+00 0.000000e+00 8.771290e-06 4.552685e-03 6.226648e-06 0.000000e+00 0.000000e+00 8.926314e-01 1.018538e-01 8.292894e-06 0.000000e+00 4.423240e-04 4.964394e-04 8.547018e-14
3.400000e+02 YPH 6 0 2 0.000000e+00 0.000000e+00 0.000000e+00 8.773120e-06 4.571770e-03 6.252762e-06 0.000000e+00 0.000000e+00 8.926142e-01 1.018518e-01 8.294826e-06 0.000000e+00 4.424060e-04 4.965084e-04 8.549101e-14
3.400000e+02 GZS 0 0 2 0.000000e+00 0.000000e+00 0.000000e+00 0.000000e+00 0.000000e+00 1.669637e-05 0.000000e+00 0.000000e+00 8.975617e-01 1.024216e-01 0.000000e+00 0.000000e+00 0.000000e+00 0.000000e+00 0.000000e+00
3.400000e+02 GZS 1 0 2 0.000000e+00 0.000000e+00 0.000000e+00 0.000000e+00 0.000000e+00 0.000000e+00 2.674070e-03 2.675852e-03 9.946501e-01 0.000000e+00 0.000000e+00 0.000000e+00 0.000000e+00 0.000000e+00 0.000000e+00
3.400000e+02 GZS 2 0 2 0.000000e+00 0.000000e+00 0.000000e+00 0.000000e+00 0.000000e+00 0.000000e+00 2.674310e-03 2.676087e-03 9.946496e-01 0.000000e+00 0.000000e+00 0.000000e+00 0.000000e+00 0.000000e+00 0.000000e+00
3.400000e+02 GZS 3 0 2 0.000000e+00 0.000000e+00 0.000000e+00 0.000000e+00 0.000000e+00 0.000000e+00 2.675343e-03 2.677106e-03 9.946476e-01 0.000000e+00 0.000000e+00 0.000000e+00 0.000000e+00 0.000000e+00 0.000000e+00
3.400000e+02 GZS 4 0 2 0.000000e+00 0.000000e+00 0.000000e+00 0.000000e+00 0.000000e+00 0.000000e+00 2.675763e-03 2.677519e-03 9.946467e-01 0.000000e+00 0.000000e+00 0.000000e+00 0.000000e+00 0.000000e+00 0.000000e+00
3.400000e+02 RDG 0 0 2 0.000000e+00 0.000000e+00 0.000000e+00 0.000000e+00 2.186228e-02 2.242306e-05 0.000000e+00 0.000000e+00 8.380221e-01 9.560970e-02 4.091625e-04 0.000000e+00 2.072175e-02 2.335255e-02 3.989589e-12
3.400000e+02 RDG 1 0 2 0.000000e+00 0.000000e+00 0.000000e+00 0.000000e+00 2.274827e-02 2.333177e-05 0.000000e+00 0.000000e+00 8.372760e-01 9.552457e-02 4.087598e-04 0.000000e+00 2.069776e-02 2.332131e-02 3.985910e-12
3.400000e+02 RDG 2 0 2 0.000000e+00 0.000000e+00 0.000000e+00 0.000000e+00 1.550421e-01 1.060197e-05 0.000000e+00 0.000000e+00 0.000000e+00 0.000000e+00 7.708179e-03 0.000000e+00 3.926302e-01 4.446089e-01 7.504387e-11
3.400000e+02 RDG 3 0 2 0.000000e+00 0.000000e+00 0.000000e+00 0.000000e+00 3.926548e-02 2.685019e-06 0.000000e+00 0.000000e+00 0.000000e+00 0.000000e+00 8.768527e-03 0.000000e+00 4.463610e-01 5.056023e-01 8.530032e-11
3.400000e+02 RDG 4 0 2 0.000000e+00 0.000000e+00 0.000000e+00 0.000000e+00 4.874450e-02 3.333206e-06 0.000000e+00 0.000000e+00 0.000000e+00 0.000000e+00 8.680813e-03 0.000000e+00 4.419717e-01 5.005996e-01 8.446380e-11
3.400000e+02 DRE 0 0 1 0.000000e+00 0.000000e+00 0.000000e+00 0.000000e+00 0.000000e+00 0.000000e+00 2.760983e-05 2.760983e-05 8.899869e-01 1.015433e-01 0.000000e+00 0.000000e+00 1.000595e-03 7.413978e-03 2.760983e-13
3.400000e+02 CHI 0 0 1 0.000000e+00 0.000000e+00 0.000000e+00 0.000000e+00 0.000000e+00 0.000000e+00 0.000000e+00 0.000000e+00 0.000000e+00 0.000000e+00 0.000000e+00 0.000000e+00 2.774962e-01 7.225038e-01 2.278100e-12
3.400000e+02 CAL 0 0 1 0.000000e+00 0.000000e+00 0.000000e+00 0.000000e+00 0.000000e+00 0.000000e+00 2.162358e-02 2.163523e-02 0.000000e+00 0.000000e+00 0.000000e+00 0.000000e+00 4.689165e-01 4.878247e-01 9.901436e-11
3.400000e+02 ROT 0 0 1 0.000000e+00 0.000000e+00 0.000000e+00 0.000000e+00 0.000000e+00 0.000000e+00 2.162250e-02 2.163415e-02 0.000000e+00 0.000000e+00 0.000000e+00 0.000000e+00 4.689137e-01 4.878297e-01 9.900757e-11
3.450000e+02 WAE 0 0 2 0.000000e+00 6.242074e-03 0.000000e+00 4.498141e-04 0.000000e+00 1.917905e-05 0.000000e+00 0.000000e+00 8.909208e-01 1.023681e-01 0.000000e+00 0.000000e+00 0.000000e+00 0.000000e+00 0.000000e+00
3.450000e+02 WAE 1 0 2 0.000000e+00 6.243811e-03 0.000000e+00 4.499307e-04 0.000000e+00 1.920242e-05 0.000000e+00 0.000000e+00 8.909199e-01 1.023672e-01 0.000000e+00 0.000000e+00 0.000000e+00 0.000000e+00 0.000000e+00
3.450000e+02 WAE 2 0 2 0.000000e+00 4.607493e-01 0.000000e+00 3.686432e-01 1.705841e-01 2.343597e-05 0.000000e+00 0.000000e+00 0.000000e+00 0.000000e+00 0.000000e+00 0.000000e+00 0.000000e+00 0.000000e+00 0.000000e+00
3.450000e+02 WAE 3 0 2 0.000000e+00 4.371073e-01 0.000000e+00 3.496790e-01 2.131845e-01 2.928870e-05 0.000000e+00 0.000000e+00 0.000000e+00 0.000000e+00 0.000000e+00 0.000000e+00 0.000000e+00 0.000000e+00 0.000000e+00
3.450000e+02 WAE 4 0 2 0.000000e+00 4.344567e-01 0.000000e+00 3.475516e-01 2.179618e-01 2.994503e-05 0.000000e+00 0.000000e+00 0.000000e+00 0.000000e+00 0.000000e+00 0.000000e+00 0.000000e+00 0.000000e+00 0.000000e+00
3.450000e+02 WAE 5 0 2 0.000000e+00 4.309757e-01 0.000000e+00 3.447604e-01 2.242330e-01 3.080661e-05 0.000000e+00 0.000000e+00 0.000000e+00 0.000000e+00 0.000000e+00 0.000000e+00 0.000000e+00 0.000000e+00 0.000000e+00
3.450000e+02 WAE 6 0 2 0.000000e+00 4.665646e-01 0.000000e+00 3.733005e-01 1.601129e-01 2.199737e-05 0.000000e+00 0.000000e+00 0.000000e+00 0.000000e+00 0.000000e+00 0.000000e+00 0.000000e+00 0.000000e+00 0.000000e+00
3.450000e+02 WAE 7 0 2 0.000000e+00 4.606552e-01 0.000000e+00 3.685561e-01 1.707653e-01 2.346085e-05 0.000000e+00 0.000000e+00 0.000000e+00 0.000000e+00 0.000000e+00 0.000000e+00 0.000000e+00 0.000000e+00 0.000000e+00
3.450000e+02 YPH 0 0 2 0.000000e+00 0.000000e+00 0.000000e+00 0.000000e+00 1.518657e-02 2.086284e-05 0.000000e+00 0.000000e+00 8.783683e-01 1.009085e-01 4.357123e-05 0.000000e+00 2.558025e-03 2.914166e-03 4.486166e-13
3.450000e+02 YPH 1 0 2 0.000000e+00 0.000000e+00 0.000000e+00 0.000000e+00 1.659570e-02 2.279834e-05 0.000000e+00 0.000000e+00 8.771195e-01 1.007631e-01 4.348329e-05 0.000000e+00 2.550931e-03 2.904471e-03 4.477863e-13
3.450000e+02 YPH 2 0 2 0.000000e+00 0.000000e+00 0.000000e+00 7.346499e-06 4.816167e-03 6.617076e-06 0.000000e+00 0.000000e+00 8.916041e-01 1.024453e-01 8.872805e-06 0.000000e+00 5.204459e-04 5.911500e-04 9.144528e-14
3.450000e+02 YPH 3 0 2 0.000000e+00 0.000000e+00 0.000000e+00 7.346532e-06 4.812953e-03 6.612651e-06 0.000000e+00 0.000000e+00 8.916072e-01 1.024455e-01 8.872369e-06 0.000000e+00 5.204144e-04 5.911171e-04 9.144063e-14
3.450000e+02 YPH 4 0 2 0.000000e+00 0.000000e+00 0.000000e+00 7.346829e-06 4.814388e-03 6.614621e-06 0.000000e+00 0.000000e+00 8.916060e-01 1.024453e-01 8.872511e-06 0.000000e+00 5.204159e-04 5.911160e-04 9.144217e-14
3.450000e+02 YPH 5 0 2 0.000000e+00 0.000000e+00 0.000000e+00 7.346364e-06 4.807956e-03 6.605777e-06 0.000000e+00 0.000000e+00 8.916119e-01 1.024459e-01 8.871723e-06 0.000000e+00 5.203739e-04 5.910767e-04 9.143374e-14
3.450000e+02 YPH 6 0 2 0.000000e+00 0.000000e+00 0.000000e+00 7.347939e-06 4.826255e-03 6.630933e-06 0.000000e+00 0.000000e+00 8.915953e-01 1.024440e-01 8.873897e-06 0.000000e+00 5.204811e-04 5.911733e-04 9.145702e-14
3.450000e+02 GZS 0 0 2 0.000000e+00 0.000000e+00 0.000000e+00 0.000000e+00 0.000000e+00 1.780787e-05 0.000000e+00 0.000000e+00 8.969211e-01 1.030611e-01 0.000000e+00 0.000000e+00 0.000000e+00 0.000000e+00 0.000000e+00
3.450000e+02 GZS 1 0 2 0.000000e+00 0.000000e+00 0.000000e+00 0.000000e+00 0.000000e+00 0.000000e+00 2.891519e-03 2.893422e-03 9.942151e-01 0.000000e+00 0.000000e+00 0.000000e+00 0.000000e+00 0.000000e+00 0.000000e+00
3.450000e+02 GZS 2 0 2 0.000000e+00 0.000000e+00 0.000000e+00 0.000000e+00 0.000000e+00 0.000000e+00 2.891708e-03 2.893607e-03 9.942147e-01 0.000000e+00 0.000000e+00 0.000000e+00 0.000000e+00 0.000000e+00 0.000000e+00
3.450000e+02 GZS 3 0 2 0.000000e+00 0.000000e+00 0.000000e+00 0.000000e+00 0.000000e+00 0.000000e+00 2.892625e-03 2.894509e-03 9.942129e-01 0.000000e+00 0.000000e+00 0.000000e+00 0.000000e+00 0.000000e+00 0.000000e+00
3.450000e+02 GZS 4 0 2 0.000000e+00 0.000000e+00 0.000000e+00 0.000000e+00 0.000000e+00 0.000000e+00 2.893007e-03 2.894885e-03 9.942121e-01 0.000000e+00 0.000000e+00 0.000000e+00 0.000000e+00 0.000000e+00 0.000000e+00
3.450000e+02 RDG 0 0 2 0.000000e+00 0.000000e+00 0.000000e+00 0.000000e+00 2.250129e-02 2.318346e-05 0.000000e+00 0.000000e+00 8.299742e-01 9.534867e-02 4.338879e-04 0.000000e+00 2.415981e-02 2.755896e-02 4.230489e-12
3.450000e+02 RDG 1 0 2 0.000000e+00 0.000000e+00 0.000000e+00 0.000000e+00 2.348590e-02 2.419792e-05 0.000000e+00 0.000000e+00 8.291545e-01 9.525447e-02 4.334180e-04 0.000000e+00 2.412905e-02 2.751843e-02 4.226187e-12
3.450000e+02 RDG 2 0 2 0.000000e+00 0.000000e+00 0.000000e+00 0.000000e+00 1.432346e-01 9.839225e-06 0.000000e+00 0.000000e+00 0.000000e+00 0.000000e+00 7.068367e-03 0.000000e+00 3.958998e-01 4.537874e-01 6.881270e-11
3.450000e+02 RDG 3 0 2 0.000000e+00 0.000000e+00 0.000000e+00 0.000000e+00 3.682470e-02 2.529598e-06 0.000000e+00 0.000000e+00 0.000000e+00 0.000000e+00 7.950688e-03 0.000000e+00 4.449924e-01 5.102297e-01 7.733521e-11
3.450000e+02 RDG 4 0 2 0.000000e+00 0.000000e+00 0.000000e+00 0.000000e+00 4.544719e-02 3.121902e-06 0.000000e+00 0.000000e+00 0.000000e+00 0.000000e+00 7.878276e-03 0.000000e+00 4.410256e-01 5.056458e-01 7.664748e-11
3.450000e+02 DRE 0 0 1 0.000000e+00 0.000000e+00 0.000000e+00 0.000000e+00 0.000000e+00 0.000000e+00 2.953228e-05 2.954004e-05 8.880994e-01 1.020326e-01 0.000000e+00 0.000000e+00 1.171495e-03 8.637420e-03 2.950670e-13
3.450000e+02 CHI 0 0 1 0.000000e+00 0.000000e+00 0.000000e+00 0.000000e+00 0.000000e+00 0.000000e+00 0.000000e+00 0.000000e+00 0.000000e+00 0.000000e+00 0.000000e+00 0.000000e+00 2.730084e-01 7.269916e-01 2.206298e-12
3.450000e+02 CAL 0 0 1 0.000000e+00 0.000000e+00 0.000000e+00 0.000000e+00 0.000000e+00 0.000000e+00 1.982364e-02 1.983526e-02 0.000000e+00 0.000000e+00 0.000000e+00 0.000000e+00 4.683974e-01 4.919437e-01 9.003077e-11
3.450000e+02 ROT 0 0 1 0.000000e+00 0.000000e+00 0.000000e+00 0.000000e+00 0.000000e+00 0.000000e+00 1.982260e-02 1.983423e-02 0.000000e+00 0.000000e+00 0.000000e+00 0.000000e+00 4.683942e-01 4.919490e-01 9.002403e-11
3.500000e+02 WAE 0 0 2 0.000000e+00 5.050310e-03 0.000000e+00 3.700662e-04 0.000000e+00 2.069802e-05 0.000000e+00 0.000000e+00 8.913867e-01 1.031723e-01 0.000000e+00 0.000000e+00 0.000000e+00 0.000000e+00 0.000000e+00
3.500000e+02 WAE 1 0 2 0.000000e+00 5.051825e-03 0.000000e+00 3.701704e-04 0.000000e+00 2.072497e-05 0.000000e+00 0.000000e+00 8.913860e-01 1.031713e-01 0.000000e+00 0.000000e+00 0.000000e+00 0.000000e+00 0.000000e+00
3.500000e+02 WAE 2 0 2 0.000000e+00 3.966374e-01 0.000000e+00 4.119303e-01 1.914059e-01 2.641768e-05 0.000000e+00 0.000000e+00 0.000000e+00 0.000000e+00 0.000000e+00 0.000000e+00 0.000000e+00 0.000000e+00 0.000000e+00
3.500000e+02 WAE 3 0 2 0.000000e+00 3.734049e-01 0.000000e+00 3.877490e-01 2.388132e-01 3.296078e-05 0.000000e+00 0.000000e+00 0.000000e+00 0.000000e+00 0.000000e+00 0.000000e+00 0.000000e+00 0.000000e+00 0.000000e+00
3.500000e+02 WAE 4 0 2 0.000000e+00 3.708226e-01 0.000000e+00 3.850596e-01 2.440842e-01 3.368828e-05 0.000000e+00 0.000000e+00 0.000000e+00 0.000000e+00 0.000000e+00 0.000000e+00 0.000000e+00 0.000000e+00 0.000000e+00
3.500000e+02 WAE 5 0 2 0.000000e+00 3.674380e-01 0.000000e+00 3.815378e-01 2.509896e-01 3.464135e-05 0.000000e+00 0.000000e+00 0.000000e+00 0.000000e+00 0.000000e+00 0.000000e+00 0.000000e+00 0.000000e+00 0.000000e+00
3.500000e+02 WAE 6 0 2 0.000000e+00 4.024075e-01 0.000000e+00 4.179269e-01 1.796407e-01 2.479385e-05 0.000000e+00 0.000000e+00 0.000000e+00 0.000000e+00 0.000000e+00 0.000000e+00 0.000000e+00 0.000000e+00 0.000000e+00
3.500000e+02 WAE 7 0 2 0.000000e+00 3.965446e-01 0.000000e+00 4.118197e-01 1.916093e-01 2.644573e-05 0.000000e+00 0.000000e+00 0.000000e+00 0.000000e+00 0.000000e+00 0.000000e+00 0.000000e+00 0.000000e+00 0.000000e+00
3.500000e+02 YPH 0 0 2 0.000000e+00 0.000000e+00 0.000000e+00 0.000000e+00 1.578047e-02 2.177829e-05 0.000000e+00 0.000000e+00 8.762131e-01 1.013958e-01 4.693121e-05 0.000000e+00 3.037941e-03 3.503995e-03 4.831845e-13
3.500000e+02 YPH 1 0 2 0.000000e+00 0.000000e+00 0.000000e+00 0.000000e+00 1.744009e-02 2.406833e-05 0.000000e+00 0.000000e+00 8.747460e-01 1.012239e-01 4.682275e-05 0.000000e+00 3.028360e-03 3.490722e-03 4.821569e-13
3.500000e+02 YPH 2 0 2 0.000000e+00 0.000000e+00 0.000000e+00 6.031791e-06 5.119651e-03 7.066442e-06 0.000000e+00 0.000000e+00 8.904627e-01 1.030639e-01 9.571802e-06 0.000000e+00 6.191608e-04 7.119156e-04 9.864657e-14
3.500000e+02 YPH 3 0 2 0.000000e+00 0.000000e+00 0.000000e+00 6.031837e-06 5.116712e-03 7.062376e-06 0.000000e+00 0.000000e+00 8.904656e-01 1.030641e-01 9.571291e-06 0.000000e+00 6.191193e-04 7.118707e-04 9.864117e-14
3.500000e+02 YPH 4 0 2 0.000000e+00 0.000000e+00 0.000000e+00 6.032095e-06 5.118001e-03 7.064153e-06 0.000000e+00 0.000000e+00 8.904645e-01 1.030639e-01 9.571448e-06 0.000000e+00 6.191217e-04 7.118704e-04 9.864285e-14
3.500000e+02 YPH 5 0 2 0.000000e+00 0.000000e+00 0.000000e+00 6.031713e-06 5.112175e-03 7.056104e-06 0.000000e+00 0.000000e+00 8.904698e-01 1.030644e-01 9.570543e-06 0.000000e+00 6.190656e-04 7.118145e-04 9.863325e-14
3.500000e+02 YPH 6 0 2 0.000000e+00 0.000000e+00 0.000000e+00 6.033031e-06 5.128821e-03 7.079098e-06 0.000000e+00 0.000000e+00 8.904546e-01 1.030627e-01 9.573038e-06 0.000000e+00 6.192100e-04 7.119544e-04 9.865974e-14
3.500000e+02 GZS 0 0 2 0.000000e+00 0.000000e+00 0.000000e+00 0.000000e+00 0.000000e+00 1.914587e-05 0.000000e+00 0.000000e+00 8.962432e-01 1.037377e-01 0.000000e+00 0.000000e+00 0.000000e+00 0.000000e+00 0.000000e+00
3.500000e+02 GZS 1 0 2 0.000000e+00 0.000000e+00 0.000000e+00 0.000000e+00 0.000000e+00 0.000000e+00 3.154642e-03 3.156678e-03 9.936887e-01 0.000000e+00 0.000000e+00 0.000000e+00 0.000000e+00 0.000000e+00 0.000000e+00
3.500000e+02 GZS 2 0 2 0.000000e+00 0.000000e+00 0.000000e+00 0.000000e+00 0.000000e+00 0.000000e+00 3.154782e-03 3.156814e-03 9.936884e-01 0.000000e+00 0.000000e+00 0.000000e+00 0.000000e+00 0.000000e+00 0.000000e+00
3.500000e+02 GZS 3 0 2 0.000000e+00 0.000000e+00 0.000000e+00 0.000000e+00 0.000000e+00 0.000000e+00 3.155592e-03 3.157609e-03 9.936868e-01 0.000000e+00 0.000000e+00 0.000000e+00 0.000000e+00 0.000000e+00 0.000000e+00
3.500000e+02 GZS 4 0 2 0.000000e+00 0.000000e+00 0.000000e+00 0.000000e+00 0.000000e+00 0.000000e+00 3.155942e-03 3.157953e-03 9.936861e-01 0.000000e+00 0.000000e+00 0.000000e+00 0.000000e+00 0.000000e+00 0.000000e+00
3.500000e+02 RDG 0 0 2 0.000000e+00 0.000000e+00 0.000000e+00 0.000000e+00 2.322461e-02 2.403858e-05 0.000000e+00 0.000000e+00 8.201406e-01 9.490667e-02 4.629377e-04 0.000000e+00 2.841968e-02 3.282145e-02 4.513500e-12
3.500000e+02 RDG 1 0 2 0.000000e+00 0.000000e+00 0.000000e+00 0.000000e+00 2.432918e-02 2.518185e-05 0.000000e+00 0.000000e+00 8.192341e-01 9.480169e-02 4.623806e-04 0.000000e+00 2.837952e-02 3.276791e-02 4.508389e-12
3.500000e+02 RDG 2 0 2 0.000000e+00 0.000000e+00 0.000000e+00 0.000000e+00 1.319542e-01 9.106070e-06 0.000000e+00 0.000000e+00 0.000000e+00 0.000000e+00 6.457073e-03 0.000000e+00 3.987821e-01 4.627975e-01 6.285911e-11
3.500000e+02 RDG 3 0 2 0.000000e+00 0.000000e+00 0.000000e+00 0.000000e+00 3.454356e-02 2.383824e-06 0.000000e+00 0.000000e+00 0.000000e+00 0.000000e+00 7.186377e-03 0.000000e+00 4.434422e-01 5.148255e-01 6.989118e-11
3.500000e+02 RDG 4 0 2 0.000000e+00 0.000000e+00 0.000000e+00 0.000000e+00 4.236010e-02 2.923237e-06 0.000000e+00 0.000000e+00 0.000000e+00 0.000000e+00 7.126926e-03 0.000000e+00 4.398714e-01 5.106386e-01 6.932941e-11
3.500000e+02 DRE 0 0 1 0.000000e+00 0.000000e+00 0.000000e+00 0.000000e+00 0.000000e+00 0.000000e+00 3.201302e-05 3.202652e-05 8.858805e-01 1.025225e-01 0.000000e+00 0.000000e+00 1.387334e-03 1.014564e-02 3.179019e-13
3.500000e+02 CHI 0 0 1 0.000000e+00 0.000000e+00 0.000000e+00 0.000000e+00 0.000000e+00 0.000000e+00 0.000000e+00 0.000000e+00 0.000000e+00 0.000000e+00 0.000000e+00 0.000000e+00 2.684950e-01 7.315050e-01 2.133693e-12
3.500000e+02 CAL 0 0 1 0.000000e+00 0.000000e+00 0.000000e+00 0.000000e+00 0.000000e+00 0.000000e+00 1.814550e-02 1.815655e-02 0.000000e+00 0.000000e+00 0.000000e+00 0.000000e+00 4.678121e-01 4.958858e-01 8.161464e-11
3.500000e+02 ROT 0 0 1 0.000000e+00 0.000000e+00 0.000000e+00 0.000000e+00 0.000000e+00 0.000000e+00 1.814453e-02 1.815559e-02 0.000000e+00 0.000000e+00 0.000000e+00 0.000000e+00 4.678085e-01 4.958914e-01 8.160796e-11
3.550000e+02 WAE 0 0 2 0.000000e+00 3.991642e-03 0.000000e+00 2.972545e-04 0.000000e+00 2.255025e-05 0.000000e+00 0.000000e+00 8.916831e-01 1.040055e-01 0.000000e+00 0.000000e+00 0.000000e+00 0.000000e+00 0.000000e+00
3.550000e+02 WAE 1 0 2 0.000000e+00 3.992939e-03 0.000000e+00 2.973460e-04 0.000000e+00 2.258188e-05 0.000000e+00 0.000000e+00 8.916826e-01 1.040045e-01 0.000000e+00 0.000000e+00 0.000000e+00 0.000000e+00 0.000000e+00
3.550000e+02 WAE 2 0 2 0.000000e+00 3.279049e-01 0.000000e+00 4.580961e-01 2.139693e-01 2.966920e-05 0.000000e+00 0.000000e+00 0.000000e+00 0.000000e+00 0.000000e+00 0.000000e+00 0.000000e+00 0.000000e+00 0.000000e+00
3.550000e+02 WAE 3 0 2 0.000000e+00 3.061583e-01 0.000000e+00 4.276586e-01 2.661461e-01 3.690408e-05 0.000000e+00 0.000000e+00 0.000000e+00 0.000000e+00 0.000000e+00 0.000000e+00 0.000000e+00 0.000000e+00 0.000000e+00
3.550000e+02 WAE 4 0 2 0.000000e+00 3.037635e-01 0.000000e+00 4.243045e-01 2.718943e-01 3.770112e-05 0.000000e+00 0.000000e+00 0.000000e+00 0.000000e+00 0.000000e+00 0.000000e+00 0.000000e+00 0.000000e+00 0.000000e+00
3.550000e+02 WAE 5 0 2 0.000000e+00 3.006312e-01 0.000000e+00 4.199213e-01 2.794088e-01 3.874309e-05 0.000000e+00 0.000000e+00 0.000000e+00 0.000000e+00 0.000000e+00 0.000000e+00 0.000000e+00 0.000000e+00 0.000000e+00
3.550000e+02 WAE 6 0 2 0.000000e+00 3.333629e-01 0.000000e+00 4.657235e-01 2.008858e-01 2.785500e-05 0.000000e+00 0.000000e+00 0.000000e+00 0.000000e+00 0.000000e+00 0.000000e+00 0.000000e+00 0.000000e+00 0.000000e+00
3.550000e+02 WAE 7 0 2 0.000000e+00 3.278178e-01 0.000000e+00 4.579572e-01 2.141952e-01 2.970051e-05 0.000000e+00 0.000000e+00 0.000000e+00 0.000000e+00 0.000000e+00 0.000000e+00 0.000000e+00 0.000000e+00 0.000000e+00
3.550000e+02 YPH 0 0 2 0.000000e+00 0.000000e+00 0.000000e+00 0.000000e+00 1.646066e-02 2.282232e-05 0.000000e+00 0.000000e+00 8.736700e-01 1.018806e-01 5.102507e-05 0.000000e+00 3.650332e-03 4.264546e-03 5.252995e-13
3.550000e+02 YPH 1 0 2 0.000000e+00 0.000000e+00 0.000000e+00 0.000000e+00 1.844590e-02 2.557441e-05 0.000000e+00 0.000000e+00 8.719206e-01 1.016741e-01 5.088771e-05 0.000000e+00 3.637056e-03 4.245901e-03 5.239929e-13
3.550000e+02 YPH 2 0 2 0.000000e+00 0.000000e+00 0.000000e+00 4.835523e-06 5.484427e-03 7.605150e-06 0.000000e+00 0.000000e+00 8.891683e-01 1.037106e-01 1.042695e-05 0.000000e+00 7.455925e-04 8.681601e-04 1.074561e-13
3.550000e+02 YPH 3 0 2 0.000000e+00 0.000000e+00 0.000000e+00 4.835581e-06 5.482011e-03 7.601789e-06 0.000000e+00 0.000000e+00 8.891708e-01 1.037107e-01 1.042634e-05 0.000000e+00 7.455363e-04 8.680967e-04 1.074497e-13
3.550000e+02 YPH 4 0 2 0.000000e+00 0.000000e+00 0.000000e+00 4.835801e-06 5.483032e-03 7.603203e-06 0.000000e+00 0.000000e+00 8.891699e-01 1.037106e-01 1.042651e-05 0.000000e+00 7.455406e-04 8.680986e-04 1.074516e-13
3.550000e+02 YPH 5 0 2 0.000000e+00 0.000000e+00 0.000000e+00 4.835500e-06 5.478328e-03 7.596670e-06 0.000000e+00 0.000000e+00 8.891743e-01 1.037110e-01 1.042545e-05 0.000000e+00 7.454631e-04 8.680161e-04 1.074404e-13
3.550000e+02 YPH 6 0 2 0.000000e+00 0.000000e+00 0.000000e+00 4.836561e-06 5.491852e-03 7.615447e-06 0.000000e+00 0.000000e+00 8.891618e-01 1.037096e-01 1.042838e-05 0.000000e+00 7.456646e-04 8.682264e-04 1.074713e-13
3.550000e+02 GZS 0 0 2 0.000000e+00 0.000000e+00 0.000000e+00 0.000000e+00 0.000000e+00 2.077772e-05 0.000000e+00 0.000000e+00 8.955229e-01 1.044563e-01 0.000000e+00 0.000000e+00 0.000000e+00 0.000000e+00 0.000000e+00
3.550000e+02 GZS 1 0 2 0.000000e+00 0.000000e+00 0.000000e+00 0.000000e+00 0.000000e+00 0.000000e+00 3.476918e-03 3.479098e-03 9.930440e-01 0.000000e+00 0.000000e+00 0.000000e+00 0.000000e+00 0.000000e+00 0.000000e+00
3.550000e+02 GZS 2 0 2 0.000000e+00 0.000000e+00 0.000000e+00 0.000000e+00 0.000000e+00 0.000000e+00 3.477007e-03 3.479182e-03 9.930438e-01 0.000000e+00 0.000000e+00 0.000000e+00 0.000000e+00 0.000000e+00 0.000000e+00
3.550000e+02 GZS 3 0 2 0.000000e+00 0.000000e+00 0.000000e+00 0.000000e+00 0.000000e+00 0.000000e+00 3.477718e-03 3.479877e-03 9.930424e-01 0.000000e+00 0.000000e+00 0.000000e+00 0.000000e+00 0.000000e+00 0.000000e+00
3.550000e+02 GZS 4 0 2 0.000000e+00 0.000000e+00 0.000000e+00 0.000000e+00 0.000000e+00 0.000000e+00 3.478040e-03 3.480192e-03 9.930418e-01 0.000000e+00 0.000000e+00 0.000000e+00 0.000000e+00 0.000000e+00 0.000000e+00
3.550000e+02 RDG 0 0 2 0.000000e+00 0.000000e+00 0.000000e+00 0.000000e+00 2.404484e-02 2.500291e-05 0.000000e+00 0.000000e+00 8.080093e-01 9.422308e-02 4.973058e-04 0.000000e+00 3.373712e-02 3.946337e-02 4.848295e-12
3.550000e+02 RDG 1 0 2 0.000000e+00 0.000000e+00 0.000000e+00 0.000000e+00 2.529649e-02 2.630442e-05 0.000000e+00 0.000000e+00 8.070002e-01 9.410526e-02 4.966339e-04 0.000000e+00 3.368376e-02 3.939133e-02 4.842118e-12
3.550000e+02 RDG 2 0 2 0.000000e+00 0.000000e+00 0.000000e+00 0.000000e+00 1.212682e-01 8.407553e-06 0.000000e+00 0.000000e+00 0.000000e+00 0.000000e+00 5.877951e-03 0.000000e+00 4.012118e-01 4.716337e-01 5.721868e-11
3.550000e+02 RDG 3 0 2 0.000000e+00 0.000000e+00 0.000000e+00 0.000000e+00 3.242686e-02 2.248158e-06 0.000000e+00 0.000000e+00 0.000000e+00 0.000000e+00 6.477204e-03 0.000000e+00 4.416690e-01 5.194247e-01 6.298387e-11
3.550000e+02 RDG 4 0 2 0.000000e+00 0.000000e+00 0.000000e+00 0.000000e+00 3.949084e-02 2.737905e-06 0.000000e+00 0.000000e+00 0.000000e+00 0.000000e+00 6.428616e-03 0.000000e+00 4.384671e-01 5.156107e-01 6.252763e-11
3.550000e+02 DRE 0 0 1 0.000000e+00 0.000000e+00 0.000000e+00 0.000000e+00 0.000000e+00 0.000000e+00 3.514524e-05 3.515949e-05 8.832376e-01 1.030065e-01 0.000000e+00 0.000000e+00 1.663616e-03 1.202192e-02 3.457404e-13
3.550000e+02 CHI 0 0 1 0.000000e+00 0.000000e+00 0.000000e+00 0.000000e+00 0.000000e+00 0.000000e+00 0.000000e+00 0.000000e+00 0.000000e+00 0.000000e+00 0.000000e+00 0.000000e+00 2.639838e-01 7.360162e-01 2.060450e-12
3.550000e+02 CAL 0 0 1 0.000000e+00 0.000000e+00 0.000000e+00 0.000000e+00 0.000000e+00 0.000000e+00 1.658114e-02 1.659092e-02 0.000000e+00 0.000000e+00 0.000000e+00 0.000000e+00 4.671553e-01 4.996726e-01 7.378852e-11
3.550000e+02 ROT 0 0 1 0.000000e+00 0.000000e+00 0.000000e+00 0.000000e+00 0.000000e+00 0.000000e+00 1.658023e-02 1.659002e-02 0.000000e+00 0.000000e+00 0.000000e+00 0.000000e+00 4.671511e-01 4.996786e-01 7.378192e-11
3.600000e+02 WAE 0 0 2 0.000000e+00 3.065918e-03 0.000000e+00 2.318902e-04 0.000000e+00 2.484279e-05 0.000000e+00 0.000000e+00 8.918041e-01 1.048733e-01 0.000000e+00 0.000000e+00 0.000000e+00 0.000000e+00 0.000000e+00
3.600000e+02 WAE 1 0 2 0.000000e+00 3.067006e-03 0.000000e+00 2.319688e-04 0.000000e+00 2.488064e-05 0.000000e+00 0.000000e+00 8.918039e-01 1.048723e-01 0.000000e+00 0.000000e+00 0.000000e+00 0.000000e+00 0.000000e+00
3.600000e+02 WAE 2 0 2 0.000000e+00 2.575300e-01 0.000000e+00 5.050884e-01 2.373486e-01 3.306565e-05 0.000000e+00 0.000000e+00 0.000000e+00 0.000000e+00 0.000000e+00 0.000000e+00 0.000000e+00 0.000000e+00 0.000000e+00
3.600000e+02 WAE 3 0 2 0.000000e+00 2.384175e-01 0.000000e+00 4.675450e-01 2.939965e-01 4.095742e-05 0.000000e+00 0.000000e+00 0.000000e+00 0.000000e+00 0.000000e+00 0.000000e+00 0.000000e+00 0.000000e+00 0.000000e+00
3.600000e+02 WAE 4 0 2 0.000000e+00 2.363328e-01 0.000000e+00 4.634468e-01 3.001786e-01 4.181866e-05 0.000000e+00 0.000000e+00 0.000000e+00 0.000000e+00 0.000000e+00 0.000000e+00 0.000000e+00 0.000000e+00 0.000000e+00
3.600000e+02 WAE 5 0 2 0.000000e+00 2.336118e-01 0.000000e+00 4.581024e-01 3.082428e-01 4.294210e-05 0.000000e+00 0.000000e+00 0.000000e+00 0.000000e+00 0.000000e+00 0.000000e+00 0.000000e+00 0.000000e+00 0.000000e+00
3.600000e+02 WAE 6 0 2 0.000000e+00 2.623791e-01 0.000000e+00 5.145981e-01 2.229917e-01 3.106555e-05 0.000000e+00 0.000000e+00 0.000000e+00 0.000000e+00 0.000000e+00 0.000000e+00 0.000000e+00 0.000000e+00 0.000000e+00
3.600000e+02 WAE 7 0 2 0.000000e+00 2.574534e-01 0.000000e+00 5.049172e-01 2.375963e-01 3.310014e-05 0.000000e+00 0.000000e+00 0.000000e+00 0.000000e+00 0.000000e+00 0.000000e+00 0.000000e+00 0.000000e+00 0.000000e+00
3.600000e+02 YPH 0 0 2 0.000000e+00 0.000000e+00 0.000000e+00 0.000000e+00 1.724145e-02 2.401679e-05 0.000000e+00 0.000000e+00 8.706230e-01 1.023539e-01 5.608243e-05 0.000000e+00 4.441996e-03 5.259565e-03 5.773221e-13
3.600000e+02 YPH 1 0 2 0.000000e+00 0.000000e+00 0.000000e+00 0.000000e+00 1.965701e-02 2.738114e-05 0.000000e+00 0.000000e+00 8.685024e-01 1.021016e-01 5.590317e-05 0.000000e+00 4.423074e-03 5.232622e-03 5.756091e-13
3.600000e+02 YPH 2 0 2 0.000000e+00 0.000000e+00 0.000000e+00 3.764954e-06 5.927495e-03 8.258195e-06 0.000000e+00 0.000000e+00 8.876792e-01 1.043865e-01 1.148874e-05 0.000000e+00 9.098066e-04 1.073456e-03 1.183940e-13
3.600000e+02 YPH 3 0 2 0.000000e+00 0.000000e+00 0.000000e+00 3.765024e-06 5.926024e-03 8.256133e-06 0.000000e+00 0.000000e+00 8.876808e-01 1.043865e-01 1.148799e-05 0.000000e+00 9.097282e-04 1.073363e-03 1.183862e-13
3.600000e+02 YPH 4 0 2 0.000000e+00 0.000000e+00 0.000000e+00 3.765204e-06 5.926571e-03 8.256893e-06 0.000000e+00 0.000000e+00 8.876804e-01 1.043864e-01 1.148820e-05 0.000000e+00 9.097362e-04 1.073370e-03 1.183883e-13
3.600000e+02 YPH 5 0 2 0.000000e+00 0.000000e+00 0.000000e+00 3.764985e-06 5.923863e-03 8.253108e-06 0.000000e+00 0.000000e+00 8.876831e-01 1.043866e-01 1.148691e-05 0.000000e+00 9.096253e-04 1.073243e-03 1.183749e-13
3.600000e+02 YPH 6 0 2 0.000000e+00 0.000000e+00 0.000000e+00 3.765790e-06 5.931749e-03 8.264126e-06 0.000000e+00 0.000000e+00 8.876753e-01 1.043859e-01 1.149047e-05 0.000000e+00 9.099173e-04 1.073572e-03 1.184119e-13
3.600000e+02 GZS 0 0 2 0.000000e+00 0.000000e+00 0.000000e+00 0.000000e+00 0.000000e+00 2.279746e-05 0.000000e+00 0.000000e+00 8.947545e-01 1.052227e-01 0.000000e+00 0.000000e+00 0.000000e+00 0.000000e+00 0.000000e+00
3.600000e+02 GZS 1 0 2 0.000000e+00 0.000000e+00 0.000000e+00 0.000000e+00 0.000000e+00 0.000000e+00 3.877402e-03 3.879763e-03 9.922428e-01 0.000000e+00 0.000000e+00 0.000000e+00 0.000000e+00 0.000000e+00 0.000000e+00
3.600000e+02 GZS 2 0 2 0.000000e+00 0.000000e+00 0.000000e+00 0.000000e+00 0.000000e+00 0.000000e+00 3.877441e-03 3.879796e-03 9.922428e-01 0.000000e+00 0.000000e+00 0.000000e+00 0.000000e+00 0.000000e+00 0.000000e+00
3.600000e+02 GZS 3 0 2 0.000000e+00 0.000000e+00 0.000000e+00 0.000000e+00 0.000000e+00 0.000000e+00 3.878069e-03 3.880406e-03 9.922415e-01 0.000000e+00 0.000000e+00 0.000000e+00 0.000000e+00 0.000000e+00 0.000000e+00
3.600000e+02 GZS 4 0 2 0.000000e+00 0.000000e+00 0.000000e+00 0.000000e+00 0.000000e+00 0.000000e+00 3.878371e-03 3.880701e-03 9.922409e-01 0.000000e+00 0.000000e+00 0.000000e+00 0.000000e+00 0.000000e+00 0.000000e+00
3.600000e+02 RDG 0 0 2 0.000000e+00 0.000000e+00 0.000000e+00 0.000000e+00 2.497590e-02 2.609264e-05 0.000000e+00 0.000000e+00 7.929046e-01 9.321602e-02 5.382349e-04 0.000000e+00 4.042046e-02 4.791866e-02 5.246960e-12
3.600000e+02 RDG 1 0 2 0.000000e+00 0.000000e+00 0.000000e+00 0.000000e+00 2.640929e-02 2.759011e-05 0.000000e+00 0.000000e+00 7.917747e-01 9.308295e-02 5.374093e-04 0.000000e+00 4.034822e-02 4.781984e-02 5.239355e-12
3.600000e+02 RDG 2 0 2 0.000000e+00 0.000000e+00 0.000000e+00 0.000000e+00 1.112352e-01 7.748204e-06 0.000000e+00 0.000000e+00 0.000000e+00 0.000000e+00 5.334183e-03 0.000000e+00 4.031160e-01 4.803069e-01 5.192235e-11
3.600000e+02 RDG 3 0 2 0.000000e+00 0.000000e+00 0.000000e+00 0.000000e+00 3.047752e-02 2.122940e-06 0.000000e+00 0.000000e+00 0.000000e+00 0.000000e+00 5.824150e-03 0.000000e+00 4.396202e-01 5.240760e-01 5.662277e-11
3.600000e+02 RDG 4 0 2 0.000000e+00 0.000000e+00 0.000000e+00 0.000000e+00 3.684443e-02 2.566433e-06 0.000000e+00 0.000000e+00 0.000000e+00 0.000000e+00 5.784572e-03 0.000000e+00 4.367594e-01 5.206090e-01 5.625400e-11
3.600000e+02 DRE 0 0 1 0.000000e+00 0.000000e+00 0.000000e+00 0.000000e+00 0.000000e+00 0.000000e+00 3.911507e-05 3.913050e-05 8.800455e-01 1.034750e-01 0.000000e+00 0.000000e+00 2.022522e-03 1.437875e-02 3.801598e-13
3.600000e+02 CHI 0 0 1 0.000000e+00 0.000000e+00 0.000000e+00 0.000000e+00 0.000000e+00 0.000000e+00 0.000000e+00 0.000000e+00 0.000000e+00 0.000000e+00 0.000000e+00 0.000000e+00 2.595111e-01 7.404889e-01 1.986807e-12
3.600000e+02 CAL 0 0 1 0.000000e+00 0.000000e+00 0.000000e+00 0.000000e+00 0.000000e+00 0.000000e+00 1.512970e-02 1.513836e-02 0.000000e+00 0.000000e+00 0.000000e+00 0.000000e+00 4.664057e-01 5.033262e-01 6.656634e-11
3.600000e+02 ROT 0 0 1 0.000000e+00 0.000000e+00 0.000000e+00 0.000000e+00 0.000000e+00 0.000000e+00 1.512886e-02 1.513752e-02 0.000000e+00 0.000000e+00 0.000000e+00 0.000000e+00 4.664008e-01 5.033328e-01 6.655984e-11
3.645000e+02 WAE 0 0 2 0.000000e+00 2.272362e-03 0.000000e+00 1.744374e-04 0.000000e+00 2.772804e-05 0.000000e+00 0.000000e+00 8.917433e-01 1.057822e-01 0.000000e+00 0.000000e+00 0.000000e+00 0.000000e+00 0.000000e+00
3.645000e+02 WAE 1 0 2 0.000000e+00 2.273249e-03 0.000000e+00 1.745029e-04 0.000000e+00 2.777435e-05 0.000000e+00 0.000000e+00 8.917433e-01 1.057812e-01 0.000000e+00 0.000000e+00 0.000000e+00 0.000000e+00 0.000000e+00
3.645000e+02 WAE 2 0 2 0.000000e+00 1.896862e-01 0.000000e+00 5.500720e-01 2.602054e-01 3.642211e-05 0.000000e+00 0.000000e+00 0.000000e+00 0.000000e+00 0.000000e+00 0.000000e+00 0.000000e+00 0.000000e+00 0.000000e+00
3.645000e+02 WAE 3 0 2 0.000000e+00 1.741686e-01 0.000000e+00 5.050143e-01 3.207721e-01 4.489990e-05 0.000000e+00 0.000000e+00 0.000000e+00 0.000000e+00 0.000000e+00 0.000000e+00 0.000000e+00 0.000000e+00 0.000000e+00
3.645000e+02 WAE 4 0 2 0.000000e+00 1.724917e-01 0.000000e+00 5.001408e-01 3.273217e-01 4.581667e-05 0.000000e+00 0.000000e+00 0.000000e+00 0.000000e+00 0.000000e+00 0.000000e+00 0.000000e+00 0.000000e+00 0.000000e+00
3.645000e+02 WAE 5 0 2 0.000000e+00 1.703073e-01 0.000000e+00 4.937982e-01 3.358475e-01 4.701006e-05 0.000000e+00 0.000000e+00 0.000000e+00 0.000000e+00 0.000000e+00 0.000000e+00 0.000000e+00 0.000000e+00 0.000000e+00
3.645000e+02 WAE 6 0 2 0.000000e+00 1.936652e-01 0.000000e+00 5.616049e-01 2.446957e-01 3.425114e-05 0.000000e+00 0.000000e+00 0.000000e+00 0.000000e+00 0.000000e+00 0.000000e+00 0.000000e+00 0.000000e+00 0.000000e+00
3.645000e+02 WAE 7 0 2 0.000000e+00 1.896242e-01 0.000000e+00 5.498665e-01 2.604728e-01 3.645952e-05 0.000000e+00 0.000000e+00 0.000000e+00 0.000000e+00 0.000000e+00 0.000000e+00 0.000000e+00 0.000000e+00 0.000000e+00
3.645000e+02 YPH 0 0 2 0.000000e+00 0.000000e+00 0.000000e+00 0.000000e+00 1.813926e-02 2.538689e-05 0.000000e+00 0.000000e+00 8.669095e-01 1.028017e-01 6.242646e-05 0.000000e+00 5.479778e-03 6.581954e-03 6.425743e-13
3.645000e+02 YPH 1 0 2 0.000000e+00 0.000000e+00 0.000000e+00 0.000000e+00 2.113343e-02 2.957689e-05 0.000000e+00 0.000000e+00 8.642933e-01 1.024878e-01 6.218454e-05 0.000000e+00 5.451961e-03 6.541796e-03 6.402501e-13
3.645000e+02 YPH 2 0 2 0.000000e+00 0.000000e+00 0.000000e+00 2.826651e-06 6.471891e-03 9.059513e-06 0.000000e+00 0.000000e+00 8.859375e-01 1.050917e-01 1.282933e-05 0.000000e+00 1.126382e-03 1.347830e-03 1.322027e-13
3.645000e+02 YPH 3 0 2 0.000000e+00 0.000000e+00 0.000000e+00 2.826731e-06 6.472098e-03 9.059787e-06 0.000000e+00 0.000000e+00 8.859377e-01 1.050915e-01 1.282837e-05 0.000000e+00 1.126269e-03 1.347690e-03 1.321929e-13
3.645000e+02 YPH 4 0 2 0.000000e+00 0.000000e+00 0.000000e+00 2.826873e-06 6.471813e-03 9.059388e-06 0.000000e+00 0.000000e+00 8.859380e-01 1.050915e-01 1.282862e-05 0.000000e+00 1.126284e-03 1.347706e-03 1.321955e-13
3.645000e+02 YPH 5 0 2 0.000000e+00 0.000000e+00 0.000000e+00 2.826732e-06 6.472607e-03 9.060483e-06 0.000000e+00 0.000000e+00 8.859378e-01 1.050913e-01 1.282700e-05 0.000000e+00 1.126119e-03 1.347505e-03 1.321789e-13
3.645000e+02 YPH 6 0 2 0.000000e+00 0.000000e+00 0.000000e+00 2.827288e-06 6.470484e-03 9.057551e-06 0.000000e+00 0.000000e+00 8.859385e-01 1.050917e-01 1.283150e-05 0.000000e+00 1.126560e-03 1.348040e-03 1.322250e-13
3.645000e+02 GZS 0 0 2 0.000000e+00 0.000000e+00 0.000000e+00 0.000000e+00 0.000000e+00 2.533941e-05 0.000000e+00 0.000000e+00 8.939312e-01 1.060434e-01 0.000000e+00 0.000000e+00 0.000000e+00 0.000000e+00 0.000000e+00
3.645000e+02 GZS 1 0 2 0.000000e+00 0.000000e+00 0.000000e+00 0.000000e+00 0.000000e+00 0.000000e+00 4.383371e-03 4.385963e-03 9.912307e-01 0.000000e+00 0.000000e+00 0.000000e+00 0.000000e+00 0.000000e+00 0.000000e+00
3.645000e+02 GZS 2 0 2 0.000000e+00 0.000000e+00 0.000000e+00 0.000000e+00 0.000000e+00 0.000000e+00 4.383364e-03 4.385951e-03 9.912307e-01 0.000000e+00 0.000000e+00 0.000000e+00 0.000000e+00 0.000000e+00 0.000000e+00
3.645000e+02 GZS 3 0 2 0.000000e+00 0.000000e+00 0.000000e+00 0.000000e+00 0.000000e+00 0.000000e+00 4.383949e-03 4.386515e-03 9.912295e-01 0.000000e+00 0.000000e+00 0.000000e+00 0.000000e+00 0.000000e+00 0.000000e+00
3.645000e+02 GZS 4 0 2 0.000000e+00 0.000000e+00 0.000000e+00 0.000000e+00 0.000000e+00 0.000000e+00 4.384252e-03 4.386811e-03 9.912289e-01 0.000000e+00 0.000000e+00 0.000000e+00 0.000000e+00 0.000000e+00 0.000000e+00
3.645000e+02 RDG 0 0 2 0.000000e+00 0.000000e+00 0.000000e+00 0.000000e+00 2.603268e-02 2.732525e-05 0.000000e+00 0.000000e+00 7.739420e-01 9.177574e-02 5.872619e-04 0.000000e+00 4.886847e-02 5.876655e-02 5.724443e-12
3.645000e+02 RDG 1 0 2 0.000000e+00 0.000000e+00 0.000000e+00 0.000000e+00 2.769214e-02 2.906708e-05 0.000000e+00 0.000000e+00 7.726707e-01 9.162465e-02 5.862278e-04 0.000000e+00 4.876886e-02 5.862835e-02 5.714896e-12
3.645000e+02 RDG 2 0 2 0.000000e+00 0.000000e+00 0.000000e+00 0.000000e+00 1.019059e-01 7.132087e-06 0.000000e+00 0.000000e+00 0.000000e+00 0.000000e+00 4.828526e-03 0.000000e+00 4.044143e-01 4.888441e-01 4.699695e-11
3.645000e+02 RDG 3 0 2 0.000000e+00 0.000000e+00 0.000000e+00 0.000000e+00 2.869703e-02 2.008414e-06 0.000000e+00 0.000000e+00 0.000000e+00 0.000000e+00 5.227722e-03 0.000000e+00 4.372321e-01 5.288412e-01 5.081275e-11
3.645000e+02 RDG 4 0 2 0.000000e+00 0.000000e+00 0.000000e+00 0.000000e+00 3.442391e-02 2.409221e-06 0.000000e+00 0.000000e+00 0.000000e+00 0.000000e+00 5.195536e-03 0.000000e+00 4.346849e-01 5.256933e-01 5.051571e-11
3.645000e+02 DRE 0 0 1 0.000000e+00 0.000000e+00 0.000000e+00 0.000000e+00 0.000000e+00 0.000000e+00 4.420401e-05 4.422116e-05 8.761327e-01 1.039128e-01 0.000000e+00 0.000000e+00 2.496452e-03 1.736955e-02 4.233908e-13
3.645000e+02 CHI 0 0 1 0.000000e+00 0.000000e+00 0.000000e+00 0.000000e+00 0.000000e+00 0.000000e+00 0.000000e+00 0.000000e+00 0.000000e+00 0.000000e+00 0.000000e+00 0.000000e+00 2.551238e-01 7.448762e-01 1.913078e-12
3.645000e+02 CAL 0 0 1 0.000000e+00 0.000000e+00 0.000000e+00 0.000000e+00 0.000000e+00 0.000000e+00 1.379188e-02 1.379954e-02 0.000000e+00 0.000000e+00 0.000000e+00 0.000000e+00 4.655355e-01 5.068731e-01 5.995616e-11
3.645000e+02 ROT 0 0 1 0.000000e+00 0.000000e+00 0.000000e+00 0.000000e+00 0.000000e+00 0.000000e+00 1.379110e-02 1.379877e-02 0.000000e+00 0.000000e+00 0.000000e+00 0.000000e+00 4.655298e-01 5.068803e-01 5.994977e-11
